iter,timestep,episodes,train_fidelity,train_pulses,eval_fidelity,eval_pulses
1,256,256,0.100241,6.0000,,
2,512,256,0.111255,6.0000,,
3,768,256,0.113340,6.0000,,
4,1024,256,0.130828,6.0000,,
5,1280,256,0.126762,6.0000,,
6,1536,256,0.138093,6.0000,,
7,1792,256,0.135375,6.0000,,
8,2048,256,0.132687,6.0000,,
9,2304,256,0.165901,6.0000,,
10,2560,256,0.194712,6.0000,,
11,2816,256,0.185026,6.0000,,
12,3072,256,0.173335,6.0000,,
13,3328,256,0.199989,6.0000,,
14,3584,256,0.191612,6.0000,,
15,3840,256,0.179569,6.0000,,
16,4096,256,0.191582,6.0000,,
17,4352,256,0.242088,6.0000,,
18,4608,256,0.210009,6.0000,,
19,4864,256,0.230983,6.0000,,
20,5120,256,0.218820,6.0000,,
21,5376,256,0.249173,6.0000,,
22,5632,256,0.240415,6.0000,,
23,5888,256,0.238296,6.0000,,
24,6144,256,0.256329,6.0000,,
25,6400,256,0.274752,6.0000,,
26,6656,256,0.266959,6.0000,,
27,6912,256,0.266256,6.0000,,
28,7168,256,0.280995,6.0000,,
29,7424,256,0.261486,6.0000,,
30,7680,256,0.261730,6.0000,,
31,7936,256,0.287151,6.0000,,
32,8192,256,0.292724,6.0000,,
33,8448,256,0.290037,6.0000,,
34,8704,256,0.321748,6.0000,,
35,8960,256,0.309977,6.0000,,
36,9216,256,0.310349,6.0000,,
37,9472,256,0.324106,6.0000,,
38,9728,256,0.318255,6.0000,,
39,9984,256,0.330817,6.0000,,
40,10240,256,0.338707,6.0000,,
41,10496,256,0.329187,6.0000,,
42,10752,256,0.341334,6.0000,,
43,11008,256,0.344094,6.0000,,
44,11264,256,0.356349,6.0000,,
45,11520,256,0.386763,6.0000,,
46,11776,256,0.363329,6.0000,,
47,12032,256,0.367778,6.0000,,
48,12288,256,0.386439,6.0000,,
49,12544,256,0.413757,6.0000,,
50,12800,256,0.415523,6.0000,,
51,13056,256,0.369636,6.0000,,
52,13312,256,0.382849,6.0000,,
53,13568,256,0.418944,6.0000,,
54,13824,256,0.405482,6.0000,,
55,14080,256,0.386563,6.0000,,
56,14336,256,0.385711,6.0000,,
57,14592,256,0.409352,6.0000,,
58,14848,256,0.439063,6.0000,,
59,15104,256,0.427877,6.0000,,
60,15360,256,0.429884,6.0000,,
61,15616,256,0.432592,6.0000,,
62,15872,256,0.446189,6.0000,,
63,16128,256,0.424116,6.0000,,
64,16384,256,0.444978,6.0000,,
65,16640,256,0.445948,6.0000,,
66,16896,256,0.448022,6.0000,,
67,17152,256,0.478616,6.0000,,
68,17408,256,0.478208,6.0000,,
69,17664,256,0.520805,6.0000,,
70,17920,256,0.509157,6.0000,,
71,18176,256,0.543410,6.0000,,
72,18432,256,0.533701,6.0000,,
73,18688,256,0.587844,6.0000,,
74,18944,256,0.539242,6.0000,,
75,19200,256,0.575306,6.0000,,
76,19456,256,0.561981,6.0000,,
77,19712,256,0.584565,6.0000,,
78,19968,256,0.613222,6.0000,,
79,20224,256,0.594045,6.0000,,
80,20480,256,0.604365,6.0000,,
81,20736,256,0.608678,6.0000,,
82,20992,256,0.616580,6.0000,,
83,21248,256,0.613777,6.0000,,
84,21504,256,0.655217,6.0000,,
85,21760,256,0.614483,6.0000,,
86,22016,256,0.642455,6.0000,,
87,22272,256,0.653107,6.0000,,
88,22528,256,0.642567,6.0000,,
89,22784,256,0.628946,6.0000,,
90,23040,256,0.663183,6.0000,,
91,23296,256,0.654160,6.0000,,
92,23552,256,0.663059,6.0000,,
93,23808,256,0.650624,6.0000,,
94,24064,256,0.668149,6.0000,,
95,24320,256,0.677969,6.0000,,
96,24576,256,0.668332,6.0000,,
97,24832,256,0.652970,6.0000,,
98,25088,256,0.666749,6.0000,,
99,25344,256,0.684693,6.0000,,
100,25600,256,0.661613,6.0000,0.644779,6.0000
101,25856,256,0.662299,6.0000,,
102,26112,256,0.694234,6.0000,,
103,26368,256,0.667983,6.0000,,
104,26624,256,0.689964,6.0000,,
105,26880,256,0.648312,6.0000,,
106,27136,256,0.657905,6.0000,,
107,27392,256,0.685421,6.0000,,
108,27648,256,0.710390,6.0000,,
109,27904,256,0.720031,6.0000,,
110,28160,256,0.683846,6.0000,,
111,28416,256,0.691922,6.0000,,
112,28672,256,0.716990,6.0000,,
113,28928,256,0.697690,6.0000,,
114,29184,256,0.702527,6.0000,,
115,29440,256,0.727357,6.0000,,
116,29696,256,0.706914,6.0000,,
117,29952,256,0.703323,6.0000,,
118,30208,256,0.743844,6.0000,,
119,30464,256,0.702288,6.0000,,
120,30720,256,0.754337,6.0000,,
121,30976,256,0.744299,6.0000,,
122,31232,256,0.760433,6.0000,,
123,31488,256,0.714292,6.0000,,
124,31744,256,0.720402,6.0000,,
125,32000,256,0.734333,6.0000,,
126,32256,256,0.726098,6.0000,,
127,32512,256,0.716714,6.0000,,
128,32768,256,0.754170,6.0000,,
129,33024,256,0.758287,6.0000,,
130,33280,256,0.761742,6.0000,,
131,33536,256,0.755446,6.0000,,
132,33792,256,0.742491,6.0000,,
133,34048,256,0.745580,6.0000,,
134,34304,256,0.769166,6.0000,,
135,34560,256,0.761301,6.0000,,
136,34816,256,0.766121,6.0000,,
137,35072,256,0.731241,6.0000,,
138,35328,256,0.782451,6.0000,,
139,35584,256,0.788248,6.0000,,
140,35840,256,0.784204,6.0000,,
141,36096,256,0.784850,6.0000,,
142,36352,256,0.765738,6.0000,,
143,36608,256,0.798858,6.0000,,
144,36864,256,0.776713,6.0000,,
145,37120,256,0.768954,6.0000,,
146,37376,256,0.786803,6.0000,,
147,37632,256,0.761926,6.0000,,
148,37888,256,0.768009,6.0000,,
149,38144,256,0.776983,6.0000,,
150,38400,256,0.795624,6.0000,,
151,38656,256,0.788528,6.0000,,
152,38912,256,0.815020,6.0000,,
153,39168,256,0.800684,6.0000,,
154,39424,256,0.799209,6.0000,,
155,39680,256,0.812746,6.0000,,
156,39936,256,0.775635,6.0000,,
157,40192,256,0.795607,6.0000,,
158,40448,256,0.826349,6.0000,,
159,40704,256,0.810766,6.0000,,
160,40960,256,0.808812,6.0000,,
161,41216,256,0.793917,6.0000,,
162,41472,256,0.797866,6.0000,,
163,41728,256,0.790493,6.0000,,
164,41984,256,0.830116,6.0000,,
165,42240,256,0.813733,6.0000,,
166,42496,256,0.802334,6.0000,,
167,42752,256,0.824899,6.0000,,
168,43008,256,0.807319,6.0000,,
169,43264,256,0.838904,6.0000,,
170,43520,256,0.810047,6.0000,,
171,43776,256,0.811609,6.0000,,
172,44032,256,0.798582,6.0000,,
173,44288,256,0.820650,6.0000,,
174,44544,256,0.827817,6.0000,,
175,44800,256,0.815300,6.0000,,
176,45056,256,0.803357,6.0000,,
177,45312,256,0.811864,6.0000,,
178,45568,256,0.811464,6.0000,,
179,45824,256,0.850210,6.0000,,
180,46080,256,0.826781,6.0000,,
181,46336,256,0.835652,6.0000,,
182,46592,256,0.842986,6.0000,,
183,46848,256,0.840263,6.0000,,
184,47104,256,0.829352,6.0000,,
185,47360,256,0.831667,6.0000,,
186,47616,256,0.827615,6.0000,,
187,47872,256,0.818753,6.0000,,
188,48128,256,0.830848,6.0000,,
189,48384,256,0.831761,6.0000,,
190,48640,256,0.808138,6.0000,,
191,48896,256,0.826319,6.0000,,
192,49152,256,0.841216,6.0000,,
193,49408,256,0.828879,6.0000,,
194,49664,256,0.827988,6.0000,,
195,49920,256,0.839271,6.0000,,
196,50176,256,0.840453,6.0000,,
197,50432,256,0.853612,6.0000,,
198,50688,256,0.858973,6.0000,,
199,50944,256,0.834823,6.0000,,
200,51200,256,0.826587,6.0000,0.847695,6.0000
201,51456,256,0.848700,6.0000,,
202,51712,256,0.846397,6.0000,,
203,51968,256,0.856610,6.0000,,
204,52224,256,0.847195,6.0000,,
205,52480,256,0.862478,6.0000,,
206,52736,256,0.862202,6.0000,,
207,52992,256,0.828964,6.0000,,
208,53248,256,0.850858,6.0000,,
209,53504,256,0.866452,6.0000,,
210,53760,256,0.856775,6.0000,,
211,54016,256,0.862017,6.0000,,
212,54272,256,0.854239,6.0000,,
213,54528,256,0.864206,6.0000,,
214,54784,256,0.858975,6.0000,,
215,55040,256,0.872184,6.0000,,
216,55296,256,0.841134,6.0000,,
217,55552,256,0.838703,6.0000,,
218,55808,256,0.833130,6.0000,,
219,56064,256,0.872873,6.0000,,
220,56320,256,0.855993,6.0000,,
221,56576,256,0.850765,6.0000,,
222,56832,256,0.872716,6.0000,,
223,57088,256,0.839669,6.0000,,
224,57344,256,0.862419,6.0000,,
225,57600,256,0.869339,6.0000,,
226,57856,256,0.843557,6.0000,,
227,58112,256,0.857346,6.0000,,
228,58368,256,0.866349,6.0000,,
229,58624,256,0.867079,6.0000,,
230,58880,256,0.868073,6.0000,,
231,59136,256,0.874723,6.0000,,
232,59392,256,0.858675,6.0000,,
233,59648,256,0.850580,6.0000,,
234,59904,256,0.877280,6.0000,,
235,60160,256,0.874501,6.0000,,
236,60416,256,0.866534,6.0000,,
237,60672,256,0.891889,6.0000,,
238,60928,256,0.871728,6.0000,,
239,61184,256,0.870530,6.0000,,
240,61440,256,0.881772,6.0000,,
241,61696,256,0.891621,6.0000,,
242,61952,256,0.887315,6.0000,,
243,62208,256,0.862507,6.0000,,
244,62464,256,0.871577,6.0000,,
245,62720,256,0.860163,6.0000,,
246,62976,256,0.859859,6.0000,,
247,63232,256,0.869908,6.0000,,
248,63488,256,0.866192,6.0000,,
249,63744,256,0.867199,6.0000,,
250,64000,256,0.866718,6.0000,,
251,64256,256,0.878634,6.0000,,
252,64512,256,0.873786,6.0000,,
253,64768,256,0.884974,6.0000,,
254,65024,256,0.879651,6.0000,,
255,65280,256,0.891748,6.0000,,
256,65536,256,0.874352,6.0000,,
257,65792,256,0.892104,6.0000,,
258,66048,256,0.886295,6.0000,,
259,66304,256,0.886843,6.0000,,
260,66560,256,0.893171,6.0000,,
261,66816,256,0.896335,6.0000,,
262,67072,256,0.876121,6.0000,,
263,67328,256,0.877138,6.0000,,
264,67584,256,0.883343,6.0000,,
265,67840,256,0.884172,6.0000,,
266,68096,256,0.868369,6.0000,,
267,68352,256,0.848929,6.0000,,
268,68608,256,0.885212,6.0000,,
269,68864,256,0.853942,6.0000,,
270,69120,256,0.897578,6.0000,,
271,69376,256,0.864908,6.0000,,
272,69632,256,0.902231,6.0000,,
273,69888,256,0.870785,6.0000,,
274,70144,256,0.870952,6.0000,,
275,70400,256,0.885296,6.0000,,
276,70656,256,0.911122,6.0000,,
277,70912,256,0.886064,6.0000,,
278,71168,256,0.887613,6.0000,,
279,71424,256,0.885982,6.0000,,
280,71680,256,0.896835,6.0000,,
281,71936,256,0.889823,6.0000,,
282,72192,256,0.881256,6.0000,,
283,72448,256,0.885792,6.0000,,
284,72704,256,0.887100,6.0000,,
285,72960,256,0.878767,6.0000,,
286,73216,256,0.870018,6.0000,,
287,73472,256,0.899866,6.0000,,
288,73728,256,0.888831,6.0000,,
289,73984,256,0.894299,6.0000,,
290,74240,256,0.905109,6.0000,,
291,74496,256,0.897940,6.0000,,
292,74752,256,0.902621,6.0000,,
293,75008,256,0.889955,6.0000,,
294,75264,256,0.888305,6.0000,,
295,75520,256,0.899736,6.0000,,
296,75776,256,0.905056,6.0000,,
297,76032,256,0.880112,6.0000,,
298,76288,256,0.901759,6.0000,,
299,76544,256,0.886392,6.0000,,
300,76800,256,0.884702,6.0000,0.932290,6.0000
301,77056,256,0.906253,6.0000,,
302,77312,256,0.902528,6.0000,,
303,77568,256,0.887733,6.0000,,
304,77824,256,0.896804,6.0000,,
305,78080,256,0.894942,6.0000,,
306,78336,256,0.883085,6.0000,,
307,78592,256,0.884293,6.0000,,
308,78848,256,0.882837,6.0000,,
309,79104,256,0.899490,6.0000,,
310,79360,256,0.893273,6.0000,,
311,79616,256,0.883170,6.0000,,
312,79872,256,0.904114,6.0000,,
313,80128,256,0.897848,6.0000,,
314,80384,256,0.900589,6.0000,,
315,80640,256,0.891894,6.0000,,
316,80896,256,0.889971,6.0000,,
317,81152,256,0.902800,6.0000,,
318,81408,256,0.884203,6.0000,,
319,81664,256,0.895999,6.0000,,
320,81920,256,0.900806,6.0000,,
321,82176,256,0.907418,6.0000,,
322,82432,256,0.911406,6.0000,,
323,82688,256,0.896036,6.0000,,
324,82944,256,0.899158,6.0000,,
325,83200,256,0.905766,6.0000,,
326,83456,256,0.901210,6.0000,,
327,83712,256,0.907499,6.0000,,
328,83968,256,0.876502,6.0000,,
329,84224,256,0.890603,6.0000,,
330,84480,256,0.894013,6.0000,,
331,84736,256,0.905713,6.0000,,
332,84992,256,0.900261,6.0000,,
333,85248,256,0.897817,6.0000,,
334,85504,256,0.900164,6.0000,,
335,85760,256,0.899170,6.0000,,
336,86016,256,0.891334,6.0000,,
337,86272,256,0.903379,6.0000,,
338,86528,256,0.903876,6.0000,,
339,86784,256,0.914428,6.0000,,
340,87040,256,0.925482,6.0000,,
341,87296,256,0.908824,6.0000,,
342,87552,256,0.899179,6.0000,,
343,87808,256,0.910335,6.0000,,
344,88064,256,0.889677,6.0000,,
345,88320,256,0.904899,6.0000,,
346,88576,256,0.882656,6.0000,,
347,88832,256,0.928662,6.0000,,
348,89088,256,0.918481,6.0000,,
349,89344,256,0.917947,6.0000,,
350,89600,256,0.902557,6.0000,,
351,89856,256,0.903976,6.0000,,
352,90112,256,0.915693,6.0000,,
353,90368,256,0.912246,6.0000,,
354,90624,256,0.925728,6.0000,,
355,90880,256,0.915045,6.0000,,
356,91136,256,0.899892,6.0000,,
357,91392,256,0.917900,6.0000,,
358,91648,256,0.917434,6.0000,,
359,91904,256,0.904649,6.0000,,
360,92160,256,0.909353,6.0000,,
361,92416,256,0.903208,6.0000,,
362,92672,256,0.895961,6.0000,,
363,92928,256,0.898221,6.0000,,
364,93184,256,0.906521,6.0000,,
365,93440,256,0.912054,6.0000,,
366,93696,256,0.895574,6.0000,,
367,93952,256,0.929317,6.0000,,
368,94208,256,0.912170,6.0000,,
369,94464,256,0.912691,6.0000,,
370,94720,256,0.912024,6.0000,,
371,94976,256,0.913662,6.0000,,
372,95232,256,0.910788,6.0000,,
373,95488,256,0.907811,6.0000,,
374,95744,256,0.921186,6.0000,,
375,96000,256,0.914976,6.0000,,
376,96256,256,0.911333,6.0000,,
377,96512,256,0.927022,6.0000,,
378,96768,256,0.911054,6.0000,,
379,97024,256,0.914675,6.0000,,
380,97280,256,0.908755,6.0000,,
381,97536,256,0.912343,6.0000,,
382,97792,256,0.934705,6.0000,,
383,98048,256,0.920629,6.0000,,
384,98304,256,0.917768,6.0000,,
385,98560,256,0.918638,6.0000,,
386,98816,256,0.914680,6.0000,,
387,99072,256,0.919231,6.0000,,
388,99328,256,0.909195,6.0000,,
389,99584,256,0.911901,6.0000,,
390,99840,256,0.907670,6.0000,,
391,100096,256,0.910875,6.0000,,
392,100352,256,0.913405,6.0000,,
393,100608,256,0.905695,6.0000,,
394,100864,256,0.904811,6.0000,,
395,101120,256,0.919389,6.0000,,
396,101376,256,0.913819,6.0000,,
397,101632,256,0.929584,6.0000,,
398,101888,256,0.901833,6.0000,,
399,102144,256,0.914544,6.0000,,
400,102400,256,0.926426,6.0000,0.934624,6.0000
401,102656,256,0.929360,6.0000,,
402,102912,256,0.918768,6.0000,,
403,103168,256,0.905303,6.0000,,
404,103424,256,0.906930,6.0000,,
405,103680,256,0.915335,6.0000,,
406,103936,256,0.917626,6.0000,,
407,104192,256,0.914891,6.0000,,
408,104448,256,0.920241,6.0000,,
409,104704,256,0.927544,6.0000,,
410,104960,256,0.914571,6.0000,,
411,105216,256,0.909349,6.0000,,
412,105472,256,0.911009,6.0000,,
413,105728,256,0.923204,6.0000,,
414,105984,256,0.909557,6.0000,,
415,106240,256,0.909475,6.0000,,
416,106496,256,0.914362,6.0000,,
417,106752,256,0.917042,6.0000,,
418,107008,256,0.934607,6.0000,,
419,107264,256,0.932539,6.0000,,
420,107520,256,0.914512,6.0000,,
421,107776,256,0.900361,6.0000,,
422,108032,256,0.911199,6.0000,,
423,108288,256,0.914952,6.0000,,
424,108544,256,0.895985,6.0000,,
425,108800,256,0.909812,6.0000,,
426,109056,256,0.911534,6.0000,,
427,109312,256,0.932997,6.0000,,
428,109568,256,0.925604,6.0000,,
429,109824,256,0.912430,6.0000,,
430,110080,256,0.919046,6.0000,,
431,110336,256,0.918273,6.0000,,
432,110592,256,0.915656,6.0000,,
433,110848,256,0.933661,6.0000,,
434,111104,256,0.920079,6.0000,,
435,111360,256,0.927111,6.0000,,
436,111616,256,0.932560,6.0000,,
437,111872,256,0.929396,6.0000,,
438,112128,256,0.929939,6.0000,,
439,112384,256,0.915369,6.0000,,
440,112640,256,0.920350,6.0000,,
441,112896,256,0.907267,6.0000,,
442,113152,256,0.908102,6.0000,,
443,113408,256,0.931126,6.0000,,
444,113664,256,0.917730,6.0000,,
445,113920,256,0.924146,6.0000,,
446,114176,256,0.920810,6.0000,,
447,114432,256,0.928599,6.0000,,
448,114688,256,0.929856,6.0000,,
449,114944,256,0.937274,6.0000,,
450,115200,256,0.927469,6.0000,,
451,115456,256,0.932617,6.0000,,
452,115712,256,0.922453,6.0000,,
453,115968,256,0.920634,6.0000,,
454,116224,256,0.927956,6.0000,,
455,116480,256,0.918960,6.0000,,
456,116736,256,0.930130,6.0000,,
457,116992,256,0.937570,6.0000,,
458,117248,256,0.935164,6.0000,,
459,117504,256,0.926918,6.0000,,
460,117760,256,0.925608,6.0000,,
461,118016,256,0.922452,6.0000,,
462,118272,256,0.929648,6.0000,,
463,118528,256,0.913985,6.0000,,
464,118784,256,0.921697,6.0000,,
465,119040,256,0.938396,6.0000,,
466,119296,256,0.905600,6.0000,,
467,119552,256,0.928814,6.0000,,
468,119808,256,0.929781,6.0000,,
469,120064,256,0.913830,6.0000,,
470,120320,256,0.936461,6.0000,,
471,120576,256,0.911461,6.0000,,
472,120832,256,0.929050,6.0000,,
473,121088,256,0.929642,6.0000,,
474,121344,256,0.926731,6.0000,,
475,121600,256,0.923370,6.0000,,
476,121856,256,0.928498,6.0000,,
477,122112,256,0.931862,6.0000,,
478,122368,256,0.921141,6.0000,,
479,122624,256,0.906838,6.0000,,
480,122880,256,0.935266,6.0000,,
481,123136,256,0.933087,6.0000,,
482,123392,256,0.928607,6.0000,,
483,123648,256,0.934601,6.0000,,
484,123904,256,0.923654,6.0000,,
485,124160,256,0.942954,6.0000,,
486,124416,256,0.928500,6.0000,,
487,124672,256,0.924187,6.0000,,
488,124928,256,0.913167,6.0000,,
489,125184,256,0.942841,6.0000,,
490,125440,256,0.932429,6.0000,,
491,125696,256,0.915124,6.0000,,
492,125952,256,0.941443,6.0000,,
493,126208,256,0.925816,6.0000,,
494,126464,256,0.934213,6.0000,,
495,126720,256,0.913957,6.0000,,
496,126976,256,0.931690,6.0000,,
497,127232,256,0.936319,6.0000,,
498,127488,256,0.933408,6.0000,,
499,127744,256,0.939409,6.0000,,
500,128000,256,0.932749,6.0000,0.951240,6.0000
501,128256,256,0.937752,6.0000,,
502,128512,256,0.939363,6.0000,,
503,128768,256,0.931131,6.0000,,
504,129024,256,0.935335,6.0000,,
505,129280,256,0.932379,6.0000,,
506,129536,256,0.919280,6.0000,,
507,129792,256,0.917517,6.0000,,
508,130048,256,0.934723,6.0000,,
509,130304,256,0.916653,6.0000,,
510,130560,256,0.930662,6.0000,,
511,130816,256,0.929842,6.0000,,
512,131072,256,0.934714,6.0000,,
513,131328,256,0.924725,6.0000,,
514,131584,256,0.944735,6.0000,,
515,131840,256,0.923581,6.0000,,
516,132096,256,0.933992,6.0000,,
517,132352,256,0.930254,6.0000,,
518,132608,256,0.923711,6.0000,,
519,132864,256,0.937512,6.0000,,
520,133120,256,0.930256,6.0000,,
521,133376,256,0.926189,6.0000,,
522,133632,256,0.933023,6.0000,,
523,133888,256,0.933766,6.0000,,
524,134144,256,0.919965,6.0000,,
525,134400,256,0.934560,6.0000,,
526,134656,256,0.924362,6.0000,,
527,134912,256,0.925589,6.0000,,
528,135168,256,0.936959,6.0000,,
529,135424,256,0.935420,6.0000,,
530,135680,256,0.933688,6.0000,,
531,135936,256,0.942768,6.0000,,
532,136192,256,0.927968,6.0000,,
533,136448,256,0.941375,6.0000,,
534,136704,256,0.938575,6.0000,,
535,136960,256,0.930655,6.0000,,
536,137216,256,0.937939,6.0000,,
537,137472,256,0.935854,6.0000,,
538,137728,256,0.934923,6.0000,,
539,137984,256,0.934225,6.0000,,
540,138240,256,0.931677,6.0000,,
541,138496,256,0.936084,6.0000,,
542,138752,256,0.932183,6.0000,,
543,139008,256,0.915993,6.0000,,
544,139264,256,0.939635,6.0000,,
545,139520,256,0.938353,6.0000,,
546,139776,256,0.918034,6.0000,,
547,140032,256,0.924683,6.0000,,
548,140288,256,0.929923,6.0000,,
549,140544,256,0.923151,6.0000,,
550,140800,256,0.935763,6.0000,,
551,141056,256,0.940218,6.0000,,
552,141312,256,0.943092,6.0000,,
553,141568,256,0.919492,6.0000,,
554,141824,256,0.938653,6.0000,,
555,142080,256,0.930871,6.0000,,
556,142336,256,0.929937,6.0000,,
557,142592,256,0.938070,6.0000,,
558,142848,256,0.947246,6.0000,,
559,143104,256,0.940823,6.0000,,
560,143360,256,0.942305,6.0000,,
561,143616,256,0.931565,6.0000,,
562,143872,256,0.923778,6.0000,,
563,144128,256,0.940695,6.0000,,
564,144384,256,0.918274,6.0000,,
565,144640,256,0.924298,6.0000,,
566,144896,256,0.925124,6.0000,,
567,145152,256,0.925207,6.0000,,
568,145408,256,0.941734,6.0000,,
569,145664,256,0.934064,6.0000,,
570,145920,256,0.919733,6.0000,,
571,146176,256,0.945701,6.0000,,
572,146432,256,0.953554,6.0000,,
573,146688,256,0.941623,6.0000,,
574,146944,256,0.919535,6.0000,,
575,147200,256,0.929152,6.0000,,
576,147456,256,0.949467,6.0000,,
577,147712,256,0.932739,6.0000,,
578,147968,256,0.920723,6.0000,,
579,148224,256,0.933581,6.0000,,
580,148480,256,0.923308,6.0000,,
581,148736,256,0.947618,6.0000,,
582,148992,256,0.931759,6.0000,,
583,149248,256,0.937102,6.0000,,
584,149504,256,0.927331,6.0000,,
585,149760,256,0.926329,6.0000,,
586,150016,256,0.926281,6.0000,,
587,150272,256,0.948538,6.0000,,
588,150528,256,0.942506,6.0000,,
589,150784,256,0.944652,6.0000,,
590,151040,256,0.935823,6.0000,,
591,151296,256,0.945688,6.0000,,
592,151552,256,0.931427,6.0000,,
593,151808,256,0.937162,6.0000,,
594,152064,256,0.947367,6.0000,,
595,152320,256,0.932009,6.0000,,
596,152576,256,0.937946,6.0000,,
597,152832,256,0.938789,6.0000,,
598,153088,256,0.914921,6.0000,,
599,153344,256,0.939613,6.0000,,
600,153600,256,0.926497,6.0000,0.969699,6.0000
601,153856,256,0.941883,6.0000,,
602,154112,256,0.947263,6.0000,,
603,154368,256,0.929576,6.0000,,
604,154624,256,0.943245,6.0000,,
605,154880,256,0.938434,6.0000,,
606,155136,256,0.948344,6.0000,,
607,155392,256,0.927938,6.0000,,
608,155648,256,0.940065,6.0000,,
609,155904,256,0.926547,6.0000,,
610,156160,256,0.945221,6.0000,,
611,156416,256,0.953703,6.0000,,
612,156672,256,0.943340,6.0000,,
613,156928,256,0.930303,6.0000,,
614,157184,256,0.945439,6.0000,,
615,157440,256,0.950426,6.0000,,
616,157696,256,0.946586,6.0000,,
617,157952,256,0.942592,6.0000,,
618,158208,256,0.936340,6.0000,,
619,158464,256,0.932037,6.0000,,
620,158720,256,0.942114,6.0000,,
621,158976,256,0.932457,6.0000,,
622,159232,256,0.927827,6.0000,,
623,159488,256,0.941157,6.0000,,
624,159744,256,0.933818,6.0000,,
625,160000,256,0.951780,6.0000,,
626,160256,256,0.940707,6.0000,,
627,160512,256,0.949263,6.0000,,
628,160768,256,0.945352,6.0000,,
629,161024,256,0.949403,6.0000,,
630,161280,256,0.925456,6.0000,,
631,161536,256,0.946372,6.0000,,
632,161792,256,0.944483,6.0000,,
633,162048,256,0.941953,6.0000,,
634,162304,256,0.931272,6.0000,,
635,162560,256,0.952681,6.0000,,
636,162816,256,0.952792,6.0000,,
637,163072,256,0.941254,6.0000,,
638,163328,256,0.956148,6.0000,,
639,163584,256,0.930450,6.0000,,
640,163840,256,0.935182,6.0000,,
641,164096,256,0.946339,6.0000,,
642,164352,256,0.928851,6.0000,,
643,164608,256,0.934391,6.0000,,
644,164864,256,0.935362,6.0000,,
645,165120,256,0.936316,6.0000,,
646,165376,256,0.935850,6.0000,,
647,165632,256,0.948898,6.0000,,
648,165888,256,0.943767,6.0000,,
649,166144,256,0.949285,6.0000,,
650,166400,256,0.950051,6.0000,,
651,166656,256,0.939362,6.0000,,
652,166912,256,0.951523,6.0000,,
653,167168,256,0.952310,6.0000,,
654,167424,256,0.961395,6.0000,,
655,167680,256,0.953319,6.0000,,
656,167936,256,0.949160,6.0000,,
657,168192,256,0.941746,6.0000,,
658,168448,256,0.936272,6.0000,,
659,168704,256,0.953767,6.0000,,
660,168960,256,0.929882,6.0000,,
661,169216,256,0.944433,6.0000,,
662,169472,256,0.937936,6.0000,,
663,169728,256,0.921956,6.0000,,
664,169984,256,0.941599,6.0000,,
665,170240,256,0.947785,6.0000,,
666,170496,256,0.955656,6.0000,,
667,170752,256,0.939152,6.0000,,
668,171008,256,0.937005,6.0000,,
669,171264,256,0.944443,6.0000,,
670,171520,256,0.944251,6.0000,,
671,171776,256,0.938432,6.0000,,
672,172032,256,0.955149,6.0000,,
673,172288,256,0.935323,6.0000,,
674,172544,256,0.953258,6.0000,,
675,172800,256,0.951318,6.0000,,
676,173056,256,0.940403,6.0000,,
677,173312,256,0.948345,6.0000,,
678,173568,256,0.943226,6.0000,,
679,173824,256,0.944857,6.0000,,
680,174080,256,0.950911,6.0000,,
681,174336,256,0.944674,6.0000,,
682,174592,256,0.938363,6.0000,,
683,174848,256,0.939618,6.0000,,
684,175104,256,0.945824,6.0000,,
685,175360,256,0.949714,6.0000,,
686,175616,256,0.937044,6.0000,,
687,175872,256,0.945799,6.0000,,
688,176128,256,0.934832,6.0000,,
689,176384,256,0.950154,6.0000,,
690,176640,256,0.958013,6.0000,,
691,176896,256,0.957845,6.0000,,
692,177152,256,0.937407,6.0000,,
693,177408,256,0.955554,6.0000,,
694,177664,256,0.948146,6.0000,,
695,177920,256,0.946060,6.0000,,
696,178176,256,0.932364,6.0000,,
697,178432,256,0.951426,6.0000,,
698,178688,256,0.948162,6.0000,,
699,178944,256,0.941855,6.0000,,
700,179200,256,0.949931,6.0000,0.981887,6.0000
701,179456,256,0.926640,6.0000,,
702,179712,256,0.939783,6.0000,,
703,179968,256,0.957045,6.0000,,
704,180224,256,0.951047,6.0000,,
705,180480,256,0.941796,6.0000,,
706,180736,256,0.955158,6.0000,,
707,180992,256,0.952683,6.0000,,
708,181248,256,0.944533,6.0000,,
709,181504,256,0.949706,6.0000,,
710,181760,256,0.945244,6.0000,,
711,182016,256,0.952921,6.0000,,
712,182272,256,0.934430,6.0000,,
713,182528,256,0.943556,6.0000,,
714,182784,256,0.940270,6.0000,,
715,183040,256,0.951475,6.0000,,
716,183296,256,0.954330,6.0000,,
717,183552,256,0.944131,6.0000,,
718,183808,256,0.938201,6.0000,,
719,184064,256,0.929559,6.0000,,
720,184320,256,0.940920,6.0000,,
721,184576,256,0.947757,6.0000,,
722,184832,256,0.945722,6.0000,,
723,185088,256,0.944186,6.0000,,
724,185344,256,0.944060,6.0000,,
725,185600,256,0.945381,6.0000,,
726,185856,256,0.950497,6.0000,,
727,186112,256,0.938259,6.0000,,
728,186368,256,0.940169,6.0000,,
729,186624,256,0.944014,6.0000,,
730,186880,256,0.957727,6.0000,,
731,187136,256,0.937380,6.0000,,
732,187392,256,0.945906,6.0000,,
733,187648,256,0.955996,6.0000,,
734,187904,256,0.932518,6.0000,,
735,188160,256,0.933735,6.0000,,
736,188416,256,0.942259,6.0000,,
737,188672,256,0.956888,6.0000,,
738,188928,256,0.944457,6.0000,,
739,189184,256,0.936030,6.0000,,
740,189440,256,0.956313,6.0000,,
741,189696,256,0.938146,6.0000,,
742,189952,256,0.952887,6.0000,,
743,190208,256,0.928439,6.0000,,
744,190464,256,0.944569,6.0000,,
745,190720,256,0.950842,6.0000,,
746,190976,256,0.947977,6.0000,,
747,191232,256,0.940050,6.0000,,
748,191488,256,0.940848,6.0000,,
749,191744,256,0.952983,6.0000,,
750,192000,256,0.951241,6.0000,,
751,192256,256,0.947041,6.0000,,
752,192512,256,0.935062,6.0000,,
753,192768,256,0.943203,6.0000,,
754,193024,256,0.963620,6.0000,,
755,193280,256,0.940769,6.0000,,
756,193536,256,0.941300,6.0000,,
757,193792,256,0.953926,6.0000,,
758,194048,256,0.943566,6.0000,,
759,194304,256,0.953675,6.0000,,
760,194560,256,0.959669,6.0000,,
761,194816,256,0.947327,6.0000,,
762,195072,256,0.954343,6.0000,,
763,195328,256,0.938726,6.0000,,
764,195584,256,0.961594,6.0000,,
765,195840,256,0.950109,6.0000,,
766,196096,256,0.935127,6.0000,,
767,196352,256,0.955913,6.0000,,
768,196608,256,0.945405,6.0000,,
769,196864,256,0.955622,6.0000,,
770,197120,256,0.929276,6.0000,,
771,197376,256,0.939142,6.0000,,
772,197632,256,0.960114,6.0000,,
773,197888,256,0.941133,6.0000,,
774,198144,256,0.950009,6.0000,,
775,198400,256,0.930750,6.0000,,
776,198656,256,0.942735,6.0000,,
777,198912,256,0.952441,6.0000,,
778,199168,256,0.955093,6.0000,,
779,199424,256,0.946004,6.0000,,
780,199680,256,0.951946,6.0000,,
781,199936,256,0.941457,6.0000,,
782,200192,256,0.939085,6.0000,,
783,200448,256,0.952061,6.0000,,
784,200704,256,0.950033,6.0000,,
785,200960,256,0.962527,6.0000,,
786,201216,256,0.956847,6.0000,,
787,201472,256,0.941405,6.0000,,
788,201728,256,0.946627,6.0000,,
789,201984,256,0.953049,6.0000,,
790,202240,256,0.944261,6.0000,,
791,202496,256,0.959483,6.0000,,
792,202752,256,0.944608,6.0000,,
793,203008,256,0.934296,6.0000,,
794,203264,256,0.946190,6.0000,,
795,203520,256,0.948666,6.0000,,
796,203776,256,0.941740,6.0000,,
797,204032,256,0.950689,6.0000,,
798,204288,256,0.945479,6.0000,,
799,204544,256,0.955698,6.0000,,
800,204800,256,0.955983,6.0000,0.984002,6.0000
801,205056,256,0.942709,6.0000,,
802,205312,256,0.952633,6.0000,,
803,205568,256,0.934480,6.0000,,
804,205824,256,0.963054,6.0000,,
805,206080,256,0.937306,6.0000,,
806,206336,256,0.943325,6.0000,,
807,206592,256,0.943588,6.0000,,
808,206848,256,0.945439,6.0000,,
809,207104,256,0.960743,6.0000,,
810,207360,256,0.950344,6.0000,,
811,207616,256,0.944381,6.0000,,
812,207872,256,0.952181,6.0000,,
813,208128,256,0.939716,6.0000,,
814,208384,256,0.960765,6.0000,,
815,208640,256,0.948121,6.0000,,
816,208896,256,0.954113,6.0000,,
817,209152,256,0.941122,6.0000,,
818,209408,256,0.946041,6.0000,,
819,209664,256,0.948458,6.0000,,
820,209920,256,0.954341,6.0000,,
821,210176,256,0.947697,6.0000,,
822,210432,256,0.954902,6.0000,,
823,210688,256,0.951219,6.0000,,
824,210944,256,0.947429,6.0000,,
825,211200,256,0.945294,6.0000,,
826,211456,256,0.955776,6.0000,,
827,211712,256,0.960542,6.0000,,
828,211968,256,0.957028,6.0000,,
829,212224,256,0.948442,6.0000,,
830,212480,256,0.947364,6.0000,,
831,212736,256,0.948577,6.0000,,
832,212992,256,0.966237,6.0000,,
833,213248,256,0.949986,6.0000,,
834,213504,256,0.948419,6.0000,,
835,213760,256,0.932950,6.0000,,
836,214016,256,0.944401,6.0000,,
837,214272,256,0.957346,6.0000,,
838,214528,256,0.957062,6.0000,,
839,214784,256,0.956282,6.0000,,
840,215040,256,0.943298,6.0000,,
841,215296,256,0.946108,6.0000,,
842,215552,256,0.963725,6.0000,,
843,215808,256,0.953557,6.0000,,
844,216064,256,0.935463,6.0000,,
845,216320,256,0.959284,6.0000,,
846,216576,256,0.941362,6.0000,,
847,216832,256,0.961456,6.0000,,
848,217088,256,0.946657,6.0000,,
849,217344,256,0.951494,6.0000,,
850,217600,256,0.946593,6.0000,,
851,217856,256,0.941794,6.0000,,
852,218112,256,0.952699,6.0000,,
853,218368,256,0.958402,6.0000,,
854,218624,256,0.938998,6.0000,,
855,218880,256,0.949589,6.0000,,
856,219136,256,0.948223,6.0000,,
857,219392,256,0.955704,6.0000,,
858,219648,256,0.955855,6.0000,,
859,219904,256,0.950966,6.0000,,
860,220160,256,0.951248,6.0000,,
861,220416,256,0.961304,6.0000,,
862,220672,256,0.949156,6.0000,,
863,220928,256,0.948508,6.0000,,
864,221184,256,0.951820,6.0000,,
865,221440,256,0.930873,6.0000,,
866,221696,256,0.943107,6.0000,,
867,221952,256,0.959298,6.0000,,
868,222208,256,0.956593,6.0000,,
869,222464,256,0.953469,6.0000,,
870,222720,256,0.943610,6.0000,,
871,222976,256,0.942307,6.0000,,
872,223232,256,0.944692,6.0000,,
873,223488,256,0.955953,6.0000,,
874,223744,256,0.941382,6.0000,,
875,224000,256,0.945030,6.0000,,
876,224256,256,0.952157,6.0000,,
877,224512,256,0.957689,6.0000,,
878,224768,256,0.946596,6.0000,,
879,225024,256,0.956577,6.0000,,
880,225280,256,0.964751,6.0000,,
881,225536,256,0.958381,6.0000,,
882,225792,256,0.941821,6.0000,,
883,226048,256,0.957082,6.0000,,
884,226304,256,0.960416,6.0000,,
885,226560,256,0.959254,6.0000,,
886,226816,256,0.958519,6.0000,,
887,227072,256,0.947744,6.0000,,
888,227328,256,0.958418,6.0000,,
889,227584,256,0.949119,6.0000,,
890,227840,256,0.948983,6.0000,,
891,228096,256,0.945772,6.0000,,
892,228352,256,0.956122,6.0000,,
893,228608,256,0.962227,6.0000,,
894,228864,256,0.959606,6.0000,,
895,229120,256,0.965171,6.0000,,
896,229376,256,0.945753,6.0000,,
897,229632,256,0.952468,6.0000,,
898,229888,256,0.955905,6.0000,,
899,230144,256,0.945418,6.0000,,
900,230400,256,0.959671,6.0000,0.982540,6.0000
901,230656,256,0.957509,6.0000,,
902,230912,256,0.943567,6.0000,,
903,231168,256,0.951605,6.0000,,
904,231424,256,0.952586,6.0000,,
905,231680,256,0.963617,6.0000,,
906,231936,256,0.949408,6.0000,,
907,232192,256,0.959632,6.0000,,
908,232448,256,0.962831,6.0000,,
909,232704,256,0.949112,6.0000,,
910,232960,256,0.965788,6.0000,,
911,233216,256,0.962490,6.0000,,
912,233472,256,0.957017,6.0000,,
913,233728,256,0.958199,6.0000,,
914,233984,256,0.958302,6.0000,,
915,234240,256,0.957819,6.0000,,
916,234496,256,0.962226,6.0000,,
917,234752,256,0.959161,6.0000,,
918,235008,256,0.949150,6.0000,,
919,235264,256,0.954987,6.0000,,
920,235520,256,0.950986,6.0000,,
921,235776,256,0.957477,6.0000,,
922,236032,256,0.940726,6.0000,,
923,236288,256,0.962643,6.0000,,
924,236544,256,0.948929,6.0000,,
925,236800,256,0.955419,6.0000,,
926,237056,256,0.956274,6.0000,,
927,237312,256,0.952355,6.0000,,
928,237568,256,0.955725,6.0000,,
929,237824,256,0.962021,6.0000,,
930,238080,256,0.964888,6.0000,,
931,238336,256,0.958554,6.0000,,
932,238592,256,0.947902,6.0000,,
933,238848,256,0.958420,6.0000,,
934,239104,256,0.958849,6.0000,,
935,239360,256,0.965707,6.0000,,
936,239616,256,0.958934,6.0000,,
937,239872,256,0.950105,6.0000,,
938,240128,256,0.946986,6.0000,,
939,240384,256,0.949885,6.0000,,
940,240640,256,0.964968,6.0000,,
941,240896,256,0.952853,6.0000,,
942,241152,256,0.947656,6.0000,,
943,241408,256,0.955079,6.0000,,
944,241664,256,0.959333,6.0000,,
945,241920,256,0.958800,6.0000,,
946,242176,256,0.959205,6.0000,,
947,242432,256,0.959020,6.0000,,
948,242688,256,0.948830,6.0000,,
949,242944,256,0.961536,6.0000,,
950,243200,256,0.952670,6.0000,,
951,243456,256,0.954015,6.0000,,
952,243712,256,0.948426,6.0000,,
953,243968,256,0.951233,6.0000,,
954,244224,256,0.951213,6.0000,,
955,244480,256,0.961568,6.0000,,
956,244736,256,0.949369,6.0000,,
957,244992,256,0.941235,6.0000,,
958,245248,256,0.957323,6.0000,,
959,245504,256,0.957444,6.0000,,
960,245760,256,0.965827,6.0000,,
961,246016,256,0.956578,6.0000,,
962,246272,256,0.947432,6.0000,,
963,246528,256,0.946257,6.0000,,
964,246784,256,0.962128,6.0000,,
965,247040,256,0.967672,6.0000,,
966,247296,256,0.961573,6.0000,,
967,247552,256,0.952783,6.0000,,
968,247808,256,0.952124,6.0000,,
969,248064,256,0.954442,6.0000,,
970,248320,256,0.952275,6.0000,,
971,248576,256,0.943849,6.0000,,
972,248832,256,0.949673,6.0000,,
973,249088,256,0.954704,6.0000,,
974,249344,256,0.952617,6.0000,,
975,249600,256,0.957458,6.0000,,
976,249856,256,0.962353,6.0000,,
977,250112,256,0.948316,6.0000,,
978,250368,256,0.962450,6.0000,,
979,250624,256,0.951848,6.0000,,
980,250880,256,0.962269,6.0000,,
981,251136,256,0.956790,6.0000,,
982,251392,256,0.958093,6.0000,,
983,251648,256,0.952487,6.0000,,
984,251904,256,0.951940,6.0000,,
985,252160,256,0.958139,6.0000,,
986,252416,256,0.955279,6.0000,,
987,252672,256,0.953885,6.0000,,
988,252928,256,0.964612,6.0000,,
989,253184,256,0.952322,6.0000,,
990,253440,256,0.952023,6.0000,,
991,253696,256,0.954728,6.0000,,
992,253952,256,0.953551,6.0000,,
993,254208,256,0.955781,6.0000,,
994,254464,256,0.954381,6.0000,,
995,254720,256,0.951476,6.0000,,
996,254976,256,0.948890,6.0000,,
997,255232,256,0.952223,6.0000,,
998,255488,256,0.951169,6.0000,,
999,255744,256,0.954627,6.0000,,
1000,256000,256,0.954517,6.0000,0.978554,6.0000
1001,256256,256,0.967843,6.0000,,
1002,256512,256,0.948772,6.0000,,
1003,256768,256,0.963924,6.0000,,
1004,257024,256,0.948265,6.0000,,
1005,257280,256,0.956346,6.0000,,
1006,257536,256,0.955482,6.0000,,
1007,257792,256,0.960644,6.0000,,
1008,258048,256,0.966446,6.0000,,
1009,258304,256,0.966768,6.0000,,
1010,258560,256,0.946640,6.0000,,
1011,258816,256,0.951647,6.0000,,
1012,259072,256,0.947117,6.0000,,
1013,259328,256,0.953209,6.0000,,
1014,259584,256,0.957060,6.0000,,
1015,259840,256,0.961950,6.0000,,
1016,260096,256,0.948162,6.0000,,
1017,260352,256,0.960551,6.0000,,
1018,260608,256,0.962891,6.0000,,
1019,260864,256,0.957682,6.0000,,
1020,261120,256,0.950807,6.0000,,
1021,261376,256,0.962194,6.0000,,
1022,261632,256,0.949456,6.0000,,
1023,261888,256,0.958615,6.0000,,
1024,262144,256,0.959415,6.0000,,
1025,262400,256,0.955831,6.0000,,
1026,262656,256,0.958443,6.0000,,
1027,262912,256,0.954178,6.0000,,
1028,263168,256,0.964077,6.0000,,
1029,263424,256,0.952717,6.0000,,
1030,263680,256,0.968129,6.0000,,
1031,263936,256,0.951909,6.0000,,
1032,264192,256,0.947011,6.0000,,
1033,264448,256,0.957818,6.0000,,
1034,264704,256,0.964784,6.0000,,
1035,264960,256,0.953024,6.0000,,
1036,265216,256,0.957325,6.0000,,
1037,265472,256,0.954235,6.0000,,
1038,265728,256,0.968986,6.0000,,
1039,265984,256,0.955595,6.0000,,
1040,266240,256,0.954659,6.0000,,
1041,266496,256,0.964746,6.0000,,
1042,266752,256,0.958736,6.0000,,
1043,267008,256,0.946246,6.0000,,
1044,267264,256,0.927723,6.0000,,
1045,267520,256,0.947435,6.0000,,
1046,267776,256,0.957776,6.0000,,
1047,268032,256,0.956644,6.0000,,
1048,268288,256,0.946993,6.0000,,
1049,268544,256,0.943743,6.0000,,
1050,268800,256,0.954634,6.0000,,
1051,269056,256,0.959566,6.0000,,
1052,269312,256,0.961639,6.0000,,
1053,269568,256,0.952812,6.0000,,
1054,269824,256,0.959745,6.0000,,
1055,270080,256,0.955497,6.0000,,
1056,270336,256,0.959921,6.0000,,
1057,270592,256,0.945686,6.0000,,
1058,270848,256,0.947295,6.0000,,
1059,271104,256,0.957083,6.0000,,
1060,271360,256,0.961131,6.0000,,
1061,271616,256,0.956459,6.0000,,
1062,271872,256,0.965905,6.0000,,
1063,272128,256,0.955312,6.0000,,
1064,272384,256,0.971906,6.0000,,
1065,272640,256,0.958873,6.0000,,
1066,272896,256,0.961543,6.0000,,
1067,273152,256,0.971646,6.0000,,
1068,273408,256,0.943220,6.0000,,
1069,273664,256,0.962617,6.0000,,
1070,273920,256,0.962111,6.0000,,
1071,274176,256,0.962859,6.0000,,
1072,274432,256,0.965132,6.0000,,
1073,274688,256,0.963649,6.0000,,
1074,274944,256,0.948218,6.0000,,
1075,275200,256,0.960505,6.0000,,
1076,275456,256,0.967581,6.0000,,
1077,275712,256,0.951878,6.0000,,
1078,275968,256,0.963102,6.0000,,
1079,276224,256,0.959256,6.0000,,
1080,276480,256,0.955472,6.0000,,
1081,276736,256,0.950846,6.0000,,
1082,276992,256,0.956495,6.0000,,
1083,277248,256,0.965039,6.0000,,
1084,277504,256,0.954036,6.0000,,
1085,277760,256,0.952086,6.0000,,
1086,278016,256,0.962157,6.0000,,
1087,278272,256,0.965984,6.0000,,
1088,278528,256,0.961287,6.0000,,
1089,278784,256,0.961504,6.0000,,
1090,279040,256,0.959509,6.0000,,
1091,279296,256,0.955438,6.0000,,
1092,279552,256,0.963294,6.0000,,
1093,279808,256,0.956981,6.0000,,
1094,280064,256,0.927851,6.0000,,
1095,280320,256,0.963951,6.0000,,
1096,280576,256,0.958776,6.0000,,
1097,280832,256,0.969693,6.0000,,
1098,281088,256,0.964940,6.0000,,
1099,281344,256,0.963950,6.0000,,
1100,281600,256,0.944917,6.0000,0.985722,6.0000
1101,281856,256,0.968419,6.0000,,
1102,282112,256,0.964316,6.0000,,
1103,282368,256,0.961396,6.0000,,
1104,282624,256,0.965692,6.0000,,
1105,282880,256,0.949613,6.0000,,
1106,283136,256,0.968263,6.0000,,
1107,283392,256,0.965300,6.0000,,
1108,283648,256,0.963502,6.0000,,
1109,283904,256,0.965444,6.0000,,
1110,284160,256,0.943830,6.0000,,
1111,284416,256,0.957914,6.0000,,
1112,284672,256,0.962800,6.0000,,
1113,284928,256,0.962145,6.0000,,
1114,285184,256,0.971868,6.0000,,
1115,285440,256,0.966978,6.0000,,
1116,285696,256,0.959600,6.0000,,
1117,285952,256,0.966338,6.0000,,
1118,286208,256,0.953079,6.0000,,
1119,286464,256,0.952377,6.0000,,
1120,286720,256,0.949641,6.0000,,
1121,286976,256,0.953912,6.0000,,
1122,287232,256,0.961694,6.0000,,
1123,287488,256,0.962947,6.0000,,
1124,287744,256,0.945763,6.0000,,
1125,288000,256,0.945321,6.0000,,
1126,288256,256,0.960690,6.0000,,
1127,288512,256,0.968279,6.0000,,
1128,288768,256,0.961151,6.0000,,
1129,289024,256,0.963727,6.0000,,
1130,289280,256,0.957011,6.0000,,
1131,289536,256,0.948852,6.0000,,
1132,289792,256,0.961665,6.0000,,
1133,290048,256,0.958926,6.0000,,
1134,290304,256,0.963177,6.0000,,
1135,290560,256,0.967268,6.0000,,
1136,290816,256,0.957837,6.0000,,
1137,291072,256,0.945284,6.0000,,
1138,291328,256,0.953036,6.0000,,
1139,291584,256,0.965149,6.0000,,
1140,291840,256,0.964686,6.0000,,
1141,292096,256,0.956888,6.0000,,
1142,292352,256,0.955267,6.0000,,
1143,292608,256,0.958432,6.0000,,
1144,292864,256,0.950896,6.0000,,
1145,293120,256,0.963444,6.0000,,
1146,293376,256,0.960375,6.0000,,
1147,293632,256,0.957491,6.0000,,
1148,293888,256,0.953212,6.0000,,
1149,294144,256,0.960506,6.0000,,
1150,294400,256,0.966178,6.0000,,
1151,294656,256,0.963739,6.0000,,
1152,294912,256,0.961034,6.0000,,
1153,295168,256,0.956325,6.0000,,
1154,295424,256,0.960110,6.0000,,
1155,295680,256,0.964698,6.0000,,
1156,295936,256,0.969337,6.0000,,
1157,296192,256,0.966974,6.0000,,
1158,296448,256,0.955111,6.0000,,
1159,296704,256,0.959725,6.0000,,
1160,296960,256,0.958732,6.0000,,
1161,297216,256,0.950406,6.0000,,
1162,297472,256,0.966344,6.0000,,
1163,297728,256,0.962496,6.0000,,
1164,297984,256,0.958801,6.0000,,
1165,298240,256,0.949276,6.0000,,
1166,298496,256,0.958489,6.0000,,
1167,298752,256,0.961206,6.0000,,
1168,299008,256,0.957091,6.0000,,
1169,299264,256,0.956162,6.0000,,
1170,299520,256,0.958876,6.0000,,
1171,299776,256,0.946980,6.0000,,
1172,300032,256,0.960052,6.0000,,
1173,300288,256,0.947633,6.0000,,
1174,300544,256,0.954207,6.0000,,
1175,300800,256,0.959568,6.0000,,
1176,301056,256,0.966335,6.0000,,
1177,301312,256,0.949248,6.0000,,
1178,301568,256,0.964771,6.0000,,
1179,301824,256,0.962867,6.0000,,
1180,302080,256,0.962151,6.0000,,
1181,302336,256,0.966380,6.0000,,
1182,302592,256,0.966531,6.0000,,
1183,302848,256,0.955715,6.0000,,
1184,303104,256,0.962922,6.0000,,
1185,303360,256,0.967136,6.0000,,
1186,303616,256,0.964152,6.0000,,
1187,303872,256,0.973560,6.0000,,
1188,304128,256,0.963977,6.0000,,
1189,304384,256,0.964991,6.0000,,
1190,304640,256,0.955850,6.0000,,
1191,304896,256,0.954302,6.0000,,
1192,305152,256,0.964521,6.0000,,
1193,305408,256,0.963972,6.0000,,
1194,305664,256,0.960130,6.0000,,
1195,305920,256,0.965315,6.0000,,
1196,306176,256,0.963448,6.0000,,
1197,306432,256,0.955358,6.0000,,
1198,306688,256,0.956182,6.0000,,
1199,306944,256,0.957677,6.0000,,
1200,307200,256,0.964546,6.0000,0.989161,6.0000
1201,307456,256,0.963973,6.0000,,
1202,307712,256,0.951394,6.0000,,
1203,307968,256,0.964468,6.0000,,
1204,308224,256,0.956549,6.0000,,
1205,308480,256,0.964544,6.0000,,
1206,308736,256,0.964401,6.0000,,
1207,308992,256,0.968148,6.0000,,
1208,309248,256,0.961755,6.0000,,
1209,309504,256,0.961932,6.0000,,
1210,309760,256,0.961706,6.0000,,
1211,310016,256,0.961447,6.0000,,
1212,310272,256,0.956960,6.0000,,
1213,310528,256,0.952471,6.0000,,
1214,310784,256,0.951227,6.0000,,
1215,311040,256,0.965476,6.0000,,
1216,311296,256,0.954324,6.0000,,
1217,311552,256,0.951601,6.0000,,
1218,311808,256,0.965057,6.0000,,
1219,312064,256,0.964563,6.0000,,
1220,312320,256,0.960912,6.0000,,
1221,312576,256,0.965265,6.0000,,
1222,312832,256,0.966860,6.0000,,
1223,313088,256,0.957335,6.0000,,
1224,313344,256,0.961462,6.0000,,
1225,313600,256,0.967129,6.0000,,
1226,313856,256,0.957052,6.0000,,
1227,314112,256,0.966494,6.0000,,
1228,314368,256,0.960003,6.0000,,
1229,314624,256,0.954285,6.0000,,
1230,314880,256,0.966688,6.0000,,
1231,315136,256,0.962455,6.0000,,
1232,315392,256,0.964953,6.0000,,
1233,315648,256,0.969243,6.0000,,
1234,315904,256,0.959795,6.0000,,
1235,316160,256,0.960503,6.0000,,
1236,316416,256,0.967448,6.0000,,
1237,316672,256,0.966776,6.0000,,
1238,316928,256,0.974795,6.0000,,
1239,317184,256,0.961951,6.0000,,
1240,317440,256,0.967448,6.0000,,
1241,317696,256,0.961372,6.0000,,
1242,317952,256,0.957573,6.0000,,
1243,318208,256,0.960323,6.0000,,
1244,318464,256,0.968978,6.0000,,
1245,318720,256,0.961572,6.0000,,
1246,318976,256,0.970376,6.0000,,
1247,319232,256,0.971666,6.0000,,
1248,319488,256,0.968309,6.0000,,
1249,319744,256,0.953510,6.0000,,
1250,320000,256,0.965291,6.0000,,
1251,320256,256,0.961215,6.0000,,
1252,320512,256,0.964095,6.0000,,
1253,320768,256,0.961278,6.0000,,
1254,321024,256,0.950780,6.0000,,
1255,321280,256,0.960360,6.0000,,
1256,321536,256,0.961159,6.0000,,
1257,321792,256,0.963900,6.0000,,
1258,322048,256,0.967571,6.0000,,
1259,322304,256,0.968651,6.0000,,
1260,322560,256,0.961398,6.0000,,
1261,322816,256,0.959888,6.0000,,
1262,323072,256,0.950927,6.0000,,
1263,323328,256,0.953982,6.0000,,
1264,323584,256,0.966757,6.0000,,
1265,323840,256,0.961929,6.0000,,
1266,324096,256,0.966892,6.0000,,
1267,324352,256,0.956314,6.0000,,
1268,324608,256,0.951199,6.0000,,
1269,324864,256,0.959521,6.0000,,
1270,325120,256,0.964894,6.0000,,
1271,325376,256,0.960484,6.0000,,
1272,325632,256,0.957367,6.0000,,
1273,325888,256,0.965204,6.0000,,
1274,326144,256,0.962364,6.0000,,
1275,326400,256,0.960882,6.0000,,
1276,326656,256,0.954210,6.0000,,
1277,326912,256,0.961466,6.0000,,
1278,327168,256,0.953238,6.0000,,
1279,327424,256,0.959284,6.0000,,
1280,327680,256,0.955958,6.0000,,
1281,327936,256,0.958306,6.0000,,
1282,328192,256,0.962682,6.0000,,
1283,328448,256,0.960795,6.0000,,
1284,328704,256,0.965687,6.0000,,
1285,328960,256,0.964545,6.0000,,
1286,329216,256,0.964990,6.0000,,
1287,329472,256,0.961711,6.0000,,
1288,329728,256,0.960227,6.0000,,
1289,329984,256,0.966747,6.0000,,
1290,330240,256,0.962890,6.0000,,
1291,330496,256,0.952712,6.0000,,
1292,330752,256,0.968615,6.0000,,
1293,331008,256,0.970200,6.0000,,
1294,331264,256,0.956265,6.0000,,
1295,331520,256,0.960531,6.0000,,
1296,331776,256,0.956170,6.0000,,
1297,332032,256,0.948685,6.0000,,
1298,332288,256,0.963950,6.0000,,
1299,332544,256,0.961028,6.0000,,
1300,332800,256,0.954264,6.0000,0.986690,6.0000
1301,333056,256,0.968113,6.0000,,
1302,333312,256,0.969016,6.0000,,
1303,333568,256,0.971483,6.0000,,
1304,333824,256,0.956191,6.0000,,
1305,334080,256,0.957094,6.0000,,
1306,334336,256,0.954067,6.0000,,
1307,334592,256,0.959856,6.0000,,
1308,334848,256,0.942844,6.0000,,
1309,335104,256,0.967901,6.0000,,
1310,335360,256,0.959338,6.0000,,
1311,335616,256,0.961744,6.0000,,
1312,335872,256,0.963148,6.0000,,
1313,336128,256,0.965553,6.0000,,
1314,336384,256,0.969497,6.0000,,
1315,336640,256,0.958544,6.0000,,
1316,336896,256,0.956991,6.0000,,
1317,337152,256,0.954775,6.0000,,
1318,337408,256,0.973022,6.0000,,
1319,337664,256,0.968810,6.0000,,
1320,337920,256,0.966839,6.0000,,
1321,338176,256,0.959729,6.0000,,
1322,338432,256,0.967580,6.0000,,
1323,338688,256,0.970833,6.0000,,
1324,338944,256,0.965580,6.0000,,
1325,339200,256,0.965032,6.0000,,
1326,339456,256,0.954338,6.0000,,
1327,339712,256,0.952011,6.0000,,
1328,339968,256,0.961559,6.0000,,
1329,340224,256,0.967086,6.0000,,
1330,340480,256,0.957863,6.0000,,
1331,340736,256,0.955766,6.0000,,
1332,340992,256,0.966119,6.0000,,
1333,341248,256,0.961096,6.0000,,
1334,341504,256,0.955840,6.0000,,
1335,341760,256,0.958287,6.0000,,
1336,342016,256,0.967204,6.0000,,
1337,342272,256,0.965063,6.0000,,
1338,342528,256,0.961295,6.0000,,
1339,342784,256,0.971584,6.0000,,
1340,343040,256,0.962751,6.0000,,
1341,343296,256,0.954998,6.0000,,
1342,343552,256,0.956834,6.0000,,
1343,343808,256,0.962606,6.0000,,
1344,344064,256,0.958902,6.0000,,
1345,344320,256,0.965078,6.0000,,
1346,344576,256,0.968912,6.0000,,
1347,344832,256,0.968996,6.0000,,
1348,345088,256,0.966153,6.0000,,
1349,345344,256,0.958417,6.0000,,
1350,345600,256,0.957998,6.0000,,
1351,345856,256,0.961237,6.0000,,
1352,346112,256,0.961467,6.0000,,
1353,346368,256,0.960572,6.0000,,
1354,346624,256,0.954968,6.0000,,
1355,346880,256,0.964377,6.0000,,
1356,347136,256,0.962462,6.0000,,
1357,347392,256,0.942812,6.0000,,
1358,347648,256,0.952550,6.0000,,
1359,347904,256,0.960646,6.0000,,
1360,348160,256,0.958513,6.0000,,
1361,348416,256,0.964118,6.0000,,
1362,348672,256,0.955167,6.0000,,
1363,348928,256,0.963037,6.0000,,
1364,349184,256,0.961768,6.0000,,
1365,349440,256,0.967374,6.0000,,
1366,349696,256,0.958136,6.0000,,
1367,349952,256,0.962525,6.0000,,
1368,350208,256,0.952181,6.0000,,
1369,350464,256,0.942468,6.0000,,
1370,350720,256,0.964216,6.0000,,
1371,350976,256,0.966312,6.0000,,
1372,351232,256,0.958819,6.0000,,
1373,351488,256,0.964718,6.0000,,
1374,351744,256,0.964950,6.0000,,
1375,352000,256,0.963517,6.0000,,
1376,352256,256,0.960948,6.0000,,
1377,352512,256,0.961111,6.0000,,
1378,352768,256,0.965791,6.0000,,
1379,353024,256,0.965683,6.0000,,
1380,353280,256,0.964117,6.0000,,
1381,353536,256,0.967530,6.0000,,
1382,353792,256,0.964559,6.0000,,
1383,354048,256,0.953579,6.0000,,
1384,354304,256,0.967632,6.0000,,
1385,354560,256,0.955205,6.0000,,
1386,354816,256,0.956596,6.0000,,
1387,355072,256,0.965714,6.0000,,
1388,355328,256,0.969108,6.0000,,
1389,355584,256,0.974899,6.0000,,
1390,355840,256,0.965234,6.0000,,
1391,356096,256,0.964861,6.0000,,
1392,356352,256,0.965604,6.0000,,
1393,356608,256,0.965283,6.0000,,
1394,356864,256,0.965071,6.0000,,
1395,357120,256,0.957459,6.0000,,
1396,357376,256,0.955696,6.0000,,
1397,357632,256,0.972792,6.0000,,
1398,357888,256,0.959096,6.0000,,
1399,358144,256,0.966847,6.0000,,
1400,358400,256,0.964983,6.0000,0.985650,6.0000
1401,358656,256,0.967602,6.0000,,
1402,358912,256,0.968214,6.0000,,
1403,359168,256,0.960882,6.0000,,
1404,359424,256,0.946386,6.0000,,
1405,359680,256,0.961048,6.0000,,
1406,359936,256,0.962703,6.0000,,
1407,360192,256,0.964340,6.0000,,
1408,360448,256,0.972043,6.0000,,
1409,360704,256,0.970261,6.0000,,
1410,360960,256,0.958311,6.0000,,
1411,361216,256,0.967431,6.0000,,
1412,361472,256,0.966844,6.0000,,
1413,361728,256,0.959616,6.0000,,
1414,361984,256,0.962994,6.0000,,
1415,362240,256,0.961020,6.0000,,
1416,362496,256,0.966715,6.0000,,
1417,362752,256,0.964146,6.0000,,
1418,363008,256,0.951184,6.0000,,
1419,363264,256,0.958839,6.0000,,
1420,363520,256,0.959791,6.0000,,
1421,363776,256,0.963136,6.0000,,
1422,364032,256,0.959910,6.0000,,
1423,364288,256,0.961147,6.0000,,
1424,364544,256,0.956117,6.0000,,
1425,364800,256,0.965547,6.0000,,
1426,365056,256,0.968463,6.0000,,
1427,365312,256,0.966104,6.0000,,
1428,365568,256,0.959841,6.0000,,
1429,365824,256,0.957099,6.0000,,
1430,366080,256,0.965920,6.0000,,
1431,366336,256,0.949522,6.0000,,
1432,366592,256,0.958617,6.0000,,
1433,366848,256,0.943117,6.0000,,
1434,367104,256,0.944352,6.0000,,
1435,367360,256,0.965191,6.0000,,
1436,367616,256,0.956151,6.0000,,
1437,367872,256,0.960108,6.0000,,
1438,368128,256,0.956410,6.0000,,
1439,368384,256,0.961995,6.0000,,
1440,368640,256,0.965397,6.0000,,
1441,368896,256,0.971177,6.0000,,
1442,369152,256,0.949396,6.0000,,
1443,369408,256,0.965238,6.0000,,
1444,369664,256,0.963960,6.0000,,
1445,369920,256,0.954730,6.0000,,
1446,370176,256,0.965304,6.0000,,
1447,370432,256,0.955145,6.0000,,
1448,370688,256,0.965605,6.0000,,
1449,370944,256,0.966357,6.0000,,
1450,371200,256,0.966779,6.0000,,
1451,371456,256,0.962158,6.0000,,
1452,371712,256,0.974254,6.0000,,
1453,371968,256,0.961592,6.0000,,
1454,372224,256,0.963952,6.0000,,
1455,372480,256,0.957101,6.0000,,
1456,372736,256,0.960281,6.0000,,
1457,372992,256,0.958872,6.0000,,
1458,373248,256,0.969922,6.0000,,
1459,373504,256,0.970591,6.0000,,
1460,373760,256,0.969957,6.0000,,
1461,374016,256,0.971018,6.0000,,
1462,374272,256,0.964040,6.0000,,
1463,374528,256,0.959438,6.0000,,
1464,374784,256,0.964245,6.0000,,
1465,375040,256,0.959818,6.0000,,
1466,375296,256,0.962915,6.0000,,
1467,375552,256,0.970100,6.0000,,
1468,375808,256,0.969302,6.0000,,
1469,376064,256,0.973512,6.0000,,
1470,376320,256,0.956213,6.0000,,
1471,376576,256,0.964440,6.0000,,
1472,376832,256,0.966532,6.0000,,
1473,377088,256,0.959255,6.0000,,
1474,377344,256,0.969934,6.0000,,
1475,377600,256,0.952970,6.0000,,
1476,377856,256,0.973376,6.0000,,
1477,378112,256,0.952763,6.0000,,
1478,378368,256,0.960844,6.0000,,
1479,378624,256,0.960503,6.0000,,
1480,378880,256,0.960597,6.0000,,
1481,379136,256,0.955306,6.0000,,
1482,379392,256,0.962511,6.0000,,
1483,379648,256,0.954631,6.0000,,
1484,379904,256,0.956979,6.0000,,
1485,380160,256,0.970379,6.0000,,
1486,380416,256,0.977795,6.0000,,
1487,380672,256,0.960972,6.0000,,
1488,380928,256,0.967397,6.0000,,
1489,381184,256,0.953978,6.0000,,
1490,381440,256,0.966601,6.0000,,
1491,381696,256,0.949359,6.0000,,
1492,381952,256,0.959626,6.0000,,
1493,382208,256,0.950539,6.0000,,
1494,382464,256,0.961364,6.0000,,
1495,382720,256,0.963814,6.0000,,
1496,382976,256,0.956403,6.0000,,
1497,383232,256,0.964248,6.0000,,
1498,383488,256,0.959663,6.0000,,
1499,383744,256,0.970571,6.0000,,
1500,384000,256,0.973489,6.0000,0.989516,6.0000
1501,384256,256,0.959605,6.0000,,
1502,384512,256,0.970633,6.0000,,
1503,384768,256,0.957575,6.0000,,
1504,385024,256,0.961864,6.0000,,
1505,385280,256,0.970800,6.0000,,
1506,385536,256,0.970945,6.0000,,
1507,385792,256,0.966335,6.0000,,
1508,386048,256,0.963399,6.0000,,
1509,386304,256,0.954141,6.0000,,
1510,386560,256,0.966189,6.0000,,
1511,386816,256,0.966158,6.0000,,
1512,387072,256,0.967723,6.0000,,
1513,387328,256,0.964064,6.0000,,
1514,387584,256,0.966638,6.0000,,
1515,387840,256,0.966678,6.0000,,
1516,388096,256,0.961182,6.0000,,
1517,388352,256,0.956942,6.0000,,
1518,388608,256,0.963199,6.0000,,
1519,388864,256,0.975303,6.0000,,
1520,389120,256,0.968498,6.0000,,
1521,389376,256,0.961626,6.0000,,
1522,389632,256,0.960516,6.0000,,
1523,389888,256,0.959438,6.0000,,
1524,390144,256,0.964564,6.0000,,
1525,390400,256,0.952525,6.0000,,
1526,390656,256,0.956886,6.0000,,
1527,390912,256,0.966952,6.0000,,
1528,391168,256,0.949888,6.0000,,
1529,391424,256,0.965672,6.0000,,
1530,391680,256,0.970944,6.0000,,
1531,391936,256,0.975930,6.0000,,
1532,392192,256,0.961489,6.0000,,
1533,392448,256,0.955902,6.0000,,
1534,392704,256,0.959373,6.0000,,
1535,392960,256,0.965228,6.0000,,
1536,393216,256,0.962608,6.0000,,
1537,393472,256,0.964741,6.0000,,
1538,393728,256,0.973575,6.0000,,
1539,393984,256,0.962537,6.0000,,
1540,394240,256,0.965892,6.0000,,
1541,394496,256,0.959879,6.0000,,
1542,394752,256,0.959341,6.0000,,
1543,395008,256,0.973110,6.0000,,
1544,395264,256,0.957949,6.0000,,
1545,395520,256,0.959504,6.0000,,
1546,395776,256,0.970387,6.0000,,
1547,396032,256,0.966656,6.0000,,
1548,396288,256,0.956726,6.0000,,
1549,396544,256,0.964024,6.0000,,
1550,396800,256,0.963853,6.0000,,
1551,397056,256,0.963081,6.0000,,
1552,397312,256,0.966847,6.0000,,
1553,397568,256,0.960506,6.0000,,
1554,397824,256,0.953578,6.0000,,
1555,398080,256,0.954990,6.0000,,
1556,398336,256,0.965665,6.0000,,
1557,398592,256,0.957517,6.0000,,
1558,398848,256,0.968035,6.0000,,
1559,399104,256,0.968811,6.0000,,
1560,399360,256,0.964162,6.0000,,
1561,399616,256,0.961067,6.0000,,
1562,399872,256,0.960928,6.0000,,
1563,400128,256,0.971444,6.0000,,
1564,400384,256,0.974553,6.0000,,
1565,400640,256,0.973029,6.0000,,
1566,400896,256,0.975566,6.0000,,
1567,401152,256,0.972300,6.0000,,
1568,401408,256,0.971545,6.0000,,
1569,401664,256,0.976059,6.0000,,
1570,401920,256,0.959029,6.0000,,
1571,402176,256,0.961258,6.0000,,
1572,402432,256,0.970839,6.0000,,
1573,402688,256,0.971455,6.0000,,
1574,402944,256,0.965569,6.0000,,
1575,403200,256,0.976296,6.0000,,
1576,403456,256,0.967247,6.0000,,
1577,403712,256,0.965882,6.0000,,
1578,403968,256,0.967183,6.0000,,
1579,404224,256,0.965147,6.0000,,
1580,404480,256,0.973916,6.0000,,
1581,404736,256,0.965541,6.0000,,
1582,404992,256,0.971541,6.0000,,
1583,405248,256,0.959520,6.0000,,
1584,405504,256,0.970395,6.0000,,
1585,405760,256,0.962640,6.0000,,
1586,406016,256,0.965540,6.0000,,
1587,406272,256,0.961628,6.0000,,
1588,406528,256,0.964482,6.0000,,
1589,406784,256,0.969318,6.0000,,
1590,407040,256,0.957822,6.0000,,
1591,407296,256,0.967064,6.0000,,
1592,407552,256,0.963877,6.0000,,
1593,407808,256,0.963393,6.0000,,
1594,408064,256,0.966983,6.0000,,
1595,408320,256,0.960124,6.0000,,
1596,408576,256,0.963535,6.0000,,
1597,408832,256,0.973070,6.0000,,
1598,409088,256,0.974121,6.0000,,
1599,409344,256,0.960838,6.0000,,
1600,409600,256,0.961157,6.0000,0.983680,6.0000
1601,409856,256,0.972305,6.0000,,
1602,410112,256,0.967887,6.0000,,
1603,410368,256,0.976709,6.0000,,
1604,410624,256,0.963794,6.0000,,
1605,410880,256,0.976920,6.0000,,
1606,411136,256,0.960621,6.0000,,
1607,411392,256,0.975444,6.0000,,
1608,411648,256,0.967064,6.0000,,
1609,411904,256,0.971232,6.0000,,
1610,412160,256,0.972953,6.0000,,
1611,412416,256,0.966437,6.0000,,
1612,412672,256,0.971299,6.0000,,
1613,412928,256,0.977944,6.0000,,
1614,413184,256,0.963101,6.0000,,
1615,413440,256,0.963427,6.0000,,
1616,413696,256,0.971275,6.0000,,
1617,413952,256,0.979040,6.0000,,
1618,414208,256,0.973341,6.0000,,
1619,414464,256,0.973685,6.0000,,
1620,414720,256,0.961634,6.0000,,
1621,414976,256,0.978339,6.0000,,
1622,415232,256,0.969907,6.0000,,
1623,415488,256,0.963831,6.0000,,
1624,415744,256,0.959151,6.0000,,
1625,416000,256,0.962389,6.0000,,
1626,416256,256,0.966610,6.0000,,
1627,416512,256,0.958415,6.0000,,
1628,416768,256,0.958587,6.0000,,
1629,417024,256,0.963888,6.0000,,
1630,417280,256,0.954104,6.0000,,
1631,417536,256,0.962927,6.0000,,
1632,417792,256,0.964795,6.0000,,
1633,418048,256,0.967031,6.0000,,
1634,418304,256,0.957730,6.0000,,
1635,418560,256,0.975461,6.0000,,
1636,418816,256,0.967767,6.0000,,
1637,419072,256,0.977029,6.0000,,
1638,419328,256,0.962261,6.0000,,
1639,419584,256,0.963804,6.0000,,
1640,419840,256,0.967885,6.0000,,
1641,420096,256,0.966520,6.0000,,
1642,420352,256,0.965242,6.0000,,
1643,420608,256,0.964789,6.0000,,
1644,420864,256,0.969712,6.0000,,
1645,421120,256,0.968294,6.0000,,
1646,421376,256,0.965373,6.0000,,
1647,421632,256,0.958700,6.0000,,
1648,421888,256,0.982149,6.0000,,
1649,422144,256,0.972630,6.0000,,
1650,422400,256,0.962343,6.0000,,
1651,422656,256,0.971938,6.0000,,
1652,422912,256,0.958584,6.0000,,
1653,423168,256,0.966928,6.0000,,
1654,423424,256,0.960216,6.0000,,
1655,423680,256,0.964342,6.0000,,
1656,423936,256,0.958474,6.0000,,
1657,424192,256,0.972931,6.0000,,
1658,424448,256,0.967191,6.0000,,
1659,424704,256,0.969083,6.0000,,
1660,424960,256,0.967504,6.0000,,
1661,425216,256,0.974463,6.0000,,
1662,425472,256,0.971843,6.0000,,
1663,425728,256,0.969147,6.0000,,
1664,425984,256,0.968526,6.0000,,
1665,426240,256,0.975316,6.0000,,
1666,426496,256,0.961630,6.0000,,
1667,426752,256,0.961829,6.0000,,
1668,427008,256,0.965016,6.0000,,
1669,427264,256,0.968469,6.0000,,
1670,427520,256,0.965882,6.0000,,
1671,427776,256,0.971206,6.0000,,
1672,428032,256,0.973179,6.0000,,
1673,428288,256,0.974412,6.0000,,
1674,428544,256,0.975497,6.0000,,
1675,428800,256,0.966192,6.0000,,
1676,429056,256,0.972225,6.0000,,
1677,429312,256,0.967974,6.0000,,
1678,429568,256,0.970128,6.0000,,
1679,429824,256,0.963511,6.0000,,
1680,430080,256,0.965207,6.0000,,
1681,430336,256,0.958916,6.0000,,
1682,430592,256,0.955320,6.0000,,
1683,430848,256,0.966053,6.0000,,
1684,431104,256,0.965629,6.0000,,
1685,431360,256,0.974719,6.0000,,
1686,431616,256,0.971631,6.0000,,
1687,431872,256,0.964535,6.0000,,
1688,432128,256,0.970096,6.0000,,
1689,432384,256,0.970026,6.0000,,
1690,432640,256,0.979258,6.0000,,
1691,432896,256,0.956036,6.0000,,
1692,433152,256,0.959958,6.0000,,
1693,433408,256,0.968079,6.0000,,
1694,433664,256,0.960453,6.0000,,
1695,433920,256,0.965403,6.0000,,
1696,434176,256,0.961653,6.0000,,
1697,434432,256,0.965884,6.0000,,
1698,434688,256,0.975585,6.0000,,
1699,434944,256,0.968082,6.0000,,
1700,435200,256,0.955953,6.0000,0.983227,6.0000
1701,435456,256,0.974547,6.0000,,
1702,435712,256,0.971734,6.0000,,
1703,435968,256,0.965082,6.0000,,
1704,436224,256,0.957633,6.0000,,
1705,436480,256,0.968526,6.0000,,
1706,436736,256,0.961227,6.0000,,
1707,436992,256,0.959944,6.0000,,
1708,437248,256,0.959914,6.0000,,
1709,437504,256,0.973973,6.0000,,
1710,437760,256,0.958606,6.0000,,
1711,438016,256,0.976039,6.0000,,
1712,438272,256,0.968655,6.0000,,
1713,438528,256,0.970875,6.0000,,
1714,438784,256,0.963248,6.0000,,
1715,439040,256,0.964645,6.0000,,
1716,439296,256,0.965243,6.0000,,
1717,439552,256,0.964792,6.0000,,
1718,439808,256,0.964251,6.0000,,
1719,440064,256,0.974830,6.0000,,
1720,440320,256,0.969575,6.0000,,
1721,440576,256,0.960741,6.0000,,
1722,440832,256,0.970095,6.0000,,
1723,441088,256,0.974855,6.0000,,
1724,441344,256,0.966863,6.0000,,
1725,441600,256,0.966747,6.0000,,
1726,441856,256,0.973113,6.0000,,
1727,442112,256,0.976353,6.0000,,
1728,442368,256,0.967375,6.0000,,
1729,442624,256,0.955850,6.0000,,
1730,442880,256,0.972988,6.0000,,
1731,443136,256,0.973496,6.0000,,
1732,443392,256,0.970100,6.0000,,
1733,443648,256,0.964727,6.0000,,
1734,443904,256,0.963567,6.0000,,
1735,444160,256,0.964321,6.0000,,
1736,444416,256,0.969981,6.0000,,
1737,444672,256,0.970248,6.0000,,
1738,444928,256,0.971077,6.0000,,
1739,445184,256,0.961567,6.0000,,
1740,445440,256,0.976559,6.0000,,
1741,445696,256,0.966783,6.0000,,
1742,445952,256,0.971737,6.0000,,
1743,446208,256,0.975531,6.0000,,
1744,446464,256,0.968928,6.0000,,
1745,446720,256,0.968056,6.0000,,
1746,446976,256,0.977946,6.0000,,
1747,447232,256,0.970233,6.0000,,
1748,447488,256,0.968711,6.0000,,
1749,447744,256,0.969995,6.0000,,
1750,448000,256,0.966477,6.0000,,
1751,448256,256,0.966991,6.0000,,
1752,448512,256,0.974631,6.0000,,
1753,448768,256,0.973376,6.0000,,
1754,449024,256,0.977528,6.0000,,
1755,449280,256,0.970365,6.0000,,
1756,449536,256,0.969598,6.0000,,
1757,449792,256,0.963293,6.0000,,
1758,450048,256,0.960380,6.0000,,
1759,450304,256,0.976791,6.0000,,
1760,450560,256,0.973011,6.0000,,
1761,450816,256,0.967831,6.0000,,
1762,451072,256,0.973172,6.0000,,
1763,451328,256,0.968684,6.0000,,
1764,451584,256,0.975052,6.0000,,
1765,451840,256,0.970116,6.0000,,
1766,452096,256,0.977364,6.0000,,
1767,452352,256,0.958210,6.0000,,
1768,452608,256,0.976307,6.0000,,
1769,452864,256,0.970512,6.0000,,
1770,453120,256,0.970132,6.0000,,
1771,453376,256,0.972700,6.0000,,
1772,453632,256,0.970228,6.0000,,
1773,453888,256,0.977856,6.0000,,
1774,454144,256,0.963976,6.0000,,
1775,454400,256,0.973658,6.0000,,
1776,454656,256,0.971989,6.0000,,
1777,454912,256,0.976636,6.0000,,
1778,455168,256,0.954857,6.0000,,
1779,455424,256,0.966377,6.0000,,
1780,455680,256,0.978982,6.0000,,
1781,455936,256,0.967876,6.0000,,
1782,456192,256,0.965900,6.0000,,
1783,456448,256,0.959854,6.0000,,
1784,456704,256,0.970927,6.0000,,
1785,456960,256,0.967578,6.0000,,
1786,457216,256,0.959490,6.0000,,
1787,457472,256,0.967070,6.0000,,
1788,457728,256,0.966682,6.0000,,
1789,457984,256,0.973012,6.0000,,
1790,458240,256,0.972001,6.0000,,
1791,458496,256,0.958713,6.0000,,
1792,458752,256,0.975719,6.0000,,
1793,459008,256,0.975972,6.0000,,
1794,459264,256,0.964394,6.0000,,
1795,459520,256,0.975778,6.0000,,
1796,459776,256,0.977654,6.0000,,
1797,460032,256,0.976930,6.0000,,
1798,460288,256,0.975349,6.0000,,
1799,460544,256,0.953329,6.0000,,
1800,460800,256,0.964383,6.0000,0.983041,6.0000
1801,461056,256,0.969851,6.0000,,
1802,461312,256,0.972118,6.0000,,
1803,461568,256,0.970744,6.0000,,
1804,461824,256,0.969631,6.0000,,
1805,462080,256,0.961998,6.0000,,
1806,462336,256,0.972511,6.0000,,
1807,462592,256,0.967898,6.0000,,
1808,462848,256,0.966687,6.0000,,
1809,463104,256,0.965684,6.0000,,
1810,463360,256,0.973045,6.0000,,
1811,463616,256,0.963335,6.0000,,
1812,463872,256,0.964248,6.0000,,
1813,464128,256,0.963920,6.0000,,
1814,464384,256,0.970225,6.0000,,
1815,464640,256,0.964020,6.0000,,
1816,464896,256,0.973444,6.0000,,
1817,465152,256,0.954965,6.0000,,
1818,465408,256,0.957325,6.0000,,
1819,465664,256,0.964782,6.0000,,
1820,465920,256,0.963944,6.0000,,
1821,466176,256,0.972199,6.0000,,
1822,466432,256,0.971339,6.0000,,
1823,466688,256,0.968863,6.0000,,
1824,466944,256,0.960311,6.0000,,
1825,467200,256,0.972789,6.0000,,
1826,467456,256,0.967320,6.0000,,
1827,467712,256,0.965430,6.0000,,
1828,467968,256,0.973240,6.0000,,
1829,468224,256,0.966829,6.0000,,
1830,468480,256,0.958647,6.0000,,
1831,468736,256,0.971504,6.0000,,
1832,468992,256,0.959301,6.0000,,
1833,469248,256,0.955565,6.0000,,
1834,469504,256,0.974406,6.0000,,
1835,469760,256,0.966866,6.0000,,
1836,470016,256,0.964401,6.0000,,
1837,470272,256,0.965007,6.0000,,
1838,470528,256,0.973363,6.0000,,
1839,470784,256,0.960238,6.0000,,
1840,471040,256,0.963425,6.0000,,
1841,471296,256,0.969578,6.0000,,
1842,471552,256,0.969834,6.0000,,
1843,471808,256,0.967939,6.0000,,
1844,472064,256,0.967314,6.0000,,
1845,472320,256,0.971199,6.0000,,
1846,472576,256,0.962045,6.0000,,
1847,472832,256,0.962981,6.0000,,
1848,473088,256,0.967871,6.0000,,
1849,473344,256,0.955018,6.0000,,
1850,473600,256,0.968787,6.0000,,
1851,473856,256,0.970133,6.0000,,
1852,474112,256,0.972053,6.0000,,
1853,474368,256,0.971679,6.0000,,
1854,474624,256,0.977559,6.0000,,
1855,474880,256,0.963027,6.0000,,
1856,475136,256,0.976406,6.0000,,
1857,475392,256,0.972003,6.0000,,
1858,475648,256,0.968682,6.0000,,
1859,475904,256,0.968052,6.0000,,
1860,476160,256,0.965899,6.0000,,
1861,476416,256,0.968966,6.0000,,
1862,476672,256,0.970484,6.0000,,
1863,476928,256,0.974634,6.0000,,
1864,477184,256,0.950347,6.0000,,
1865,477440,256,0.968611,6.0000,,
1866,477696,256,0.968892,6.0000,,
1867,477952,256,0.966065,6.0000,,
1868,478208,256,0.961894,6.0000,,
1869,478464,256,0.964416,6.0000,,
1870,478720,256,0.968103,6.0000,,
1871,478976,256,0.968050,6.0000,,
1872,479232,256,0.962130,6.0000,,
1873,479488,256,0.960972,6.0000,,
1874,479744,256,0.962987,6.0000,,
1875,480000,256,0.968181,6.0000,,
1876,480256,256,0.959196,6.0000,,
1877,480512,256,0.975537,6.0000,,
1878,480768,256,0.963096,6.0000,,
1879,481024,256,0.964487,6.0000,,
1880,481280,256,0.971062,6.0000,,
1881,481536,256,0.964912,6.0000,,
1882,481792,256,0.970478,6.0000,,
1883,482048,256,0.969605,6.0000,,
1884,482304,256,0.965675,6.0000,,
1885,482560,256,0.975769,6.0000,,
1886,482816,256,0.966188,6.0000,,
1887,483072,256,0.959341,6.0000,,
1888,483328,256,0.974618,6.0000,,
1889,483584,256,0.966616,6.0000,,
1890,483840,256,0.958463,6.0000,,
1891,484096,256,0.960703,6.0000,,
1892,484352,256,0.969614,6.0000,,
1893,484608,256,0.967211,6.0000,,
1894,484864,256,0.966574,6.0000,,
1895,485120,256,0.969976,6.0000,,
1896,485376,256,0.968091,6.0000,,
1897,485632,256,0.967093,6.0000,,
1898,485888,256,0.975105,6.0000,,
1899,486144,256,0.956212,6.0000,,
1900,486400,256,0.967859,6.0000,0.991620,6.0000
1901,486656,256,0.961031,6.0000,,
1902,486912,256,0.964388,6.0000,,
1903,487168,256,0.966693,6.0000,,
1904,487424,256,0.967424,6.0000,,
1905,487680,256,0.958515,6.0000,,
1906,487936,256,0.968259,6.0000,,
1907,488192,256,0.969905,6.0000,,
1908,488448,256,0.971348,6.0000,,
1909,488704,256,0.968127,6.0000,,
1910,488960,256,0.961939,6.0000,,
1911,489216,256,0.953964,6.0000,,
1912,489472,256,0.964068,6.0000,,
1913,489728,256,0.974134,6.0000,,
1914,489984,256,0.972830,6.0000,,
1915,490240,256,0.967592,6.0000,,
1916,490496,256,0.970488,6.0000,,
1917,490752,256,0.966160,6.0000,,
1918,491008,256,0.979261,6.0000,,
1919,491264,256,0.968178,6.0000,,
1920,491520,256,0.967942,6.0000,,
1921,491776,256,0.973893,6.0000,,
1922,492032,256,0.975439,6.0000,,
1923,492288,256,0.968090,6.0000,,
1924,492544,256,0.969565,6.0000,,
1925,492800,256,0.964211,6.0000,,
1926,493056,256,0.971563,6.0000,,
1927,493312,256,0.976429,6.0000,,
1928,493568,256,0.969994,6.0000,,
1929,493824,256,0.972223,6.0000,,
1930,494080,256,0.972068,6.0000,,
1931,494336,256,0.971323,6.0000,,
1932,494592,256,0.973373,6.0000,,
1933,494848,256,0.973838,6.0000,,
1934,495104,256,0.978082,6.0000,,
1935,495360,256,0.970417,6.0000,,
1936,495616,256,0.962704,6.0000,,
1937,495872,256,0.970118,6.0000,,
1938,496128,256,0.978308,6.0000,,
1939,496384,256,0.970568,6.0000,,
1940,496640,256,0.971021,6.0000,,
1941,496896,256,0.959928,6.0000,,
1942,497152,256,0.958143,6.0000,,
1943,497408,256,0.972050,6.0000,,
1944,497664,256,0.965432,6.0000,,
1945,497920,256,0.972213,6.0000,,
1946,498176,256,0.966965,6.0000,,
1947,498432,256,0.963679,6.0000,,
1948,498688,256,0.973912,6.0000,,
1949,498944,256,0.968535,6.0000,,
1950,499200,256,0.969887,6.0000,,
1951,499456,256,0.976569,6.0000,,
1952,499712,256,0.981325,6.0000,,
1953,499968,256,0.967951,6.0000,,
1954,500224,256,0.971126,6.0000,,
1955,500480,256,0.964731,6.0000,,
1956,500736,256,0.968072,6.0000,,
1957,500992,256,0.972292,6.0000,,
1958,501248,256,0.972362,6.0000,,
1959,501504,256,0.966274,6.0000,,
1960,501760,256,0.956136,6.0000,,
1961,502016,256,0.966618,6.0000,,
1962,502272,256,0.971647,6.0000,,
1963,502528,256,0.965967,6.0000,,
1964,502784,256,0.964384,6.0000,,
1965,503040,256,0.973733,6.0000,,
1966,503296,256,0.974606,6.0000,,
1967,503552,256,0.971510,6.0000,,
1968,503808,256,0.968744,6.0000,,
1969,504064,256,0.966112,6.0000,,
1970,504320,256,0.963720,6.0000,,
1971,504576,256,0.965406,6.0000,,
1972,504832,256,0.967448,6.0000,,
1973,505088,256,0.963937,6.0000,,
1974,505344,256,0.962161,6.0000,,
1975,505600,256,0.966424,6.0000,,
1976,505856,256,0.971845,6.0000,,
1977,506112,256,0.969218,6.0000,,
1978,506368,256,0.968199,6.0000,,
1979,506624,256,0.966034,6.0000,,
1980,506880,256,0.974969,6.0000,,
1981,507136,256,0.957597,6.0000,,
1982,507392,256,0.971164,6.0000,,
1983,507648,256,0.965684,6.0000,,
1984,507904,256,0.976464,6.0000,,
1985,508160,256,0.976653,6.0000,,
1986,508416,256,0.965575,6.0000,,
1987,508672,256,0.964016,6.0000,,
1988,508928,256,0.974356,6.0000,,
1989,509184,256,0.961789,6.0000,,
1990,509440,256,0.972258,6.0000,,
1991,509696,256,0.965553,6.0000,,
1992,509952,256,0.965876,6.0000,,
1993,510208,256,0.958614,6.0000,,
1994,510464,256,0.971964,6.0000,,
1995,510720,256,0.974282,6.0000,,
1996,510976,256,0.974019,6.0000,,
1997,511232,256,0.962434,6.0000,,
1998,511488,256,0.971638,6.0000,,
1999,511744,256,0.981374,6.0000,,
2000,512000,256,0.977546,6.0000,0.983809,6.0000
2001,512256,256,0.963307,6.0000,,
2002,512512,256,0.963936,6.0000,,
2003,512768,256,0.974234,6.0000,,
2004,513024,256,0.974059,6.0000,,
2005,513280,256,0.977147,6.0000,,
2006,513536,256,0.967414,6.0000,,
2007,513792,256,0.961863,6.0000,,
2008,514048,256,0.967374,6.0000,,
2009,514304,256,0.968342,6.0000,,
2010,514560,256,0.960920,6.0000,,
2011,514816,256,0.961786,6.0000,,
2012,515072,256,0.973597,6.0000,,
2013,515328,256,0.970137,6.0000,,
2014,515584,256,0.970050,6.0000,,
2015,515840,256,0.963575,6.0000,,
2016,516096,256,0.956845,6.0000,,
2017,516352,256,0.982858,6.0000,,
2018,516608,256,0.968029,6.0000,,
2019,516864,256,0.974210,6.0000,,
2020,517120,256,0.961738,6.0000,,
2021,517376,256,0.977140,6.0000,,
2022,517632,256,0.969085,6.0000,,
2023,517888,256,0.967365,6.0000,,
2024,518144,256,0.971979,6.0000,,
2025,518400,256,0.964891,6.0000,,
2026,518656,256,0.971494,6.0000,,
2027,518912,256,0.974321,6.0000,,
2028,519168,256,0.963771,6.0000,,
2029,519424,256,0.969381,6.0000,,
2030,519680,256,0.971256,6.0000,,
2031,519936,256,0.966720,6.0000,,
2032,520192,256,0.970529,6.0000,,
2033,520448,256,0.971249,6.0000,,
2034,520704,256,0.971534,6.0000,,
2035,520960,256,0.972241,6.0000,,
2036,521216,256,0.973646,6.0000,,
2037,521472,256,0.978476,6.0000,,
2038,521728,256,0.961034,6.0000,,
2039,521984,256,0.970285,6.0000,,
2040,522240,256,0.968811,6.0000,,
2041,522496,256,0.966073,6.0000,,
2042,522752,256,0.971259,6.0000,,
2043,523008,256,0.976136,6.0000,,
2044,523264,256,0.961665,6.0000,,
2045,523520,256,0.972528,6.0000,,
2046,523776,256,0.970185,6.0000,,
2047,524032,256,0.971847,6.0000,,
2048,524288,256,0.969143,6.0000,,
2049,524544,256,0.963811,6.0000,,
2050,524800,256,0.975927,6.0000,,
2051,525056,256,0.964155,6.0000,,
2052,525312,256,0.976139,6.0000,,
2053,525568,256,0.970691,6.0000,,
2054,525824,256,0.976379,6.0000,,
2055,526080,256,0.967183,6.0000,,
2056,526336,256,0.967337,6.0000,,
2057,526592,256,0.975711,6.0000,,
2058,526848,256,0.971938,6.0000,,
2059,527104,256,0.968375,6.0000,,
2060,527360,256,0.969810,6.0000,,
2061,527616,256,0.980052,6.0000,,
2062,527872,256,0.969078,6.0000,,
2063,528128,256,0.969097,6.0000,,
2064,528384,256,0.979216,6.0000,,
2065,528640,256,0.977315,6.0000,,
2066,528896,256,0.968567,6.0000,,
2067,529152,256,0.956357,6.0000,,
2068,529408,256,0.957832,6.0000,,
2069,529664,256,0.967713,6.0000,,
2070,529920,256,0.970934,6.0000,,
2071,530176,256,0.965122,6.0000,,
2072,530432,256,0.972668,6.0000,,
2073,530688,256,0.974666,6.0000,,
2074,530944,256,0.976545,6.0000,,
2075,531200,256,0.969912,6.0000,,
2076,531456,256,0.976537,6.0000,,
2077,531712,256,0.973284,6.0000,,
2078,531968,256,0.962055,6.0000,,
2079,532224,256,0.968001,6.0000,,
2080,532480,256,0.969237,6.0000,,
2081,532736,256,0.973428,6.0000,,
2082,532992,256,0.971406,6.0000,,
2083,533248,256,0.975965,6.0000,,
2084,533504,256,0.965080,6.0000,,
2085,533760,256,0.965426,6.0000,,
2086,534016,256,0.972472,6.0000,,
2087,534272,256,0.974536,6.0000,,
2088,534528,256,0.968449,6.0000,,
2089,534784,256,0.972358,6.0000,,
2090,535040,256,0.982419,6.0000,,
2091,535296,256,0.967580,6.0000,,
2092,535552,256,0.974411,6.0000,,
2093,535808,256,0.973109,6.0000,,
2094,536064,256,0.969829,6.0000,,
2095,536320,256,0.965184,6.0000,,
2096,536576,256,0.983761,6.0000,,
2097,536832,256,0.974921,6.0000,,
2098,537088,256,0.976872,6.0000,,
2099,537344,256,0.973050,6.0000,,
2100,537600,256,0.976258,6.0000,0.987858,6.0000
2101,537856,256,0.971296,6.0000,,
2102,538112,256,0.965360,6.0000,,
2103,538368,256,0.972540,6.0000,,
2104,538624,256,0.966615,6.0000,,
2105,538880,256,0.970193,6.0000,,
2106,539136,256,0.978349,6.0000,,
2107,539392,256,0.967460,6.0000,,
2108,539648,256,0.974918,6.0000,,
2109,539904,256,0.965966,6.0000,,
2110,540160,256,0.976574,6.0000,,
2111,540416,256,0.974791,6.0000,,
2112,540672,256,0.958615,6.0000,,
2113,540928,256,0.967796,6.0000,,
2114,541184,256,0.973953,6.0000,,
2115,541440,256,0.976843,6.0000,,
2116,541696,256,0.966472,6.0000,,
2117,541952,256,0.970981,6.0000,,
2118,542208,256,0.974455,6.0000,,
2119,542464,256,0.971737,6.0000,,
2120,542720,256,0.968706,6.0000,,
2121,542976,256,0.978235,6.0000,,
2122,543232,256,0.970007,6.0000,,
2123,543488,256,0.964955,6.0000,,
2124,543744,256,0.969990,6.0000,,
2125,544000,256,0.972735,6.0000,,
2126,544256,256,0.955333,6.0000,,
2127,544512,256,0.968377,6.0000,,
2128,544768,256,0.973516,6.0000,,
2129,545024,256,0.964145,6.0000,,
2130,545280,256,0.974518,6.0000,,
2131,545536,256,0.955290,6.0000,,
2132,545792,256,0.959425,6.0000,,
2133,546048,256,0.970831,6.0000,,
2134,546304,256,0.970603,6.0000,,
2135,546560,256,0.975024,6.0000,,
2136,546816,256,0.965724,6.0000,,
2137,547072,256,0.970872,6.0000,,
2138,547328,256,0.967105,6.0000,,
2139,547584,256,0.966545,6.0000,,
2140,547840,256,0.967152,6.0000,,
2141,548096,256,0.968703,6.0000,,
2142,548352,256,0.971788,6.0000,,
2143,548608,256,0.970939,6.0000,,
2144,548864,256,0.965458,6.0000,,
2145,549120,256,0.972509,6.0000,,
2146,549376,256,0.970628,6.0000,,
2147,549632,256,0.978210,6.0000,,
2148,549888,256,0.961310,6.0000,,
2149,550144,256,0.965601,6.0000,,
2150,550400,256,0.971786,6.0000,,
2151,550656,256,0.976372,6.0000,,
2152,550912,256,0.973384,6.0000,,
2153,551168,256,0.966686,6.0000,,
2154,551424,256,0.978864,6.0000,,
2155,551680,256,0.966122,6.0000,,
2156,551936,256,0.973313,6.0000,,
2157,552192,256,0.969912,6.0000,,
2158,552448,256,0.969275,6.0000,,
2159,552704,256,0.969054,6.0000,,
2160,552960,256,0.967020,6.0000,,
2161,553216,256,0.963667,6.0000,,
2162,553472,256,0.964020,6.0000,,
2163,553728,256,0.960499,6.0000,,
2164,553984,256,0.959753,6.0000,,
2165,554240,256,0.967080,6.0000,,
2166,554496,256,0.974673,6.0000,,
2167,554752,256,0.966673,6.0000,,
2168,555008,256,0.966006,6.0000,,
2169,555264,256,0.978305,6.0000,,
2170,555520,256,0.967556,6.0000,,
2171,555776,256,0.964681,6.0000,,
2172,556032,256,0.966662,6.0000,,
2173,556288,256,0.969312,6.0000,,
2174,556544,256,0.969948,6.0000,,
2175,556800,256,0.972381,6.0000,,
2176,557056,256,0.968763,6.0000,,
2177,557312,256,0.974095,6.0000,,
2178,557568,256,0.967718,6.0000,,
2179,557824,256,0.973970,6.0000,,
2180,558080,256,0.969258,6.0000,,
2181,558336,256,0.968539,6.0000,,
2182,558592,256,0.959161,6.0000,,
2183,558848,256,0.969261,6.0000,,
2184,559104,256,0.971282,6.0000,,
2185,559360,256,0.970287,6.0000,,
2186,559616,256,0.975065,6.0000,,
2187,559872,256,0.972873,6.0000,,
2188,560128,256,0.964786,6.0000,,
2189,560384,256,0.970174,6.0000,,
2190,560640,256,0.971413,6.0000,,
2191,560896,256,0.971431,6.0000,,
2192,561152,256,0.975663,6.0000,,
2193,561408,256,0.981282,6.0000,,
2194,561664,256,0.968476,6.0000,,
2195,561920,256,0.975660,6.0000,,
2196,562176,256,0.973781,6.0000,,
2197,562432,256,0.972879,6.0000,,
2198,562688,256,0.972577,6.0000,,
2199,562944,256,0.974053,6.0000,,
2200,563200,256,0.967183,6.0000,0.987139,6.0000
2201,563456,256,0.977451,6.0000,,
2202,563712,256,0.975515,6.0000,,
2203,563968,256,0.964483,6.0000,,
2204,564224,256,0.966352,6.0000,,
2205,564480,256,0.974805,6.0000,,
2206,564736,256,0.971509,6.0000,,
2207,564992,256,0.974060,6.0000,,
2208,565248,256,0.968926,6.0000,,
2209,565504,256,0.969412,6.0000,,
2210,565760,256,0.964419,6.0000,,
2211,566016,256,0.974766,6.0000,,
2212,566272,256,0.969020,6.0000,,
2213,566528,256,0.967776,6.0000,,
2214,566784,256,0.969069,6.0000,,
2215,567040,256,0.962379,6.0000,,
2216,567296,256,0.967322,6.0000,,
2217,567552,256,0.967669,6.0000,,
2218,567808,256,0.978775,6.0000,,
2219,568064,256,0.976404,6.0000,,
2220,568320,256,0.971803,6.0000,,
2221,568576,256,0.976048,6.0000,,
2222,568832,256,0.964010,6.0000,,
2223,569088,256,0.970845,6.0000,,
2224,569344,256,0.967870,6.0000,,
2225,569600,256,0.955130,6.0000,,
2226,569856,256,0.959505,6.0000,,
2227,570112,256,0.975245,6.0000,,
2228,570368,256,0.972009,6.0000,,
2229,570624,256,0.964738,6.0000,,
2230,570880,256,0.972772,6.0000,,
2231,571136,256,0.976869,6.0000,,
2232,571392,256,0.971250,6.0000,,
2233,571648,256,0.966080,6.0000,,
2234,571904,256,0.978393,6.0000,,
2235,572160,256,0.971793,6.0000,,
2236,572416,256,0.975685,6.0000,,
2237,572672,256,0.968459,6.0000,,
2238,572928,256,0.972076,6.0000,,
2239,573184,256,0.968613,6.0000,,
2240,573440,256,0.965489,6.0000,,
2241,573696,256,0.972001,6.0000,,
2242,573952,256,0.974226,6.0000,,
2243,574208,256,0.979730,6.0000,,
2244,574464,256,0.977776,6.0000,,
2245,574720,256,0.970038,6.0000,,
2246,574976,256,0.967540,6.0000,,
2247,575232,256,0.974842,6.0000,,
2248,575488,256,0.974333,6.0000,,
2249,575744,256,0.964607,6.0000,,
2250,576000,256,0.965162,6.0000,,
2251,576256,256,0.967142,6.0000,,
2252,576512,256,0.971660,6.0000,,
2253,576768,256,0.975690,6.0000,,
2254,577024,256,0.971113,6.0000,,
2255,577280,256,0.973286,6.0000,,
2256,577536,256,0.971431,6.0000,,
2257,577792,256,0.966239,6.0000,,
2258,578048,256,0.971888,6.0000,,
2259,578304,256,0.957638,6.0000,,
2260,578560,256,0.964294,6.0000,,
2261,578816,256,0.971370,6.0000,,
2262,579072,256,0.960360,6.0000,,
2263,579328,256,0.965044,6.0000,,
2264,579584,256,0.979132,6.0000,,
2265,579840,256,0.972388,6.0000,,
2266,580096,256,0.962827,6.0000,,
2267,580352,256,0.976146,6.0000,,
2268,580608,256,0.969138,6.0000,,
2269,580864,256,0.965242,6.0000,,
2270,581120,256,0.971610,6.0000,,
2271,581376,256,0.971890,6.0000,,
2272,581632,256,0.970738,6.0000,,
2273,581888,256,0.978251,6.0000,,
2274,582144,256,0.969690,6.0000,,
2275,582400,256,0.967012,6.0000,,
2276,582656,256,0.969396,6.0000,,
2277,582912,256,0.967284,6.0000,,
2278,583168,256,0.963214,6.0000,,
2279,583424,256,0.978663,6.0000,,
2280,583680,256,0.969297,6.0000,,
2281,583936,256,0.972880,6.0000,,
2282,584192,256,0.973720,6.0000,,
2283,584448,256,0.978416,6.0000,,
2284,584704,256,0.973388,6.0000,,
2285,584960,256,0.978598,6.0000,,
2286,585216,256,0.970285,6.0000,,
2287,585472,256,0.979422,6.0000,,
2288,585728,256,0.972125,6.0000,,
2289,585984,256,0.969665,6.0000,,
2290,586240,256,0.972771,6.0000,,
2291,586496,256,0.970652,6.0000,,
2292,586752,256,0.973892,6.0000,,
2293,587008,256,0.972320,6.0000,,
2294,587264,256,0.971182,6.0000,,
2295,587520,256,0.969832,6.0000,,
2296,587776,256,0.979433,6.0000,,
2297,588032,256,0.968527,6.0000,,
2298,588288,256,0.967915,6.0000,,
2299,588544,256,0.982430,6.0000,,
2300,588800,256,0.967325,6.0000,0.987932,6.0000
2301,589056,256,0.978331,6.0000,,
2302,589312,256,0.972210,6.0000,,
2303,589568,256,0.968680,6.0000,,
2304,589824,256,0.971798,6.0000,,
2305,590080,256,0.976847,6.0000,,
2306,590336,256,0.971898,6.0000,,
2307,590592,256,0.977333,6.0000,,
2308,590848,256,0.977803,6.0000,,
2309,591104,256,0.980348,6.0000,,
2310,591360,256,0.979308,6.0000,,
2311,591616,256,0.971579,6.0000,,
2312,591872,256,0.969101,6.0000,,
2313,592128,256,0.974415,6.0000,,
2314,592384,256,0.967129,6.0000,,
2315,592640,256,0.975675,6.0000,,
2316,592896,256,0.963278,6.0000,,
2317,593152,256,0.974138,6.0000,,
2318,593408,256,0.969244,6.0000,,
2319,593664,256,0.976325,6.0000,,
2320,593920,256,0.977680,6.0000,,
2321,594176,256,0.976752,6.0000,,
2322,594432,256,0.974674,6.0000,,
2323,594688,256,0.975013,6.0000,,
2324,594944,256,0.977214,6.0000,,
2325,595200,256,0.973577,6.0000,,
2326,595456,256,0.975036,6.0000,,
2327,595712,256,0.975632,6.0000,,
2328,595968,256,0.975120,6.0000,,
2329,596224,256,0.974210,6.0000,,
2330,596480,256,0.964030,6.0000,,
2331,596736,256,0.971337,6.0000,,
2332,596992,256,0.960350,6.0000,,
2333,597248,256,0.972181,6.0000,,
2334,597504,256,0.980920,6.0000,,
2335,597760,256,0.979703,6.0000,,
2336,598016,256,0.972410,6.0000,,
2337,598272,256,0.957572,6.0000,,
2338,598528,256,0.975272,6.0000,,
2339,598784,256,0.978281,6.0000,,
2340,599040,256,0.974961,6.0000,,
2341,599296,256,0.980786,6.0000,,
2342,599552,256,0.975283,6.0000,,
2343,599808,256,0.980097,6.0000,,
2344,600064,256,0.973685,6.0000,,
2345,600320,256,0.967393,6.0000,,
2346,600576,256,0.971673,6.0000,,
2347,600832,256,0.970332,6.0000,,
2348,601088,256,0.973730,6.0000,,
2349,601344,256,0.963226,6.0000,,
2350,601600,256,0.972505,6.0000,,
2351,601856,256,0.977967,6.0000,,
2352,602112,256,0.966144,6.0000,,
2353,602368,256,0.972004,6.0000,,
2354,602624,256,0.966490,6.0000,,
2355,602880,256,0.981312,6.0000,,
2356,603136,256,0.971115,6.0000,,
2357,603392,256,0.973030,6.0000,,
2358,603648,256,0.980078,6.0000,,
2359,603904,256,0.972257,6.0000,,
2360,604160,256,0.965200,6.0000,,
2361,604416,256,0.975088,6.0000,,
2362,604672,256,0.975034,6.0000,,
2363,604928,256,0.980288,6.0000,,
2364,605184,256,0.956342,6.0000,,
2365,605440,256,0.981606,6.0000,,
2366,605696,256,0.967173,6.0000,,
2367,605952,256,0.978309,6.0000,,
2368,606208,256,0.964906,6.0000,,
2369,606464,256,0.969906,6.0000,,
2370,606720,256,0.973857,6.0000,,
2371,606976,256,0.969490,6.0000,,
2372,607232,256,0.974815,6.0000,,
2373,607488,256,0.966098,6.0000,,
2374,607744,256,0.978739,6.0000,,
2375,608000,256,0.967819,6.0000,,
2376,608256,256,0.968797,6.0000,,
2377,608512,256,0.973018,6.0000,,
2378,608768,256,0.971488,6.0000,,
2379,609024,256,0.979620,6.0000,,
2380,609280,256,0.974917,6.0000,,
2381,609536,256,0.962258,6.0000,,
2382,609792,256,0.973457,6.0000,,
2383,610048,256,0.973587,6.0000,,
2384,610304,256,0.967862,6.0000,,
2385,610560,256,0.969474,6.0000,,
2386,610816,256,0.975448,6.0000,,
2387,611072,256,0.965331,6.0000,,
2388,611328,256,0.967008,6.0000,,
2389,611584,256,0.974469,6.0000,,
2390,611840,256,0.968824,6.0000,,
2391,612096,256,0.969563,6.0000,,
2392,612352,256,0.974137,6.0000,,
2393,612608,256,0.965542,6.0000,,
2394,612864,256,0.975634,6.0000,,
2395,613120,256,0.964773,6.0000,,
2396,613376,256,0.973673,6.0000,,
2397,613632,256,0.977466,6.0000,,
2398,613888,256,0.972754,6.0000,,
2399,614144,256,0.968691,6.0000,,
2400,614400,256,0.976433,6.0000,0.991116,6.0000
2401,614656,256,0.972369,6.0000,,
2402,614912,256,0.973771,6.0000,,
2403,615168,256,0.976173,6.0000,,
2404,615424,256,0.974686,6.0000,,
2405,615680,256,0.967208,6.0000,,
2406,615936,256,0.981366,6.0000,,
2407,616192,256,0.975369,6.0000,,
2408,616448,256,0.968242,6.0000,,
2409,616704,256,0.977804,6.0000,,
2410,616960,256,0.977687,6.0000,,
2411,617216,256,0.968692,6.0000,,
2412,617472,256,0.978838,6.0000,,
2413,617728,256,0.970643,6.0000,,
2414,617984,256,0.973919,6.0000,,
2415,618240,256,0.977986,6.0000,,
2416,618496,256,0.979437,6.0000,,
2417,618752,256,0.970989,6.0000,,
2418,619008,256,0.972107,6.0000,,
2419,619264,256,0.973059,6.0000,,
2420,619520,256,0.978317,6.0000,,
2421,619776,256,0.967088,6.0000,,
2422,620032,256,0.970680,6.0000,,
2423,620288,256,0.978823,6.0000,,
2424,620544,256,0.957589,6.0000,,
2425,620800,256,0.972711,6.0000,,
2426,621056,256,0.976206,6.0000,,
2427,621312,256,0.965682,6.0000,,
2428,621568,256,0.973525,6.0000,,
2429,621824,256,0.970533,6.0000,,
2430,622080,256,0.978952,6.0000,,
2431,622336,256,0.976009,6.0000,,
2432,622592,256,0.974669,6.0000,,
2433,622848,256,0.974630,6.0000,,
2434,623104,256,0.969576,6.0000,,
2435,623360,256,0.970671,6.0000,,
2436,623616,256,0.966425,6.0000,,
2437,623872,256,0.976807,6.0000,,
2438,624128,256,0.973350,6.0000,,
2439,624384,256,0.972548,6.0000,,
2440,624640,256,0.979752,6.0000,,
2441,624896,256,0.977905,6.0000,,
2442,625152,256,0.970993,6.0000,,
2443,625408,256,0.970947,6.0000,,
2444,625664,256,0.972808,6.0000,,
2445,625920,256,0.975811,6.0000,,
2446,626176,256,0.966147,6.0000,,
2447,626432,256,0.973221,6.0000,,
2448,626688,256,0.978497,6.0000,,
2449,626944,256,0.970842,6.0000,,
2450,627200,256,0.975716,6.0000,,
2451,627456,256,0.976768,6.0000,,
2452,627712,256,0.977560,6.0000,,
2453,627968,256,0.976777,6.0000,,
2454,628224,256,0.972249,6.0000,,
2455,628480,256,0.965231,6.0000,,
2456,628736,256,0.976057,6.0000,,
2457,628992,256,0.977060,6.0000,,
2458,629248,256,0.969002,6.0000,,
2459,629504,256,0.973478,6.0000,,
2460,629760,256,0.963718,6.0000,,
2461,630016,256,0.980125,6.0000,,
2462,630272,256,0.975134,6.0000,,
2463,630528,256,0.970767,6.0000,,
2464,630784,256,0.971716,6.0000,,
2465,631040,256,0.975651,6.0000,,
2466,631296,256,0.971311,6.0000,,
2467,631552,256,0.959359,6.0000,,
2468,631808,256,0.974832,6.0000,,
2469,632064,256,0.970475,6.0000,,
2470,632320,256,0.974652,6.0000,,
2471,632576,256,0.974712,6.0000,,
2472,632832,256,0.976563,6.0000,,
2473,633088,256,0.972668,6.0000,,
2474,633344,256,0.973692,6.0000,,
2475,633600,256,0.971297,6.0000,,
2476,633856,256,0.969706,6.0000,,
2477,634112,256,0.968725,6.0000,,
2478,634368,256,0.980003,6.0000,,
2479,634624,256,0.974434,6.0000,,
2480,634880,256,0.976867,6.0000,,
2481,635136,256,0.975309,6.0000,,
2482,635392,256,0.966879,6.0000,,
2483,635648,256,0.958205,6.0000,,
2484,635904,256,0.975896,6.0000,,
2485,636160,256,0.970698,6.0000,,
2486,636416,256,0.969886,6.0000,,
2487,636672,256,0.961978,6.0000,,
2488,636928,256,0.970117,6.0000,,
2489,637184,256,0.958497,6.0000,,
2490,637440,256,0.973108,6.0000,,
2491,637696,256,0.975491,6.0000,,
2492,637952,256,0.971945,6.0000,,
2493,638208,256,0.972094,6.0000,,
2494,638464,256,0.965324,6.0000,,
2495,638720,256,0.971740,6.0000,,
2496,638976,256,0.979094,6.0000,,
2497,639232,256,0.970900,6.0000,,
2498,639488,256,0.971996,6.0000,,
2499,639744,256,0.980191,6.0000,,
2500,640000,256,0.968045,6.0000,0.988593,6.0000
2501,640256,256,0.969194,6.0000,,
2502,640512,256,0.972697,6.0000,,
2503,640768,256,0.968290,6.0000,,
2504,641024,256,0.966035,6.0000,,
2505,641280,256,0.975500,6.0000,,
2506,641536,256,0.980806,6.0000,,
2507,641792,256,0.980820,6.0000,,
2508,642048,256,0.978528,6.0000,,
2509,642304,256,0.978348,6.0000,,
2510,642560,256,0.975626,6.0000,,
2511,642816,256,0.976089,6.0000,,
2512,643072,256,0.975207,6.0000,,
2513,643328,256,0.977221,6.0000,,
2514,643584,256,0.973908,6.0000,,
2515,643840,256,0.983186,6.0000,,
2516,644096,256,0.961764,6.0000,,
2517,644352,256,0.964143,6.0000,,
2518,644608,256,0.980927,6.0000,,
2519,644864,256,0.964433,6.0000,,
2520,645120,256,0.970567,6.0000,,
2521,645376,256,0.964991,6.0000,,
2522,645632,256,0.976982,6.0000,,
2523,645888,256,0.980174,6.0000,,
2524,646144,256,0.976767,6.0000,,
2525,646400,256,0.980896,6.0000,,
2526,646656,256,0.969734,6.0000,,
2527,646912,256,0.974841,6.0000,,
2528,647168,256,0.969802,6.0000,,
2529,647424,256,0.975331,6.0000,,
2530,647680,256,0.964991,6.0000,,
2531,647936,256,0.970316,6.0000,,
2532,648192,256,0.971956,6.0000,,
2533,648448,256,0.971352,6.0000,,
2534,648704,256,0.977642,6.0000,,
2535,648960,256,0.979534,6.0000,,
2536,649216,256,0.977356,6.0000,,
2537,649472,256,0.975545,6.0000,,
2538,649728,256,0.980388,6.0000,,
2539,649984,256,0.975732,6.0000,,
2540,650240,256,0.984794,6.0000,,
2541,650496,256,0.969443,6.0000,,
2542,650752,256,0.976992,6.0000,,
2543,651008,256,0.974008,6.0000,,
2544,651264,256,0.973058,6.0000,,
2545,651520,256,0.972018,6.0000,,
2546,651776,256,0.972069,6.0000,,
2547,652032,256,0.978913,6.0000,,
2548,652288,256,0.969086,6.0000,,
2549,652544,256,0.981009,6.0000,,
2550,652800,256,0.978360,6.0000,,
2551,653056,256,0.971312,6.0000,,
2552,653312,256,0.970272,6.0000,,
2553,653568,256,0.969715,6.0000,,
2554,653824,256,0.975654,6.0000,,
2555,654080,256,0.973439,6.0000,,
2556,654336,256,0.973866,6.0000,,
2557,654592,256,0.965803,6.0000,,
2558,654848,256,0.972020,6.0000,,
2559,655104,256,0.969542,6.0000,,
2560,655360,256,0.966915,6.0000,,
2561,655616,256,0.981903,6.0000,,
2562,655872,256,0.980267,6.0000,,
2563,656128,256,0.970561,6.0000,,
2564,656384,256,0.970252,6.0000,,
2565,656640,256,0.974995,6.0000,,
2566,656896,256,0.979397,6.0000,,
2567,657152,256,0.977293,6.0000,,
2568,657408,256,0.973413,6.0000,,
2569,657664,256,0.969741,6.0000,,
2570,657920,256,0.977314,6.0000,,
2571,658176,256,0.968672,6.0000,,
2572,658432,256,0.977136,6.0000,,
2573,658688,256,0.974336,6.0000,,
2574,658944,256,0.974804,6.0000,,
2575,659200,256,0.967022,6.0000,,
2576,659456,256,0.963912,6.0000,,
2577,659712,256,0.972234,6.0000,,
2578,659968,256,0.967313,6.0000,,
2579,660224,256,0.980431,6.0000,,
2580,660480,256,0.976678,6.0000,,
2581,660736,256,0.968624,6.0000,,
2582,660992,256,0.975578,6.0000,,
2583,661248,256,0.977754,6.0000,,
2584,661504,256,0.972013,6.0000,,
2585,661760,256,0.974358,6.0000,,
2586,662016,256,0.976448,6.0000,,
2587,662272,256,0.974705,6.0000,,
2588,662528,256,0.970908,6.0000,,
2589,662784,256,0.970645,6.0000,,
2590,663040,256,0.978290,6.0000,,
2591,663296,256,0.972129,6.0000,,
2592,663552,256,0.974883,6.0000,,
2593,663808,256,0.972494,6.0000,,
2594,664064,256,0.975993,6.0000,,
2595,664320,256,0.978987,6.0000,,
2596,664576,256,0.974338,6.0000,,
2597,664832,256,0.970978,6.0000,,
2598,665088,256,0.983460,6.0000,,
2599,665344,256,0.973182,6.0000,,
2600,665600,256,0.957127,6.0000,0.992799,6.0000
2601,665856,256,0.978449,6.0000,,
2602,666112,256,0.974929,6.0000,,
2603,666368,256,0.974481,6.0000,,
2604,666624,256,0.977698,6.0000,,
2605,666880,256,0.965465,6.0000,,
2606,667136,256,0.963217,6.0000,,
2607,667392,256,0.973883,6.0000,,
2608,667648,256,0.959402,6.0000,,
2609,667904,256,0.971557,6.0000,,
2610,668160,256,0.968590,6.0000,,
2611,668416,256,0.977843,6.0000,,
2612,668672,256,0.972267,6.0000,,
2613,668928,256,0.966498,6.0000,,
2614,669184,256,0.974964,6.0000,,
2615,669440,256,0.966481,6.0000,,
2616,669696,256,0.982105,6.0000,,
2617,669952,256,0.973194,6.0000,,
2618,670208,256,0.977837,6.0000,,
2619,670464,256,0.976694,6.0000,,
2620,670720,256,0.981645,6.0000,,
2621,670976,256,0.971035,6.0000,,
2622,671232,256,0.975065,6.0000,,
2623,671488,256,0.978551,6.0000,,
2624,671744,256,0.973354,6.0000,,
2625,672000,256,0.981203,6.0000,,
2626,672256,256,0.974957,6.0000,,
2627,672512,256,0.976919,6.0000,,
2628,672768,256,0.979586,6.0000,,
2629,673024,256,0.973382,6.0000,,
2630,673280,256,0.971603,6.0000,,
2631,673536,256,0.967380,6.0000,,
2632,673792,256,0.974553,6.0000,,
2633,674048,256,0.970622,6.0000,,
2634,674304,256,0.973178,6.0000,,
2635,674560,256,0.968513,6.0000,,
2636,674816,256,0.970184,6.0000,,
2637,675072,256,0.973305,6.0000,,
2638,675328,256,0.973691,6.0000,,
2639,675584,256,0.971422,6.0000,,
2640,675840,256,0.967216,6.0000,,
2641,676096,256,0.964895,6.0000,,
2642,676352,256,0.976445,6.0000,,
2643,676608,256,0.962017,6.0000,,
2644,676864,256,0.977896,6.0000,,
2645,677120,256,0.977349,6.0000,,
2646,677376,256,0.968194,6.0000,,
2647,677632,256,0.962228,6.0000,,
2648,677888,256,0.975198,6.0000,,
2649,678144,256,0.972232,6.0000,,
2650,678400,256,0.978805,6.0000,,
2651,678656,256,0.980099,6.0000,,
2652,678912,256,0.975669,6.0000,,
2653,679168,256,0.974287,6.0000,,
2654,679424,256,0.978101,6.0000,,
2655,679680,256,0.978016,6.0000,,
2656,679936,256,0.977017,6.0000,,
2657,680192,256,0.982107,6.0000,,
2658,680448,256,0.970360,6.0000,,
2659,680704,256,0.983703,6.0000,,
2660,680960,256,0.971906,6.0000,,
2661,681216,256,0.976377,6.0000,,
2662,681472,256,0.976584,6.0000,,
2663,681728,256,0.983434,6.0000,,
2664,681984,256,0.966990,6.0000,,
2665,682240,256,0.964073,6.0000,,
2666,682496,256,0.979458,6.0000,,
2667,682752,256,0.970659,6.0000,,
2668,683008,256,0.969827,6.0000,,
2669,683264,256,0.972034,6.0000,,
2670,683520,256,0.976645,6.0000,,
2671,683776,256,0.975860,6.0000,,
2672,684032,256,0.972283,6.0000,,
2673,684288,256,0.981200,6.0000,,
2674,684544,256,0.965616,6.0000,,
2675,684800,256,0.970517,6.0000,,
2676,685056,256,0.975056,6.0000,,
2677,685312,256,0.966613,6.0000,,
2678,685568,256,0.972642,6.0000,,
2679,685824,256,0.977636,6.0000,,
2680,686080,256,0.978449,6.0000,,
2681,686336,256,0.970006,6.0000,,
2682,686592,256,0.976894,6.0000,,
2683,686848,256,0.970901,6.0000,,
2684,687104,256,0.976407,6.0000,,
2685,687360,256,0.980507,6.0000,,
2686,687616,256,0.975068,6.0000,,
2687,687872,256,0.979461,6.0000,,
2688,688128,256,0.977601,6.0000,,
2689,688384,256,0.977606,6.0000,,
2690,688640,256,0.978855,6.0000,,
2691,688896,256,0.976620,6.0000,,
2692,689152,256,0.973707,6.0000,,
2693,689408,256,0.974476,6.0000,,
2694,689664,256,0.973276,6.0000,,
2695,689920,256,0.980873,6.0000,,
2696,690176,256,0.970954,6.0000,,
2697,690432,256,0.975060,6.0000,,
2698,690688,256,0.975353,6.0000,,
2699,690944,256,0.971990,6.0000,,
2700,691200,256,0.977898,6.0000,0.989603,6.0000
2701,691456,256,0.975329,6.0000,,
2702,691712,256,0.978503,6.0000,,
2703,691968,256,0.973266,6.0000,,
2704,692224,256,0.978032,6.0000,,
2705,692480,256,0.979133,6.0000,,
2706,692736,256,0.981618,6.0000,,
2707,692992,256,0.986201,6.0000,,
2708,693248,256,0.983129,6.0000,,
2709,693504,256,0.980796,6.0000,,
2710,693760,256,0.972417,6.0000,,
2711,694016,256,0.971318,6.0000,,
2712,694272,256,0.970957,6.0000,,
2713,694528,256,0.973450,6.0000,,
2714,694784,256,0.975377,6.0000,,
2715,695040,256,0.973246,6.0000,,
2716,695296,256,0.966029,6.0000,,
2717,695552,256,0.973941,6.0000,,
2718,695808,256,0.979500,6.0000,,
2719,696064,256,0.974522,6.0000,,
2720,696320,256,0.969419,6.0000,,
2721,696576,256,0.981035,6.0000,,
2722,696832,256,0.976946,6.0000,,
2723,697088,256,0.976528,6.0000,,
2724,697344,256,0.965619,6.0000,,
2725,697600,256,0.975672,6.0000,,
2726,697856,256,0.984573,6.0000,,
2727,698112,256,0.981887,6.0000,,
2728,698368,256,0.969774,6.0000,,
2729,698624,256,0.977996,6.0000,,
2730,698880,256,0.973549,6.0000,,
2731,699136,256,0.972050,6.0000,,
2732,699392,256,0.975874,6.0000,,
2733,699648,256,0.973649,6.0000,,
2734,699904,256,0.982567,6.0000,,
2735,700160,256,0.980451,6.0000,,
2736,700416,256,0.984816,6.0000,,
2737,700672,256,0.977635,6.0000,,
2738,700928,256,0.975646,6.0000,,
2739,701184,256,0.975435,6.0000,,
2740,701440,256,0.979205,6.0000,,
2741,701696,256,0.981706,6.0000,,
2742,701952,256,0.977963,6.0000,,
2743,702208,256,0.971581,6.0000,,
2744,702464,256,0.970425,6.0000,,
2745,702720,256,0.976205,6.0000,,
2746,702976,256,0.973931,6.0000,,
2747,703232,256,0.975397,6.0000,,
2748,703488,256,0.977329,6.0000,,
2749,703744,256,0.975762,6.0000,,
2750,704000,256,0.978479,6.0000,,
2751,704256,256,0.973276,6.0000,,
2752,704512,256,0.983157,6.0000,,
2753,704768,256,0.972661,6.0000,,
2754,705024,256,0.969422,6.0000,,
2755,705280,256,0.979030,6.0000,,
2756,705536,256,0.969501,6.0000,,
2757,705792,256,0.967331,6.0000,,
2758,706048,256,0.968591,6.0000,,
2759,706304,256,0.972713,6.0000,,
2760,706560,256,0.979337,6.0000,,
2761,706816,256,0.965717,6.0000,,
2762,707072,256,0.973282,6.0000,,
2763,707328,256,0.979845,6.0000,,
2764,707584,256,0.973891,6.0000,,
2765,707840,256,0.978224,6.0000,,
2766,708096,256,0.968689,6.0000,,
2767,708352,256,0.976858,6.0000,,
2768,708608,256,0.981375,6.0000,,
2769,708864,256,0.984923,6.0000,,
2770,709120,256,0.976757,6.0000,,
2771,709376,256,0.973964,6.0000,,
2772,709632,256,0.975737,6.0000,,
2773,709888,256,0.976938,6.0000,,
2774,710144,256,0.964540,6.0000,,
2775,710400,256,0.971530,6.0000,,
2776,710656,256,0.973036,6.0000,,
2777,710912,256,0.980816,6.0000,,
2778,711168,256,0.979974,6.0000,,
2779,711424,256,0.975971,6.0000,,
2780,711680,256,0.982248,6.0000,,
2781,711936,256,0.967717,6.0000,,
2782,712192,256,0.976181,6.0000,,
2783,712448,256,0.986485,6.0000,,
2784,712704,256,0.969675,6.0000,,
2785,712960,256,0.969519,6.0000,,
2786,713216,256,0.966315,6.0000,,
2787,713472,256,0.971533,6.0000,,
2788,713728,256,0.973413,6.0000,,
2789,713984,256,0.980049,6.0000,,
2790,714240,256,0.970270,6.0000,,
2791,714496,256,0.977614,6.0000,,
2792,714752,256,0.970812,6.0000,,
2793,715008,256,0.973162,6.0000,,
2794,715264,256,0.970155,6.0000,,
2795,715520,256,0.977972,6.0000,,
2796,715776,256,0.972188,6.0000,,
2797,716032,256,0.976720,6.0000,,
2798,716288,256,0.974132,6.0000,,
2799,716544,256,0.969024,6.0000,,
2800,716800,256,0.974369,6.0000,0.991296,6.0000
2801,717056,256,0.973360,6.0000,,
2802,717312,256,0.970693,6.0000,,
2803,717568,256,0.972910,6.0000,,
2804,717824,256,0.972071,6.0000,,
2805,718080,256,0.975026,6.0000,,
2806,718336,256,0.967116,6.0000,,
2807,718592,256,0.976962,6.0000,,
2808,718848,256,0.965960,6.0000,,
2809,719104,256,0.971853,6.0000,,
2810,719360,256,0.979463,6.0000,,
2811,719616,256,0.980009,6.0000,,
2812,719872,256,0.980181,6.0000,,
2813,720128,256,0.976530,6.0000,,
2814,720384,256,0.978958,6.0000,,
2815,720640,256,0.970254,6.0000,,
2816,720896,256,0.964959,6.0000,,
2817,721152,256,0.980198,6.0000,,
2818,721408,256,0.979174,6.0000,,
2819,721664,256,0.974870,6.0000,,
2820,721920,256,0.970859,6.0000,,
2821,722176,256,0.975777,6.0000,,
2822,722432,256,0.970784,6.0000,,
2823,722688,256,0.966453,6.0000,,
2824,722944,256,0.973327,6.0000,,
2825,723200,256,0.968597,6.0000,,
2826,723456,256,0.976057,6.0000,,
2827,723712,256,0.974415,6.0000,,
2828,723968,256,0.974718,6.0000,,
2829,724224,256,0.968753,6.0000,,
2830,724480,256,0.962525,6.0000,,
2831,724736,256,0.976647,6.0000,,
2832,724992,256,0.981215,6.0000,,
2833,725248,256,0.971148,6.0000,,
2834,725504,256,0.973127,6.0000,,
2835,725760,256,0.970254,6.0000,,
2836,726016,256,0.981449,6.0000,,
2837,726272,256,0.969535,6.0000,,
2838,726528,256,0.977781,6.0000,,
2839,726784,256,0.976588,6.0000,,
2840,727040,256,0.978033,6.0000,,
2841,727296,256,0.976331,6.0000,,
2842,727552,256,0.968637,6.0000,,
2843,727808,256,0.972993,6.0000,,
2844,728064,256,0.969274,6.0000,,
2845,728320,256,0.972199,6.0000,,
2846,728576,256,0.979983,6.0000,,
2847,728832,256,0.968028,6.0000,,
2848,729088,256,0.972133,6.0000,,
2849,729344,256,0.979783,6.0000,,
2850,729600,256,0.977809,6.0000,,
2851,729856,256,0.978650,6.0000,,
2852,730112,256,0.973277,6.0000,,
2853,730368,256,0.975597,6.0000,,
2854,730624,256,0.974677,6.0000,,
2855,730880,256,0.975396,6.0000,,
2856,731136,256,0.982858,6.0000,,
2857,731392,256,0.964801,6.0000,,
2858,731648,256,0.972666,6.0000,,
2859,731904,256,0.981793,6.0000,,
2860,732160,256,0.981284,6.0000,,
2861,732416,256,0.974254,6.0000,,
2862,732672,256,0.975115,6.0000,,
2863,732928,256,0.972822,6.0000,,
2864,733184,256,0.977664,6.0000,,
2865,733440,256,0.970631,6.0000,,
2866,733696,256,0.974060,6.0000,,
2867,733952,256,0.974021,6.0000,,
2868,734208,256,0.973686,6.0000,,
2869,734464,256,0.965708,6.0000,,
2870,734720,256,0.978857,6.0000,,
2871,734976,256,0.976241,6.0000,,
2872,735232,256,0.971725,6.0000,,
2873,735488,256,0.978929,6.0000,,
2874,735744,256,0.974204,6.0000,,
2875,736000,256,0.977585,6.0000,,
2876,736256,256,0.981187,6.0000,,
2877,736512,256,0.977460,6.0000,,
2878,736768,256,0.981124,6.0000,,
2879,737024,256,0.976287,6.0000,,
2880,737280,256,0.974853,6.0000,,
2881,737536,256,0.976566,6.0000,,
2882,737792,256,0.978087,6.0000,,
2883,738048,256,0.978155,6.0000,,
2884,738304,256,0.973572,6.0000,,
2885,738560,256,0.968810,6.0000,,
2886,738816,256,0.980486,6.0000,,
2887,739072,256,0.973246,6.0000,,
2888,739328,256,0.972165,6.0000,,
2889,739584,256,0.974471,6.0000,,
2890,739840,256,0.970526,6.0000,,
2891,740096,256,0.971952,6.0000,,
2892,740352,256,0.976883,6.0000,,
2893,740608,256,0.976456,6.0000,,
2894,740864,256,0.969486,6.0000,,
2895,741120,256,0.974556,6.0000,,
2896,741376,256,0.978455,6.0000,,
2897,741632,256,0.972875,6.0000,,
2898,741888,256,0.978113,6.0000,,
2899,742144,256,0.980600,6.0000,,
2900,742400,256,0.969264,6.0000,0.992751,6.0000
2901,742656,256,0.977987,6.0000,,
2902,742912,256,0.973059,6.0000,,
2903,743168,256,0.966623,6.0000,,
2904,743424,256,0.976871,6.0000,,
2905,743680,256,0.977993,6.0000,,
2906,743936,256,0.969618,6.0000,,
2907,744192,256,0.975158,6.0000,,
2908,744448,256,0.984181,6.0000,,
2909,744704,256,0.967547,6.0000,,
2910,744960,256,0.972150,6.0000,,
2911,745216,256,0.970871,6.0000,,
2912,745472,256,0.973945,6.0000,,
2913,745728,256,0.962490,6.0000,,
2914,745984,256,0.980223,6.0000,,
2915,746240,256,0.978259,6.0000,,
2916,746496,256,0.968763,6.0000,,
2917,746752,256,0.979315,6.0000,,
2918,747008,256,0.977390,6.0000,,
2919,747264,256,0.980800,6.0000,,
2920,747520,256,0.977707,6.0000,,
2921,747776,256,0.971203,6.0000,,
2922,748032,256,0.972040,6.0000,,
2923,748288,256,0.975693,6.0000,,
2924,748544,256,0.972164,6.0000,,
2925,748800,256,0.976084,6.0000,,
2926,749056,256,0.972578,6.0000,,
2927,749312,256,0.971784,6.0000,,
2928,749568,256,0.977313,6.0000,,
2929,749824,256,0.981594,6.0000,,
2930,750080,256,0.981425,6.0000,,
2931,750336,256,0.977089,6.0000,,
2932,750592,256,0.980737,6.0000,,
2933,750848,256,0.979322,6.0000,,
2934,751104,256,0.978482,6.0000,,
2935,751360,256,0.970758,6.0000,,
2936,751616,256,0.973925,6.0000,,
2937,751872,256,0.968103,6.0000,,
2938,752128,256,0.981707,6.0000,,
2939,752384,256,0.981052,6.0000,,
2940,752640,256,0.978345,6.0000,,
2941,752896,256,0.972314,6.0000,,
2942,753152,256,0.974866,6.0000,,
2943,753408,256,0.984274,6.0000,,
2944,753664,256,0.977731,6.0000,,
2945,753920,256,0.982164,6.0000,,
2946,754176,256,0.972513,6.0000,,
2947,754432,256,0.969406,6.0000,,
2948,754688,256,0.977440,6.0000,,
2949,754944,256,0.974725,6.0000,,
2950,755200,256,0.978703,6.0000,,
2951,755456,256,0.982290,6.0000,,
2952,755712,256,0.967015,6.0000,,
2953,755968,256,0.980787,6.0000,,
2954,756224,256,0.968547,6.0000,,
2955,756480,256,0.976278,6.0000,,
2956,756736,256,0.981617,6.0000,,
2957,756992,256,0.980085,6.0000,,
2958,757248,256,0.972643,6.0000,,
2959,757504,256,0.968259,6.0000,,
2960,757760,256,0.973846,6.0000,,
2961,758016,256,0.981092,6.0000,,
2962,758272,256,0.972431,6.0000,,
2963,758528,256,0.976087,6.0000,,
2964,758784,256,0.972376,6.0000,,
2965,759040,256,0.975192,6.0000,,
2966,759296,256,0.974451,6.0000,,
2967,759552,256,0.977901,6.0000,,
2968,759808,256,0.977381,6.0000,,
2969,760064,256,0.968051,6.0000,,
2970,760320,256,0.972638,6.0000,,
2971,760576,256,0.971763,6.0000,,
2972,760832,256,0.980206,6.0000,,
2973,761088,256,0.978283,6.0000,,
2974,761344,256,0.979033,6.0000,,
2975,761600,256,0.983938,6.0000,,
2976,761856,256,0.978063,6.0000,,
2977,762112,256,0.984537,6.0000,,
2978,762368,256,0.981831,6.0000,,
2979,762624,256,0.975334,6.0000,,
2980,762880,256,0.978230,6.0000,,
2981,763136,256,0.976657,6.0000,,
2982,763392,256,0.978862,6.0000,,
2983,763648,256,0.981150,6.0000,,
2984,763904,256,0.977458,6.0000,,
2985,764160,256,0.984427,6.0000,,
2986,764416,256,0.966420,6.0000,,
2987,764672,256,0.980546,6.0000,,
2988,764928,256,0.972569,6.0000,,
2989,765184,256,0.975334,6.0000,,
2990,765440,256,0.978735,6.0000,,
2991,765696,256,0.971526,6.0000,,
2992,765952,256,0.972630,6.0000,,
2993,766208,256,0.974671,6.0000,,
2994,766464,256,0.983001,6.0000,,
2995,766720,256,0.974089,6.0000,,
2996,766976,256,0.973800,6.0000,,
2997,767232,256,0.978652,6.0000,,
2998,767488,256,0.970373,6.0000,,
2999,767744,256,0.965641,6.0000,,
3000,768000,256,0.977764,6.0000,0.994978,6.0000
3001,768256,256,0.976221,6.0000,,
3002,768512,256,0.983183,6.0000,,
3003,768768,256,0.976785,6.0000,,
3004,769024,256,0.978200,6.0000,,
3005,769280,256,0.976552,6.0000,,
3006,769536,256,0.977893,6.0000,,
3007,769792,256,0.973438,6.0000,,
3008,770048,256,0.976257,6.0000,,
3009,770304,256,0.968411,6.0000,,
3010,770560,256,0.972839,6.0000,,
3011,770816,256,0.971088,6.0000,,
3012,771072,256,0.975037,6.0000,,
3013,771328,256,0.970666,6.0000,,
3014,771584,256,0.962225,6.0000,,
3015,771840,256,0.976272,6.0000,,
3016,772096,256,0.969510,6.0000,,
3017,772352,256,0.980737,6.0000,,
3018,772608,256,0.973521,6.0000,,
3019,772864,256,0.972214,6.0000,,
3020,773120,256,0.975770,6.0000,,
3021,773376,256,0.969667,6.0000,,
3022,773632,256,0.970092,6.0000,,
3023,773888,256,0.976472,6.0000,,
3024,774144,256,0.971870,6.0000,,
3025,774400,256,0.968786,6.0000,,
3026,774656,256,0.971958,6.0000,,
3027,774912,256,0.976426,6.0000,,
3028,775168,256,0.971164,6.0000,,
3029,775424,256,0.981943,6.0000,,
3030,775680,256,0.973230,6.0000,,
3031,775936,256,0.975219,6.0000,,
3032,776192,256,0.977621,6.0000,,
3033,776448,256,0.971760,6.0000,,
3034,776704,256,0.977412,6.0000,,
3035,776960,256,0.984731,6.0000,,
3036,777216,256,0.970563,6.0000,,
3037,777472,256,0.975985,6.0000,,
3038,777728,256,0.968501,6.0000,,
3039,777984,256,0.970706,6.0000,,
3040,778240,256,0.983701,6.0000,,
3041,778496,256,0.970533,6.0000,,
3042,778752,256,0.974906,6.0000,,
3043,779008,256,0.969728,6.0000,,
3044,779264,256,0.971910,6.0000,,
3045,779520,256,0.974534,6.0000,,
3046,779776,256,0.976281,6.0000,,
3047,780032,256,0.975124,6.0000,,
3048,780288,256,0.972620,6.0000,,
3049,780544,256,0.967424,6.0000,,
3050,780800,256,0.972573,6.0000,,
3051,781056,256,0.976573,6.0000,,
3052,781312,256,0.975862,6.0000,,
3053,781568,256,0.978131,6.0000,,
3054,781824,256,0.979230,6.0000,,
3055,782080,256,0.978211,6.0000,,
3056,782336,256,0.981973,6.0000,,
3057,782592,256,0.982784,6.0000,,
3058,782848,256,0.981334,6.0000,,
3059,783104,256,0.982007,6.0000,,
3060,783360,256,0.969679,6.0000,,
3061,783616,256,0.968895,6.0000,,
3062,783872,256,0.978189,6.0000,,
3063,784128,256,0.980463,6.0000,,
3064,784384,256,0.981983,6.0000,,
3065,784640,256,0.974368,6.0000,,
3066,784896,256,0.973635,6.0000,,
3067,785152,256,0.978853,6.0000,,
3068,785408,256,0.979376,6.0000,,
3069,785664,256,0.967240,6.0000,,
3070,785920,256,0.976386,6.0000,,
3071,786176,256,0.979138,6.0000,,
3072,786432,256,0.968281,6.0000,,
3073,786688,256,0.975722,6.0000,,
3074,786944,256,0.978041,6.0000,,
3075,787200,256,0.975818,6.0000,,
3076,787456,256,0.984111,6.0000,,
3077,787712,256,0.966880,6.0000,,
3078,787968,256,0.977762,6.0000,,
3079,788224,256,0.971995,6.0000,,
3080,788480,256,0.977244,6.0000,,
3081,788736,256,0.969600,6.0000,,
3082,788992,256,0.976641,6.0000,,
3083,789248,256,0.981100,6.0000,,
3084,789504,256,0.974261,6.0000,,
3085,789760,256,0.976507,6.0000,,
3086,790016,256,0.971632,6.0000,,
3087,790272,256,0.979680,6.0000,,
3088,790528,256,0.980950,6.0000,,
3089,790784,256,0.975363,6.0000,,
3090,791040,256,0.978416,6.0000,,
3091,791296,256,0.980873,6.0000,,
3092,791552,256,0.978282,6.0000,,
3093,791808,256,0.981346,6.0000,,
3094,792064,256,0.976375,6.0000,,
3095,792320,256,0.972217,6.0000,,
3096,792576,256,0.978933,6.0000,,
3097,792832,256,0.978416,6.0000,,
3098,793088,256,0.973024,6.0000,,
3099,793344,256,0.978336,6.0000,,
3100,793600,256,0.983309,6.0000,0.991243,6.0000
3101,793856,256,0.971208,6.0000,,
3102,794112,256,0.975373,6.0000,,
3103,794368,256,0.971363,6.0000,,
3104,794624,256,0.977210,6.0000,,
3105,794880,256,0.977707,6.0000,,
3106,795136,256,0.980121,6.0000,,
3107,795392,256,0.974552,6.0000,,
3108,795648,256,0.981136,6.0000,,
3109,795904,256,0.968141,6.0000,,
3110,796160,256,0.979055,6.0000,,
3111,796416,256,0.975940,6.0000,,
3112,796672,256,0.986350,6.0000,,
3113,796928,256,0.971491,6.0000,,
3114,797184,256,0.970484,6.0000,,
3115,797440,256,0.977173,6.0000,,
3116,797696,256,0.975630,6.0000,,
3117,797952,256,0.979352,6.0000,,
3118,798208,256,0.977733,6.0000,,
3119,798464,256,0.979041,6.0000,,
3120,798720,256,0.975871,6.0000,,
3121,798976,256,0.980148,6.0000,,
3122,799232,256,0.977312,6.0000,,
3123,799488,256,0.976535,6.0000,,
3124,799744,256,0.985408,6.0000,,
3125,800000,256,0.983954,6.0000,,
3126,800256,256,0.982338,6.0000,,
3127,800512,256,0.978626,6.0000,,
3128,800768,256,0.978795,6.0000,,
3129,801024,256,0.977701,6.0000,,
3130,801280,256,0.977848,6.0000,,
3131,801536,256,0.973270,6.0000,,
3132,801792,256,0.972897,6.0000,,
3133,802048,256,0.975736,6.0000,,
3134,802304,256,0.976358,6.0000,,
3135,802560,256,0.979015,6.0000,,
3136,802816,256,0.976044,6.0000,,
3137,803072,256,0.972008,6.0000,,
3138,803328,256,0.978806,6.0000,,
3139,803584,256,0.976865,6.0000,,
3140,803840,256,0.974804,6.0000,,
3141,804096,256,0.979449,6.0000,,
3142,804352,256,0.974863,6.0000,,
3143,804608,256,0.970008,6.0000,,
3144,804864,256,0.977040,6.0000,,
3145,805120,256,0.977493,6.0000,,
3146,805376,256,0.982712,6.0000,,
3147,805632,256,0.979235,6.0000,,
3148,805888,256,0.971006,6.0000,,
3149,806144,256,0.976155,6.0000,,
3150,806400,256,0.973959,6.0000,,
3151,806656,256,0.971916,6.0000,,
3152,806912,256,0.970911,6.0000,,
3153,807168,256,0.983663,6.0000,,
3154,807424,256,0.983466,6.0000,,
3155,807680,256,0.975160,6.0000,,
3156,807936,256,0.979306,6.0000,,
3157,808192,256,0.972085,6.0000,,
3158,808448,256,0.976699,6.0000,,
3159,808704,256,0.979953,6.0000,,
3160,808960,256,0.979192,6.0000,,
3161,809216,256,0.977262,6.0000,,
3162,809472,256,0.976745,6.0000,,
3163,809728,256,0.973415,6.0000,,
3164,809984,256,0.979739,6.0000,,
3165,810240,256,0.979422,6.0000,,
3166,810496,256,0.979421,6.0000,,
3167,810752,256,0.977293,6.0000,,
3168,811008,256,0.979312,6.0000,,
3169,811264,256,0.978226,6.0000,,
3170,811520,256,0.982114,6.0000,,
3171,811776,256,0.975052,6.0000,,
3172,812032,256,0.974484,6.0000,,
3173,812288,256,0.970738,6.0000,,
3174,812544,256,0.977718,6.0000,,
3175,812800,256,0.984404,6.0000,,
3176,813056,256,0.976646,6.0000,,
3177,813312,256,0.978540,6.0000,,
3178,813568,256,0.969558,6.0000,,
3179,813824,256,0.977927,6.0000,,
3180,814080,256,0.981598,6.0000,,
3181,814336,256,0.981584,6.0000,,
3182,814592,256,0.972804,6.0000,,
3183,814848,256,0.978769,6.0000,,
3184,815104,256,0.980247,6.0000,,
3185,815360,256,0.976322,6.0000,,
3186,815616,256,0.978808,6.0000,,
3187,815872,256,0.979945,6.0000,,
3188,816128,256,0.970769,6.0000,,
3189,816384,256,0.968262,6.0000,,
3190,816640,256,0.976689,6.0000,,
3191,816896,256,0.986597,6.0000,,
3192,817152,256,0.975541,6.0000,,
3193,817408,256,0.977571,6.0000,,
3194,817664,256,0.970697,6.0000,,
3195,817920,256,0.971264,6.0000,,
3196,818176,256,0.965802,6.0000,,
3197,818432,256,0.973504,6.0000,,
3198,818688,256,0.979748,6.0000,,
3199,818944,256,0.968018,6.0000,,
3200,819200,256,0.980951,6.0000,0.992445,6.0000
3201,819456,256,0.978028,6.0000,,
3202,819712,256,0.976390,6.0000,,
3203,819968,256,0.984020,6.0000,,
3204,820224,256,0.982024,6.0000,,
3205,820480,256,0.980606,6.0000,,
3206,820736,256,0.978416,6.0000,,
3207,820992,256,0.982434,6.0000,,
3208,821248,256,0.983740,6.0000,,
3209,821504,256,0.977951,6.0000,,
3210,821760,256,0.977786,6.0000,,
3211,822016,256,0.979446,6.0000,,
3212,822272,256,0.976179,6.0000,,
3213,822528,256,0.977177,6.0000,,
3214,822784,256,0.968999,6.0000,,
3215,823040,256,0.970704,6.0000,,
3216,823296,256,0.973446,6.0000,,
3217,823552,256,0.963762,6.0000,,
3218,823808,256,0.976589,6.0000,,
3219,824064,256,0.972798,6.0000,,
3220,824320,256,0.983986,6.0000,,
3221,824576,256,0.963025,6.0000,,
3222,824832,256,0.979560,6.0000,,
3223,825088,256,0.983552,6.0000,,
3224,825344,256,0.976632,6.0000,,
3225,825600,256,0.985866,6.0000,,
3226,825856,256,0.980351,6.0000,,
3227,826112,256,0.972073,6.0000,,
3228,826368,256,0.975335,6.0000,,
3229,826624,256,0.983157,6.0000,,
3230,826880,256,0.979126,6.0000,,
3231,827136,256,0.973001,6.0000,,
3232,827392,256,0.978689,6.0000,,
3233,827648,256,0.972423,6.0000,,
3234,827904,256,0.981476,6.0000,,
3235,828160,256,0.974680,6.0000,,
3236,828416,256,0.979586,6.0000,,
3237,828672,256,0.972225,6.0000,,
3238,828928,256,0.965669,6.0000,,
3239,829184,256,0.986571,6.0000,,
3240,829440,256,0.979906,6.0000,,
3241,829696,256,0.974098,6.0000,,
3242,829952,256,0.973724,6.0000,,
3243,830208,256,0.977718,6.0000,,
3244,830464,256,0.982102,6.0000,,
3245,830720,256,0.975097,6.0000,,
3246,830976,256,0.981304,6.0000,,
3247,831232,256,0.978135,6.0000,,
3248,831488,256,0.974634,6.0000,,
3249,831744,256,0.974185,6.0000,,
3250,832000,256,0.975955,6.0000,,
3251,832256,256,0.978864,6.0000,,
3252,832512,256,0.970879,6.0000,,
3253,832768,256,0.980524,6.0000,,
3254,833024,256,0.978827,6.0000,,
3255,833280,256,0.977938,6.0000,,
3256,833536,256,0.975859,6.0000,,
3257,833792,256,0.971576,6.0000,,
3258,834048,256,0.985233,6.0000,,
3259,834304,256,0.978957,6.0000,,
3260,834560,256,0.973091,6.0000,,
3261,834816,256,0.982344,6.0000,,
3262,835072,256,0.972463,6.0000,,
3263,835328,256,0.978213,6.0000,,
3264,835584,256,0.978640,6.0000,,
3265,835840,256,0.972434,6.0000,,
3266,836096,256,0.976968,6.0000,,
3267,836352,256,0.975761,6.0000,,
3268,836608,256,0.975867,6.0000,,
3269,836864,256,0.973754,6.0000,,
3270,837120,256,0.961322,6.0000,,
3271,837376,256,0.967014,6.0000,,
3272,837632,256,0.978207,6.0000,,
3273,837888,256,0.969224,6.0000,,
3274,838144,256,0.965966,6.0000,,
3275,838400,256,0.975394,6.0000,,
3276,838656,256,0.970219,6.0000,,
3277,838912,256,0.965957,6.0000,,
3278,839168,256,0.977670,6.0000,,
3279,839424,256,0.979415,6.0000,,
3280,839680,256,0.981894,6.0000,,
3281,839936,256,0.977892,6.0000,,
3282,840192,256,0.970363,6.0000,,
3283,840448,256,0.973695,6.0000,,
3284,840704,256,0.974702,6.0000,,
3285,840960,256,0.986325,6.0000,,
3286,841216,256,0.981651,6.0000,,
3287,841472,256,0.965999,6.0000,,
3288,841728,256,0.980175,6.0000,,
3289,841984,256,0.979502,6.0000,,
3290,842240,256,0.979700,6.0000,,
3291,842496,256,0.971133,6.0000,,
3292,842752,256,0.975212,6.0000,,
3293,843008,256,0.981306,6.0000,,
3294,843264,256,0.978640,6.0000,,
3295,843520,256,0.982369,6.0000,,
3296,843776,256,0.978389,6.0000,,
3297,844032,256,0.971948,6.0000,,
3298,844288,256,0.972074,6.0000,,
3299,844544,256,0.981315,6.0000,,
3300,844800,256,0.974999,6.0000,0.992943,6.0000
3301,845056,256,0.983868,6.0000,,
3302,845312,256,0.978150,6.0000,,
3303,845568,256,0.969887,6.0000,,
3304,845824,256,0.980104,6.0000,,
3305,846080,256,0.970940,6.0000,,
3306,846336,256,0.983077,6.0000,,
3307,846592,256,0.975182,6.0000,,
3308,846848,256,0.981132,6.0000,,
3309,847104,256,0.982868,6.0000,,
3310,847360,256,0.979880,6.0000,,
3311,847616,256,0.968029,6.0000,,
3312,847872,256,0.972034,6.0000,,
3313,848128,256,0.969572,6.0000,,
3314,848384,256,0.976615,6.0000,,
3315,848640,256,0.978812,6.0000,,
3316,848896,256,0.970738,6.0000,,
3317,849152,256,0.975736,6.0000,,
3318,849408,256,0.971744,6.0000,,
3319,849664,256,0.972753,6.0000,,
3320,849920,256,0.970127,6.0000,,
3321,850176,256,0.973736,6.0000,,
3322,850432,256,0.979152,6.0000,,
3323,850688,256,0.982158,6.0000,,
3324,850944,256,0.973573,6.0000,,
3325,851200,256,0.977420,6.0000,,
3326,851456,256,0.983138,6.0000,,
3327,851712,256,0.971483,6.0000,,
3328,851968,256,0.971582,6.0000,,
3329,852224,256,0.982402,6.0000,,
3330,852480,256,0.973668,6.0000,,
3331,852736,256,0.976777,6.0000,,
3332,852992,256,0.981290,6.0000,,
3333,853248,256,0.972310,6.0000,,
3334,853504,256,0.984913,6.0000,,
3335,853760,256,0.978270,6.0000,,
3336,854016,256,0.968243,6.0000,,
3337,854272,256,0.980810,6.0000,,
3338,854528,256,0.982014,6.0000,,
3339,854784,256,0.976410,6.0000,,
3340,855040,256,0.977179,6.0000,,
3341,855296,256,0.973023,6.0000,,
3342,855552,256,0.980541,6.0000,,
3343,855808,256,0.968581,6.0000,,
3344,856064,256,0.976076,6.0000,,
3345,856320,256,0.978100,6.0000,,
3346,856576,256,0.968875,6.0000,,
3347,856832,256,0.981091,6.0000,,
3348,857088,256,0.972913,6.0000,,
3349,857344,256,0.977378,6.0000,,
3350,857600,256,0.977833,6.0000,,
3351,857856,256,0.970212,6.0000,,
3352,858112,256,0.975959,6.0000,,
3353,858368,256,0.974410,6.0000,,
3354,858624,256,0.974909,6.0000,,
3355,858880,256,0.977111,6.0000,,
3356,859136,256,0.982658,6.0000,,
3357,859392,256,0.975738,6.0000,,
3358,859648,256,0.969287,6.0000,,
3359,859904,256,0.981420,6.0000,,
3360,860160,256,0.980697,6.0000,,
3361,860416,256,0.981359,6.0000,,
3362,860672,256,0.977589,6.0000,,
3363,860928,256,0.979039,6.0000,,
3364,861184,256,0.975862,6.0000,,
3365,861440,256,0.983897,6.0000,,
3366,861696,256,0.978989,6.0000,,
3367,861952,256,0.980775,6.0000,,
3368,862208,256,0.980078,6.0000,,
3369,862464,256,0.978509,6.0000,,
3370,862720,256,0.977768,6.0000,,
3371,862976,256,0.973510,6.0000,,
3372,863232,256,0.983749,6.0000,,
3373,863488,256,0.974432,6.0000,,
3374,863744,256,0.978261,6.0000,,
3375,864000,256,0.975329,6.0000,,
3376,864256,256,0.976741,6.0000,,
3377,864512,256,0.974543,6.0000,,
3378,864768,256,0.979741,6.0000,,
3379,865024,256,0.981903,6.0000,,
3380,865280,256,0.979817,6.0000,,
3381,865536,256,0.980321,6.0000,,
3382,865792,256,0.975961,6.0000,,
3383,866048,256,0.968769,6.0000,,
3384,866304,256,0.983516,6.0000,,
3385,866560,256,0.980826,6.0000,,
3386,866816,256,0.983190,6.0000,,
3387,867072,256,0.980489,6.0000,,
3388,867328,256,0.968867,6.0000,,
3389,867584,256,0.976095,6.0000,,
3390,867840,256,0.974238,6.0000,,
3391,868096,256,0.978627,6.0000,,
3392,868352,256,0.970492,6.0000,,
3393,868608,256,0.980933,6.0000,,
3394,868864,256,0.974188,6.0000,,
3395,869120,256,0.976309,6.0000,,
3396,869376,256,0.971152,6.0000,,
3397,869632,256,0.977474,6.0000,,
3398,869888,256,0.975279,6.0000,,
3399,870144,256,0.984357,6.0000,,
3400,870400,256,0.971554,6.0000,0.988855,6.0000
3401,870656,256,0.977192,6.0000,,
3402,870912,256,0.981217,6.0000,,
3403,871168,256,0.978848,6.0000,,
3404,871424,256,0.976801,6.0000,,
3405,871680,256,0.978964,6.0000,,
3406,871936,256,0.980585,6.0000,,
3407,872192,256,0.984534,6.0000,,
3408,872448,256,0.984322,6.0000,,
3409,872704,256,0.974610,6.0000,,
3410,872960,256,0.979349,6.0000,,
3411,873216,256,0.979936,6.0000,,
3412,873472,256,0.977983,6.0000,,
3413,873728,256,0.977269,6.0000,,
3414,873984,256,0.976529,6.0000,,
3415,874240,256,0.973996,6.0000,,
3416,874496,256,0.978012,6.0000,,
3417,874752,256,0.978128,6.0000,,
3418,875008,256,0.981650,6.0000,,
3419,875264,256,0.977424,6.0000,,
3420,875520,256,0.980129,6.0000,,
3421,875776,256,0.978180,6.0000,,
3422,876032,256,0.973155,6.0000,,
3423,876288,256,0.973007,6.0000,,
3424,876544,256,0.985727,6.0000,,
3425,876800,256,0.982768,6.0000,,
3426,877056,256,0.975697,6.0000,,
3427,877312,256,0.978998,6.0000,,
3428,877568,256,0.980365,6.0000,,
3429,877824,256,0.978884,6.0000,,
3430,878080,256,0.974851,6.0000,,
3431,878336,256,0.976025,6.0000,,
3432,878592,256,0.979109,6.0000,,
3433,878848,256,0.981652,6.0000,,
3434,879104,256,0.981233,6.0000,,
3435,879360,256,0.967578,6.0000,,
3436,879616,256,0.981550,6.0000,,
3437,879872,256,0.977655,6.0000,,
3438,880128,256,0.978775,6.0000,,
3439,880384,256,0.980095,6.0000,,
3440,880640,256,0.978872,6.0000,,
3441,880896,256,0.976587,6.0000,,
3442,881152,256,0.974132,6.0000,,
3443,881408,256,0.978216,6.0000,,
3444,881664,256,0.978508,6.0000,,
3445,881920,256,0.979486,6.0000,,
3446,882176,256,0.982611,6.0000,,
3447,882432,256,0.983604,6.0000,,
3448,882688,256,0.979580,6.0000,,
3449,882944,256,0.982587,6.0000,,
3450,883200,256,0.981752,6.0000,,
3451,883456,256,0.982620,6.0000,,
3452,883712,256,0.969233,6.0000,,
3453,883968,256,0.966244,6.0000,,
3454,884224,256,0.980894,6.0000,,
3455,884480,256,0.965846,6.0000,,
3456,884736,256,0.967752,6.0000,,
3457,884992,256,0.982486,6.0000,,
3458,885248,256,0.980712,6.0000,,
3459,885504,256,0.981687,6.0000,,
3460,885760,256,0.971918,6.0000,,
3461,886016,256,0.973346,6.0000,,
3462,886272,256,0.979560,6.0000,,
3463,886528,256,0.976266,6.0000,,
3464,886784,256,0.970459,6.0000,,
3465,887040,256,0.977137,6.0000,,
3466,887296,256,0.985127,6.0000,,
3467,887552,256,0.978714,6.0000,,
3468,887808,256,0.976357,6.0000,,
3469,888064,256,0.973681,6.0000,,
3470,888320,256,0.970996,6.0000,,
3471,888576,256,0.980693,6.0000,,
3472,888832,256,0.980996,6.0000,,
3473,889088,256,0.978437,6.0000,,
3474,889344,256,0.973732,6.0000,,
3475,889600,256,0.978487,6.0000,,
3476,889856,256,0.975840,6.0000,,
3477,890112,256,0.975215,6.0000,,
3478,890368,256,0.979636,6.0000,,
3479,890624,256,0.975891,6.0000,,
3480,890880,256,0.983144,6.0000,,
3481,891136,256,0.978746,6.0000,,
3482,891392,256,0.975522,6.0000,,
3483,891648,256,0.980583,6.0000,,
3484,891904,256,0.977169,6.0000,,
3485,892160,256,0.984441,6.0000,,
3486,892416,256,0.980448,6.0000,,
3487,892672,256,0.979621,6.0000,,
3488,892928,256,0.977636,6.0000,,
3489,893184,256,0.972545,6.0000,,
3490,893440,256,0.985907,6.0000,,
3491,893696,256,0.977091,6.0000,,
3492,893952,256,0.987171,6.0000,,
3493,894208,256,0.979079,6.0000,,
3494,894464,256,0.965452,6.0000,,
3495,894720,256,0.975201,6.0000,,
3496,894976,256,0.978640,6.0000,,
3497,895232,256,0.982251,6.0000,,
3498,895488,256,0.974037,6.0000,,
3499,895744,256,0.985004,6.0000,,
3500,896000,256,0.976658,6.0000,0.993219,6.0000
3501,896256,256,0.978616,6.0000,,
3502,896512,256,0.984917,6.0000,,
3503,896768,256,0.975436,6.0000,,
3504,897024,256,0.982982,6.0000,,
3505,897280,256,0.980249,6.0000,,
3506,897536,256,0.983823,6.0000,,
3507,897792,256,0.982646,6.0000,,
3508,898048,256,0.972366,6.0000,,
3509,898304,256,0.987617,6.0000,,
3510,898560,256,0.980697,6.0000,,
3511,898816,256,0.978086,6.0000,,
3512,899072,256,0.978342,6.0000,,
3513,899328,256,0.980912,6.0000,,
3514,899584,256,0.975191,6.0000,,
3515,899840,256,0.984560,6.0000,,
3516,900096,256,0.974472,6.0000,,
3517,900352,256,0.971410,6.0000,,
3518,900608,256,0.975827,6.0000,,
3519,900864,256,0.980774,6.0000,,
3520,901120,256,0.973702,6.0000,,
3521,901376,256,0.981716,6.0000,,
3522,901632,256,0.983948,6.0000,,
3523,901888,256,0.981220,6.0000,,
3524,902144,256,0.978040,6.0000,,
3525,902400,256,0.973215,6.0000,,
3526,902656,256,0.971453,6.0000,,
3527,902912,256,0.979133,6.0000,,
3528,903168,256,0.977081,6.0000,,
3529,903424,256,0.982070,6.0000,,
3530,903680,256,0.983969,6.0000,,
3531,903936,256,0.981723,6.0000,,
3532,904192,256,0.984139,6.0000,,
3533,904448,256,0.979039,6.0000,,
3534,904704,256,0.981533,6.0000,,
3535,904960,256,0.974180,6.0000,,
3536,905216,256,0.975574,6.0000,,
3537,905472,256,0.979998,6.0000,,
3538,905728,256,0.973750,6.0000,,
3539,905984,256,0.974268,6.0000,,
3540,906240,256,0.979685,6.0000,,
3541,906496,256,0.976378,6.0000,,
3542,906752,256,0.975799,6.0000,,
3543,907008,256,0.969187,6.0000,,
3544,907264,256,0.971412,6.0000,,
3545,907520,256,0.977015,6.0000,,
3546,907776,256,0.974764,6.0000,,
3547,908032,256,0.979100,6.0000,,
3548,908288,256,0.981683,6.0000,,
3549,908544,256,0.977507,6.0000,,
3550,908800,256,0.974617,6.0000,,
3551,909056,256,0.986178,6.0000,,
3552,909312,256,0.978755,6.0000,,
3553,909568,256,0.977799,6.0000,,
3554,909824,256,0.976127,6.0000,,
3555,910080,256,0.980764,6.0000,,
3556,910336,256,0.979243,6.0000,,
3557,910592,256,0.972921,6.0000,,
3558,910848,256,0.985670,6.0000,,
3559,911104,256,0.978266,6.0000,,
3560,911360,256,0.975575,6.0000,,
3561,911616,256,0.979301,6.0000,,
3562,911872,256,0.984532,6.0000,,
3563,912128,256,0.975419,6.0000,,
3564,912384,256,0.975113,6.0000,,
3565,912640,256,0.983066,6.0000,,
3566,912896,256,0.974956,6.0000,,
3567,913152,256,0.975617,6.0000,,
3568,913408,256,0.978278,6.0000,,
3569,913664,256,0.978998,6.0000,,
3570,913920,256,0.967321,6.0000,,
3571,914176,256,0.977434,6.0000,,
3572,914432,256,0.983924,6.0000,,
3573,914688,256,0.963454,6.0000,,
3574,914944,256,0.975155,6.0000,,
3575,915200,256,0.980593,6.0000,,
3576,915456,256,0.981785,6.0000,,
3577,915712,256,0.984353,6.0000,,
3578,915968,256,0.974426,6.0000,,
3579,916224,256,0.976811,6.0000,,
3580,916480,256,0.980415,6.0000,,
3581,916736,256,0.981584,6.0000,,
3582,916992,256,0.985833,6.0000,,
3583,917248,256,0.979661,6.0000,,
3584,917504,256,0.986410,6.0000,,
3585,917760,256,0.966048,6.0000,,
3586,918016,256,0.977079,6.0000,,
3587,918272,256,0.983502,6.0000,,
3588,918528,256,0.977552,6.0000,,
3589,918784,256,0.979986,6.0000,,
3590,919040,256,0.984841,6.0000,,
3591,919296,256,0.971351,6.0000,,
3592,919552,256,0.984269,6.0000,,
3593,919808,256,0.977576,6.0000,,
3594,920064,256,0.981883,6.0000,,
3595,920320,256,0.979730,6.0000,,
3596,920576,256,0.968701,6.0000,,
3597,920832,256,0.982853,6.0000,,
3598,921088,256,0.976251,6.0000,,
3599,921344,256,0.975989,6.0000,,
3600,921600,256,0.976722,6.0000,0.992839,6.0000
3601,921856,256,0.971573,6.0000,,
3602,922112,256,0.979899,6.0000,,
3603,922368,256,0.977206,6.0000,,
3604,922624,256,0.973116,6.0000,,
3605,922880,256,0.974480,6.0000,,
3606,923136,256,0.974407,6.0000,,
3607,923392,256,0.979373,6.0000,,
3608,923648,256,0.977252,6.0000,,
3609,923904,256,0.980421,6.0000,,
3610,924160,256,0.970757,6.0000,,
3611,924416,256,0.973017,6.0000,,
3612,924672,256,0.979662,6.0000,,
3613,924928,256,0.972086,6.0000,,
3614,925184,256,0.973874,6.0000,,
3615,925440,256,0.981312,6.0000,,
3616,925696,256,0.973656,6.0000,,
3617,925952,256,0.975976,6.0000,,
3618,926208,256,0.983486,6.0000,,
3619,926464,256,0.972953,6.0000,,
3620,926720,256,0.973769,6.0000,,
3621,926976,256,0.971060,6.0000,,
3622,927232,256,0.982014,6.0000,,
3623,927488,256,0.976660,6.0000,,
3624,927744,256,0.978052,6.0000,,
3625,928000,256,0.972247,6.0000,,
3626,928256,256,0.976817,6.0000,,
3627,928512,256,0.976866,6.0000,,
3628,928768,256,0.982763,6.0000,,
3629,929024,256,0.979669,6.0000,,
3630,929280,256,0.980776,6.0000,,
3631,929536,256,0.971975,6.0000,,
3632,929792,256,0.971861,6.0000,,
3633,930048,256,0.979577,6.0000,,
3634,930304,256,0.969268,6.0000,,
3635,930560,256,0.974926,6.0000,,
3636,930816,256,0.981286,6.0000,,
3637,931072,256,0.980751,6.0000,,
3638,931328,256,0.975239,6.0000,,
3639,931584,256,0.982153,6.0000,,
3640,931840,256,0.973475,6.0000,,
3641,932096,256,0.980828,6.0000,,
3642,932352,256,0.978720,6.0000,,
3643,932608,256,0.972153,6.0000,,
3644,932864,256,0.983862,6.0000,,
3645,933120,256,0.979914,6.0000,,
3646,933376,256,0.984397,6.0000,,
3647,933632,256,0.974686,6.0000,,
3648,933888,256,0.975260,6.0000,,
3649,934144,256,0.984188,6.0000,,
3650,934400,256,0.971843,6.0000,,
3651,934656,256,0.983405,6.0000,,
3652,934912,256,0.983853,6.0000,,
3653,935168,256,0.978437,6.0000,,
3654,935424,256,0.987079,6.0000,,
3655,935680,256,0.976850,6.0000,,
3656,935936,256,0.980687,6.0000,,
3657,936192,256,0.979534,6.0000,,
3658,936448,256,0.982482,6.0000,,
3659,936704,256,0.982373,6.0000,,
3660,936960,256,0.978428,6.0000,,
3661,937216,256,0.972062,6.0000,,
3662,937472,256,0.979098,6.0000,,
3663,937728,256,0.977850,6.0000,,
3664,937984,256,0.979509,6.0000,,
3665,938240,256,0.977064,6.0000,,
3666,938496,256,0.979760,6.0000,,
3667,938752,256,0.984678,6.0000,,
3668,939008,256,0.974938,6.0000,,
3669,939264,256,0.978944,6.0000,,
3670,939520,256,0.975500,6.0000,,
3671,939776,256,0.974745,6.0000,,
3672,940032,256,0.973583,6.0000,,
3673,940288,256,0.968568,6.0000,,
3674,940544,256,0.964772,6.0000,,
3675,940800,256,0.975250,6.0000,,
3676,941056,256,0.975437,6.0000,,
3677,941312,256,0.981282,6.0000,,
3678,941568,256,0.980965,6.0000,,
3679,941824,256,0.978458,6.0000,,
3680,942080,256,0.976332,6.0000,,
3681,942336,256,0.977709,6.0000,,
3682,942592,256,0.981282,6.0000,,
3683,942848,256,0.977659,6.0000,,
3684,943104,256,0.976187,6.0000,,
3685,943360,256,0.983138,6.0000,,
3686,943616,256,0.975890,6.0000,,
3687,943872,256,0.985555,6.0000,,
3688,944128,256,0.981413,6.0000,,
3689,944384,256,0.975204,6.0000,,
3690,944640,256,0.971505,6.0000,,
3691,944896,256,0.983145,6.0000,,
3692,945152,256,0.972037,6.0000,,
3693,945408,256,0.974547,6.0000,,
3694,945664,256,0.972089,6.0000,,
3695,945920,256,0.979375,6.0000,,
3696,946176,256,0.976548,6.0000,,
3697,946432,256,0.972639,6.0000,,
3698,946688,256,0.981281,6.0000,,
3699,946944,256,0.978204,6.0000,,
3700,947200,256,0.980660,6.0000,0.986694,6.0000
3701,947456,256,0.975319,6.0000,,
3702,947712,256,0.980325,6.0000,,
3703,947968,256,0.976096,6.0000,,
3704,948224,256,0.979159,6.0000,,
3705,948480,256,0.967245,6.0000,,
3706,948736,256,0.979061,6.0000,,
3707,948992,256,0.976996,6.0000,,
3708,949248,256,0.979693,6.0000,,
3709,949504,256,0.979553,6.0000,,
3710,949760,256,0.977888,6.0000,,
3711,950016,256,0.982502,6.0000,,
3712,950272,256,0.975046,6.0000,,
3713,950528,256,0.975612,6.0000,,
3714,950784,256,0.984082,6.0000,,
3715,951040,256,0.967504,6.0000,,
3716,951296,256,0.981394,6.0000,,
3717,951552,256,0.971685,6.0000,,
3718,951808,256,0.979939,6.0000,,
3719,952064,256,0.975650,6.0000,,
3720,952320,256,0.979692,6.0000,,
3721,952576,256,0.978844,6.0000,,
3722,952832,256,0.978902,6.0000,,
3723,953088,256,0.976818,6.0000,,
3724,953344,256,0.975970,6.0000,,
3725,953600,256,0.982334,6.0000,,
3726,953856,256,0.975422,6.0000,,
3727,954112,256,0.982971,6.0000,,
3728,954368,256,0.980164,6.0000,,
3729,954624,256,0.982708,6.0000,,
3730,954880,256,0.982143,6.0000,,
3731,955136,256,0.981490,6.0000,,
3732,955392,256,0.983325,6.0000,,
3733,955648,256,0.972203,6.0000,,
3734,955904,256,0.979258,6.0000,,
3735,956160,256,0.972984,6.0000,,
3736,956416,256,0.974609,6.0000,,
3737,956672,256,0.976722,6.0000,,
3738,956928,256,0.978758,6.0000,,
3739,957184,256,0.969631,6.0000,,
3740,957440,256,0.977094,6.0000,,
3741,957696,256,0.981874,6.0000,,
3742,957952,256,0.972826,6.0000,,
3743,958208,256,0.978784,6.0000,,
3744,958464,256,0.977014,6.0000,,
3745,958720,256,0.976926,6.0000,,
3746,958976,256,0.972797,6.0000,,
3747,959232,256,0.969053,6.0000,,
3748,959488,256,0.979586,6.0000,,
3749,959744,256,0.976403,6.0000,,
3750,960000,256,0.980636,6.0000,,
3751,960256,256,0.968418,6.0000,,
3752,960512,256,0.979886,6.0000,,
3753,960768,256,0.972555,6.0000,,
3754,961024,256,0.979944,6.0000,,
3755,961280,256,0.979863,6.0000,,
3756,961536,256,0.982196,6.0000,,
3757,961792,256,0.980393,6.0000,,
3758,962048,256,0.971843,6.0000,,
3759,962304,256,0.982946,6.0000,,
3760,962560,256,0.979213,6.0000,,
3761,962816,256,0.972906,6.0000,,
3762,963072,256,0.988609,6.0000,,
3763,963328,256,0.979811,6.0000,,
3764,963584,256,0.986137,6.0000,,
3765,963840,256,0.979918,6.0000,,
3766,964096,256,0.982177,6.0000,,
3767,964352,256,0.979916,6.0000,,
3768,964608,256,0.970846,6.0000,,
3769,964864,256,0.981976,6.0000,,
3770,965120,256,0.980206,6.0000,,
3771,965376,256,0.987471,6.0000,,
3772,965632,256,0.975684,6.0000,,
3773,965888,256,0.985254,6.0000,,
3774,966144,256,0.979354,6.0000,,
3775,966400,256,0.972478,6.0000,,
3776,966656,256,0.980455,6.0000,,
3777,966912,256,0.986193,6.0000,,
3778,967168,256,0.980265,6.0000,,
3779,967424,256,0.986166,6.0000,,
3780,967680,256,0.978742,6.0000,,
3781,967936,256,0.976824,6.0000,,
3782,968192,256,0.982512,6.0000,,
3783,968448,256,0.973828,6.0000,,
3784,968704,256,0.974580,6.0000,,
3785,968960,256,0.976978,6.0000,,
3786,969216,256,0.977467,6.0000,,
3787,969472,256,0.974884,6.0000,,
3788,969728,256,0.980832,6.0000,,
3789,969984,256,0.982288,6.0000,,
3790,970240,256,0.982041,6.0000,,
3791,970496,256,0.975426,6.0000,,
3792,970752,256,0.983045,6.0000,,
3793,971008,256,0.974060,6.0000,,
3794,971264,256,0.980227,6.0000,,
3795,971520,256,0.981206,6.0000,,
3796,971776,256,0.981247,6.0000,,
3797,972032,256,0.970611,6.0000,,
3798,972288,256,0.980131,6.0000,,
3799,972544,256,0.981795,6.0000,,
3800,972800,256,0.986249,6.0000,0.989673,6.0000
3801,973056,256,0.974499,6.0000,,
3802,973312,256,0.985268,6.0000,,
3803,973568,256,0.984114,6.0000,,
3804,973824,256,0.973561,6.0000,,
3805,974080,256,0.981860,6.0000,,
3806,974336,256,0.974808,6.0000,,
3807,974592,256,0.978411,6.0000,,
3808,974848,256,0.977875,6.0000,,
3809,975104,256,0.975158,6.0000,,
3810,975360,256,0.981883,6.0000,,
3811,975616,256,0.979367,6.0000,,
3812,975872,256,0.985698,6.0000,,
3813,976128,256,0.980281,6.0000,,
3814,976384,256,0.977720,6.0000,,
3815,976640,256,0.982428,6.0000,,
3816,976896,256,0.982987,6.0000,,
3817,977152,256,0.980410,6.0000,,
3818,977408,256,0.975586,6.0000,,
3819,977664,256,0.973264,6.0000,,
3820,977920,256,0.989446,6.0000,,
3821,978176,256,0.979142,6.0000,,
3822,978432,256,0.970557,6.0000,,
3823,978688,256,0.981985,6.0000,,
3824,978944,256,0.977536,6.0000,,
3825,979200,256,0.982311,6.0000,,
3826,979456,256,0.975535,6.0000,,
3827,979712,256,0.981078,6.0000,,
3828,979968,256,0.980309,6.0000,,
3829,980224,256,0.978338,6.0000,,
3830,980480,256,0.980577,6.0000,,
3831,980736,256,0.980413,6.0000,,
3832,980992,256,0.975500,6.0000,,
3833,981248,256,0.980809,6.0000,,
3834,981504,256,0.974861,6.0000,,
3835,981760,256,0.976513,6.0000,,
3836,982016,256,0.976997,6.0000,,
3837,982272,256,0.985571,6.0000,,
3838,982528,256,0.982766,6.0000,,
3839,982784,256,0.977839,6.0000,,
3840,983040,256,0.980251,6.0000,,
3841,983296,256,0.978184,6.0000,,
3842,983552,256,0.982588,6.0000,,
3843,983808,256,0.983484,6.0000,,
3844,984064,256,0.974259,6.0000,,
3845,984320,256,0.975688,6.0000,,
3846,984576,256,0.982772,6.0000,,
3847,984832,256,0.971350,6.0000,,
3848,985088,256,0.977045,6.0000,,
3849,985344,256,0.978984,6.0000,,
3850,985600,256,0.975407,6.0000,,
3851,985856,256,0.981346,6.0000,,
3852,986112,256,0.977513,6.0000,,
3853,986368,256,0.982587,6.0000,,
3854,986624,256,0.979512,6.0000,,
3855,986880,256,0.981420,6.0000,,
3856,987136,256,0.983212,6.0000,,
3857,987392,256,0.976153,6.0000,,
3858,987648,256,0.980102,6.0000,,
3859,987904,256,0.976421,6.0000,,
3860,988160,256,0.982503,6.0000,,
3861,988416,256,0.982065,6.0000,,
3862,988672,256,0.979878,6.0000,,
3863,988928,256,0.979913,6.0000,,
3864,989184,256,0.985625,6.0000,,
3865,989440,256,0.975940,6.0000,,
3866,989696,256,0.978937,6.0000,,
3867,989952,256,0.981749,6.0000,,
3868,990208,256,0.978594,6.0000,,
3869,990464,256,0.980072,6.0000,,
3870,990720,256,0.982084,6.0000,,
3871,990976,256,0.984069,6.0000,,
3872,991232,256,0.983104,6.0000,,
3873,991488,256,0.981992,6.0000,,
3874,991744,256,0.978392,6.0000,,
3875,992000,256,0.979330,6.0000,,
3876,992256,256,0.977297,6.0000,,
3877,992512,256,0.981178,6.0000,,
3878,992768,256,0.977031,6.0000,,
3879,993024,256,0.981296,6.0000,,
3880,993280,256,0.983324,6.0000,,
3881,993536,256,0.980658,6.0000,,
3882,993792,256,0.980360,6.0000,,
3883,994048,256,0.982981,6.0000,,
3884,994304,256,0.977875,6.0000,,
3885,994560,256,0.985165,6.0000,,
3886,994816,256,0.972720,6.0000,,
3887,995072,256,0.969355,6.0000,,
3888,995328,256,0.979633,6.0000,,
3889,995584,256,0.983410,6.0000,,
3890,995840,256,0.980215,6.0000,,
3891,996096,256,0.979507,6.0000,,
3892,996352,256,0.971018,6.0000,,
3893,996608,256,0.978502,6.0000,,
3894,996864,256,0.982891,6.0000,,
3895,997120,256,0.973930,6.0000,,
3896,997376,256,0.979815,6.0000,,
3897,997632,256,0.973569,6.0000,,
3898,997888,256,0.976301,6.0000,,
3899,998144,256,0.978191,6.0000,,
3900,998400,256,0.970259,6.0000,0.987669,6.0000
3901,998656,256,0.985754,6.0000,,
3902,998912,256,0.976316,6.0000,,
3903,999168,256,0.979758,6.0000,,
3904,999424,256,0.981947,6.0000,,
3905,999680,256,0.977215,6.0000,,
3906,999936,256,0.977159,6.0000,,
3907,1000192,256,0.987257,6.0000,,
3908,1000448,256,0.976247,6.0000,,
3909,1000704,256,0.977121,6.0000,,
3910,1000960,256,0.960789,6.0000,,
3911,1001216,256,0.978518,6.0000,,
3912,1001472,256,0.980765,6.0000,,
3913,1001728,256,0.975180,6.0000,,
3914,1001984,256,0.971804,6.0000,,
3915,1002240,256,0.978838,6.0000,,
3916,1002496,256,0.980451,6.0000,,
3917,1002752,256,0.982450,6.0000,,
3918,1003008,256,0.979702,6.0000,,
3919,1003264,256,0.977874,6.0000,,
3920,1003520,256,0.975853,6.0000,,
3921,1003776,256,0.980295,6.0000,,
3922,1004032,256,0.978736,6.0000,,
3923,1004288,256,0.983838,6.0000,,
3924,1004544,256,0.976664,6.0000,,
3925,1004800,256,0.976335,6.0000,,
3926,1005056,256,0.976332,6.0000,,
3927,1005312,256,0.982321,6.0000,,
3928,1005568,256,0.983674,6.0000,,
3929,1005824,256,0.971771,6.0000,,
3930,1006080,256,0.976016,6.0000,,
3931,1006336,256,0.983376,6.0000,,
3932,1006592,256,0.968478,6.0000,,
3933,1006848,256,0.975435,6.0000,,
3934,1007104,256,0.975509,6.0000,,
3935,1007360,256,0.978967,6.0000,,
3936,1007616,256,0.975191,6.0000,,
3937,1007872,256,0.973861,6.0000,,
3938,1008128,256,0.978336,6.0000,,
3939,1008384,256,0.980196,6.0000,,
3940,1008640,256,0.978848,6.0000,,
3941,1008896,256,0.977285,6.0000,,
3942,1009152,256,0.972028,6.0000,,
3943,1009408,256,0.978939,6.0000,,
3944,1009664,256,0.978284,6.0000,,
3945,1009920,256,0.970933,6.0000,,
3946,1010176,256,0.982029,6.0000,,
3947,1010432,256,0.968897,6.0000,,
3948,1010688,256,0.972816,6.0000,,
3949,1010944,256,0.980231,6.0000,,
3950,1011200,256,0.983959,6.0000,,
3951,1011456,256,0.975296,6.0000,,
3952,1011712,256,0.982119,6.0000,,
3953,1011968,256,0.975853,6.0000,,
3954,1012224,256,0.980468,6.0000,,
3955,1012480,256,0.980915,6.0000,,
3956,1012736,256,0.975434,6.0000,,
3957,1012992,256,0.976115,6.0000,,
3958,1013248,256,0.976015,6.0000,,
3959,1013504,256,0.979896,6.0000,,
3960,1013760,256,0.975175,6.0000,,
3961,1014016,256,0.977403,6.0000,,
3962,1014272,256,0.982432,6.0000,,
3963,1014528,256,0.982388,6.0000,,
3964,1014784,256,0.983066,6.0000,,
3965,1015040,256,0.972656,6.0000,,
3966,1015296,256,0.980464,6.0000,,
3967,1015552,256,0.973281,6.0000,,
3968,1015808,256,0.980041,6.0000,,
3969,1016064,256,0.976309,6.0000,,
3970,1016320,256,0.978776,6.0000,,
3971,1016576,256,0.977206,6.0000,,
3972,1016832,256,0.978646,6.0000,,
3973,1017088,256,0.975310,6.0000,,
3974,1017344,256,0.970928,6.0000,,
3975,1017600,256,0.972529,6.0000,,
3976,1017856,256,0.980838,6.0000,,
3977,1018112,256,0.977087,6.0000,,
3978,1018368,256,0.983777,6.0000,,
3979,1018624,256,0.971350,6.0000,,
3980,1018880,256,0.979667,6.0000,,
3981,1019136,256,0.985319,6.0000,,
3982,1019392,256,0.978130,6.0000,,
3983,1019648,256,0.978725,6.0000,,
3984,1019904,256,0.978823,6.0000,,
3985,1020160,256,0.987924,6.0000,,
3986,1020416,256,0.978504,6.0000,,
3987,1020672,256,0.973589,6.0000,,
3988,1020928,256,0.980914,6.0000,,
3989,1021184,256,0.986356,6.0000,,
3990,1021440,256,0.982282,6.0000,,
3991,1021696,256,0.983570,6.0000,,
3992,1021952,256,0.982641,6.0000,,
3993,1022208,256,0.978993,6.0000,,
3994,1022464,256,0.983635,6.0000,,
3995,1022720,256,0.976791,6.0000,,
3996,1022976,256,0.982333,6.0000,,
3997,1023232,256,0.983188,6.0000,,
3998,1023488,256,0.982689,6.0000,,
3999,1023744,256,0.978121,6.0000,,
4000,1024000,256,0.982717,6.0000,0.989852,6.0000
4001,1024256,256,0.977910,6.0000,,
4002,1024512,256,0.983490,6.0000,,
4003,1024768,256,0.981970,6.0000,,
4004,1025024,256,0.985421,6.0000,,
4005,1025280,256,0.979658,6.0000,,
4006,1025536,256,0.964441,6.0000,,
4007,1025792,256,0.977356,6.0000,,
4008,1026048,256,0.982618,6.0000,,
4009,1026304,256,0.986678,6.0000,,
4010,1026560,256,0.975567,6.0000,,
4011,1026816,256,0.973860,6.0000,,
4012,1027072,256,0.981541,6.0000,,
4013,1027328,256,0.979877,6.0000,,
4014,1027584,256,0.975637,6.0000,,
4015,1027840,256,0.983620,6.0000,,
4016,1028096,256,0.978584,6.0000,,
4017,1028352,256,0.971320,6.0000,,
4018,1028608,256,0.979034,6.0000,,
4019,1028864,256,0.981946,6.0000,,
4020,1029120,256,0.977128,6.0000,,
4021,1029376,256,0.971269,6.0000,,
4022,1029632,256,0.981605,6.0000,,
4023,1029888,256,0.979647,6.0000,,
4024,1030144,256,0.978549,6.0000,,
4025,1030400,256,0.973649,6.0000,,
4026,1030656,256,0.982153,6.0000,,
4027,1030912,256,0.975720,6.0000,,
4028,1031168,256,0.984451,6.0000,,
4029,1031424,256,0.981723,6.0000,,
4030,1031680,256,0.981531,6.0000,,
4031,1031936,256,0.980182,6.0000,,
4032,1032192,256,0.974774,6.0000,,
4033,1032448,256,0.971108,6.0000,,
4034,1032704,256,0.979315,6.0000,,
4035,1032960,256,0.983363,6.0000,,
4036,1033216,256,0.978951,6.0000,,
4037,1033472,256,0.971122,6.0000,,
4038,1033728,256,0.980528,6.0000,,
4039,1033984,256,0.980231,6.0000,,
4040,1034240,256,0.980255,6.0000,,
4041,1034496,256,0.980644,6.0000,,
4042,1034752,256,0.978459,6.0000,,
4043,1035008,256,0.969640,6.0000,,
4044,1035264,256,0.973355,6.0000,,
4045,1035520,256,0.978236,6.0000,,
4046,1035776,256,0.982574,6.0000,,
4047,1036032,256,0.979350,6.0000,,
4048,1036288,256,0.979663,6.0000,,
4049,1036544,256,0.976704,6.0000,,
4050,1036800,256,0.971865,6.0000,,
4051,1037056,256,0.978302,6.0000,,
4052,1037312,256,0.978520,6.0000,,
4053,1037568,256,0.982646,6.0000,,
4054,1037824,256,0.979169,6.0000,,
4055,1038080,256,0.984987,6.0000,,
4056,1038336,256,0.974384,6.0000,,
4057,1038592,256,0.977388,6.0000,,
4058,1038848,256,0.974551,6.0000,,
4059,1039104,256,0.983421,6.0000,,
4060,1039360,256,0.975671,6.0000,,
4061,1039616,256,0.978879,6.0000,,
4062,1039872,256,0.978102,6.0000,,
4063,1040128,256,0.973679,6.0000,,
4064,1040384,256,0.979711,6.0000,,
4065,1040640,256,0.982078,6.0000,,
4066,1040896,256,0.981310,6.0000,,
4067,1041152,256,0.984391,6.0000,,
4068,1041408,256,0.976037,6.0000,,
4069,1041664,256,0.987298,6.0000,,
4070,1041920,256,0.981649,6.0000,,
4071,1042176,256,0.980435,6.0000,,
4072,1042432,256,0.981559,6.0000,,
4073,1042688,256,0.975932,6.0000,,
4074,1042944,256,0.971201,6.0000,,
4075,1043200,256,0.977582,6.0000,,
4076,1043456,256,0.973552,6.0000,,
4077,1043712,256,0.982751,6.0000,,
4078,1043968,256,0.982723,6.0000,,
4079,1044224,256,0.973922,6.0000,,
4080,1044480,256,0.980278,6.0000,,
4081,1044736,256,0.976431,6.0000,,
4082,1044992,256,0.981805,6.0000,,
4083,1045248,256,0.980064,6.0000,,
4084,1045504,256,0.979622,6.0000,,
4085,1045760,256,0.979010,6.0000,,
4086,1046016,256,0.977448,6.0000,,
4087,1046272,256,0.986239,6.0000,,
4088,1046528,256,0.969836,6.0000,,
4089,1046784,256,0.971766,6.0000,,
4090,1047040,256,0.977226,6.0000,,
4091,1047296,256,0.978830,6.0000,,
4092,1047552,256,0.975321,6.0000,,
4093,1047808,256,0.983792,6.0000,,
4094,1048064,256,0.979185,6.0000,,
4095,1048320,256,0.983942,6.0000,,
4096,1048576,256,0.978935,6.0000,,
4097,1048832,256,0.981225,6.0000,,
4098,1049088,256,0.973637,6.0000,,
4099,1049344,256,0.981744,6.0000,,
4100,1049600,256,0.982449,6.0000,0.990763,6.0000
4101,1049856,256,0.982599,6.0000,,
4102,1050112,256,0.982742,6.0000,,
4103,1050368,256,0.974974,6.0000,,
4104,1050624,256,0.986642,6.0000,,
4105,1050880,256,0.976370,6.0000,,
4106,1051136,256,0.979775,6.0000,,
4107,1051392,256,0.979808,6.0000,,
4108,1051648,256,0.983290,6.0000,,
4109,1051904,256,0.981864,6.0000,,
4110,1052160,256,0.987797,6.0000,,
4111,1052416,256,0.979615,6.0000,,
4112,1052672,256,0.970932,6.0000,,
4113,1052928,256,0.972628,6.0000,,
4114,1053184,256,0.977372,6.0000,,
4115,1053440,256,0.974933,6.0000,,
4116,1053696,256,0.979170,6.0000,,
4117,1053952,256,0.969060,6.0000,,
4118,1054208,256,0.980210,6.0000,,
4119,1054464,256,0.979025,6.0000,,
4120,1054720,256,0.980557,6.0000,,
4121,1054976,256,0.977303,6.0000,,
4122,1055232,256,0.977929,6.0000,,
4123,1055488,256,0.977433,6.0000,,
4124,1055744,256,0.981214,6.0000,,
4125,1056000,256,0.971084,6.0000,,
4126,1056256,256,0.986320,6.0000,,
4127,1056512,256,0.978666,6.0000,,
4128,1056768,256,0.978015,6.0000,,
4129,1057024,256,0.978328,6.0000,,
4130,1057280,256,0.979740,6.0000,,
4131,1057536,256,0.979769,6.0000,,
4132,1057792,256,0.980546,6.0000,,
4133,1058048,256,0.984335,6.0000,,
4134,1058304,256,0.976516,6.0000,,
4135,1058560,256,0.982364,6.0000,,
4136,1058816,256,0.977270,6.0000,,
4137,1059072,256,0.976820,6.0000,,
4138,1059328,256,0.978850,6.0000,,
4139,1059584,256,0.983175,6.0000,,
4140,1059840,256,0.973309,6.0000,,
4141,1060096,256,0.983922,6.0000,,
4142,1060352,256,0.982390,6.0000,,
4143,1060608,256,0.984502,6.0000,,
4144,1060864,256,0.973634,6.0000,,
4145,1061120,256,0.978539,6.0000,,
4146,1061376,256,0.984325,6.0000,,
4147,1061632,256,0.982742,6.0000,,
4148,1061888,256,0.980128,6.0000,,
4149,1062144,256,0.975115,6.0000,,
4150,1062400,256,0.979630,6.0000,,
4151,1062656,256,0.980201,6.0000,,
4152,1062912,256,0.982428,6.0000,,
4153,1063168,256,0.978518,6.0000,,
4154,1063424,256,0.979729,6.0000,,
4155,1063680,256,0.970770,6.0000,,
4156,1063936,256,0.984545,6.0000,,
4157,1064192,256,0.982162,6.0000,,
4158,1064448,256,0.977806,6.0000,,
4159,1064704,256,0.976671,6.0000,,
4160,1064960,256,0.981639,6.0000,,
4161,1065216,256,0.978546,6.0000,,
4162,1065472,256,0.974125,6.0000,,
4163,1065728,256,0.973041,6.0000,,
4164,1065984,256,0.977646,6.0000,,
4165,1066240,256,0.982783,6.0000,,
4166,1066496,256,0.981163,6.0000,,
4167,1066752,256,0.977841,6.0000,,
4168,1067008,256,0.978751,6.0000,,
4169,1067264,256,0.985592,6.0000,,
4170,1067520,256,0.984583,6.0000,,
4171,1067776,256,0.985572,6.0000,,
4172,1068032,256,0.981592,6.0000,,
4173,1068288,256,0.986297,6.0000,,
4174,1068544,256,0.972199,6.0000,,
4175,1068800,256,0.982568,6.0000,,
4176,1069056,256,0.974378,6.0000,,
4177,1069312,256,0.981370,6.0000,,
4178,1069568,256,0.976170,6.0000,,
4179,1069824,256,0.976956,6.0000,,
4180,1070080,256,0.980030,6.0000,,
4181,1070336,256,0.983474,6.0000,,
4182,1070592,256,0.984126,6.0000,,
4183,1070848,256,0.980281,6.0000,,
4184,1071104,256,0.979831,6.0000,,
4185,1071360,256,0.974829,6.0000,,
4186,1071616,256,0.981094,6.0000,,
4187,1071872,256,0.983613,6.0000,,
4188,1072128,256,0.970543,6.0000,,
4189,1072384,256,0.980004,6.0000,,
4190,1072640,256,0.982029,6.0000,,
4191,1072896,256,0.978603,6.0000,,
4192,1073152,256,0.973320,6.0000,,
4193,1073408,256,0.978399,6.0000,,
4194,1073664,256,0.978895,6.0000,,
4195,1073920,256,0.974951,6.0000,,
4196,1074176,256,0.983228,6.0000,,
4197,1074432,256,0.971994,6.0000,,
4198,1074688,256,0.971619,6.0000,,
4199,1074944,256,0.976060,6.0000,,
4200,1075200,256,0.978060,6.0000,0.989005,6.0000
4201,1075456,256,0.975648,6.0000,,
4202,1075712,256,0.981384,6.0000,,
4203,1075968,256,0.976737,6.0000,,
4204,1076224,256,0.980112,6.0000,,
4205,1076480,256,0.982176,6.0000,,
4206,1076736,256,0.986089,6.0000,,
4207,1076992,256,0.980406,6.0000,,
4208,1077248,256,0.969806,6.0000,,
4209,1077504,256,0.976487,6.0000,,
4210,1077760,256,0.980731,6.0000,,
4211,1078016,256,0.978783,6.0000,,
4212,1078272,256,0.978163,6.0000,,
4213,1078528,256,0.981552,6.0000,,
4214,1078784,256,0.978391,6.0000,,
4215,1079040,256,0.977481,6.0000,,
4216,1079296,256,0.976767,6.0000,,
4217,1079552,256,0.981753,6.0000,,
4218,1079808,256,0.980895,6.0000,,
4219,1080064,256,0.984060,6.0000,,
4220,1080320,256,0.982271,6.0000,,
4221,1080576,256,0.977404,6.0000,,
4222,1080832,256,0.983623,6.0000,,
4223,1081088,256,0.978081,6.0000,,
4224,1081344,256,0.970659,6.0000,,
4225,1081600,256,0.980036,6.0000,,
4226,1081856,256,0.979723,6.0000,,
4227,1082112,256,0.983975,6.0000,,
4228,1082368,256,0.976136,6.0000,,
4229,1082624,256,0.974570,6.0000,,
4230,1082880,256,0.976906,6.0000,,
4231,1083136,256,0.977807,6.0000,,
4232,1083392,256,0.979173,6.0000,,
4233,1083648,256,0.982523,6.0000,,
4234,1083904,256,0.979097,6.0000,,
4235,1084160,256,0.977231,6.0000,,
4236,1084416,256,0.980556,6.0000,,
4237,1084672,256,0.983387,6.0000,,
4238,1084928,256,0.979164,6.0000,,
4239,1085184,256,0.981498,6.0000,,
4240,1085440,256,0.981579,6.0000,,
4241,1085696,256,0.981548,6.0000,,
4242,1085952,256,0.980947,6.0000,,
4243,1086208,256,0.984849,6.0000,,
4244,1086464,256,0.974329,6.0000,,
4245,1086720,256,0.983826,6.0000,,
4246,1086976,256,0.972272,6.0000,,
4247,1087232,256,0.973140,6.0000,,
4248,1087488,256,0.985230,6.0000,,
4249,1087744,256,0.979128,6.0000,,
4250,1088000,256,0.974196,6.0000,,
4251,1088256,256,0.985409,6.0000,,
4252,1088512,256,0.971208,6.0000,,
4253,1088768,256,0.981495,6.0000,,
4254,1089024,256,0.975889,6.0000,,
4255,1089280,256,0.980171,6.0000,,
4256,1089536,256,0.974803,6.0000,,
4257,1089792,256,0.977122,6.0000,,
4258,1090048,256,0.979849,6.0000,,
4259,1090304,256,0.984334,6.0000,,
4260,1090560,256,0.986887,6.0000,,
4261,1090816,256,0.986355,6.0000,,
4262,1091072,256,0.983393,6.0000,,
4263,1091328,256,0.983314,6.0000,,
4264,1091584,256,0.976709,6.0000,,
4265,1091840,256,0.973183,6.0000,,
4266,1092096,256,0.987267,6.0000,,
4267,1092352,256,0.982339,6.0000,,
4268,1092608,256,0.975550,6.0000,,
4269,1092864,256,0.985282,6.0000,,
4270,1093120,256,0.977707,6.0000,,
4271,1093376,256,0.979536,6.0000,,
4272,1093632,256,0.982081,6.0000,,
4273,1093888,256,0.977219,6.0000,,
4274,1094144,256,0.982166,6.0000,,
4275,1094400,256,0.979759,6.0000,,
4276,1094656,256,0.976600,6.0000,,
4277,1094912,256,0.975751,6.0000,,
4278,1095168,256,0.987390,6.0000,,
4279,1095424,256,0.985470,6.0000,,
4280,1095680,256,0.983066,6.0000,,
4281,1095936,256,0.972809,6.0000,,
4282,1096192,256,0.984085,6.0000,,
4283,1096448,256,0.983902,6.0000,,
4284,1096704,256,0.978003,6.0000,,
4285,1096960,256,0.983569,6.0000,,
4286,1097216,256,0.981319,6.0000,,
4287,1097472,256,0.982206,6.0000,,
4288,1097728,256,0.982950,6.0000,,
4289,1097984,256,0.985982,6.0000,,
4290,1098240,256,0.980734,6.0000,,
4291,1098496,256,0.979481,6.0000,,
4292,1098752,256,0.982694,6.0000,,
4293,1099008,256,0.984568,6.0000,,
4294,1099264,256,0.980914,6.0000,,
4295,1099520,256,0.976901,6.0000,,
4296,1099776,256,0.982517,6.0000,,
4297,1100032,256,0.987157,6.0000,,
4298,1100288,256,0.980055,6.0000,,
4299,1100544,256,0.977613,6.0000,,
4300,1100800,256,0.981280,6.0000,0.991435,6.0000
4301,1101056,256,0.980814,6.0000,,
4302,1101312,256,0.978375,6.0000,,
4303,1101568,256,0.974138,6.0000,,
4304,1101824,256,0.974303,6.0000,,
4305,1102080,256,0.984771,6.0000,,
4306,1102336,256,0.983746,6.0000,,
4307,1102592,256,0.979055,6.0000,,
4308,1102848,256,0.981121,6.0000,,
4309,1103104,256,0.985243,6.0000,,
4310,1103360,256,0.983503,6.0000,,
4311,1103616,256,0.981517,6.0000,,
4312,1103872,256,0.983980,6.0000,,
4313,1104128,256,0.981497,6.0000,,
4314,1104384,256,0.978337,6.0000,,
4315,1104640,256,0.978894,6.0000,,
4316,1104896,256,0.982629,6.0000,,
4317,1105152,256,0.984282,6.0000,,
4318,1105408,256,0.973617,6.0000,,
4319,1105664,256,0.982994,6.0000,,
4320,1105920,256,0.979070,6.0000,,
4321,1106176,256,0.977810,6.0000,,
4322,1106432,256,0.982351,6.0000,,
4323,1106688,256,0.982067,6.0000,,
4324,1106944,256,0.980194,6.0000,,
4325,1107200,256,0.981659,6.0000,,
4326,1107456,256,0.979044,6.0000,,
4327,1107712,256,0.979224,6.0000,,
4328,1107968,256,0.981362,6.0000,,
4329,1108224,256,0.973046,6.0000,,
4330,1108480,256,0.977832,6.0000,,
4331,1108736,256,0.975206,6.0000,,
4332,1108992,256,0.975932,6.0000,,
4333,1109248,256,0.981552,6.0000,,
4334,1109504,256,0.977791,6.0000,,
4335,1109760,256,0.977091,6.0000,,
4336,1110016,256,0.980076,6.0000,,
4337,1110272,256,0.981435,6.0000,,
4338,1110528,256,0.980229,6.0000,,
4339,1110784,256,0.980582,6.0000,,
4340,1111040,256,0.978006,6.0000,,
4341,1111296,256,0.977693,6.0000,,
4342,1111552,256,0.983485,6.0000,,
4343,1111808,256,0.981565,6.0000,,
4344,1112064,256,0.981697,6.0000,,
4345,1112320,256,0.980786,6.0000,,
4346,1112576,256,0.981020,6.0000,,
4347,1112832,256,0.982273,6.0000,,
4348,1113088,256,0.985652,6.0000,,
4349,1113344,256,0.982637,6.0000,,
4350,1113600,256,0.982105,6.0000,,
4351,1113856,256,0.979438,6.0000,,
4352,1114112,256,0.981529,6.0000,,
4353,1114368,256,0.978673,6.0000,,
4354,1114624,256,0.972544,6.0000,,
4355,1114880,256,0.982418,6.0000,,
4356,1115136,256,0.980873,6.0000,,
4357,1115392,256,0.978056,6.0000,,
4358,1115648,256,0.979714,6.0000,,
4359,1115904,256,0.977933,6.0000,,
4360,1116160,256,0.976139,6.0000,,
4361,1116416,256,0.981540,6.0000,,
4362,1116672,256,0.981447,6.0000,,
4363,1116928,256,0.981708,6.0000,,
4364,1117184,256,0.982769,6.0000,,
4365,1117440,256,0.982127,6.0000,,
4366,1117696,256,0.979705,6.0000,,
4367,1117952,256,0.981671,6.0000,,
4368,1118208,256,0.980225,6.0000,,
4369,1118464,256,0.976777,6.0000,,
4370,1118720,256,0.983719,6.0000,,
4371,1118976,256,0.988292,6.0000,,
4372,1119232,256,0.979505,6.0000,,
4373,1119488,256,0.979863,6.0000,,
4374,1119744,256,0.984901,6.0000,,
4375,1120000,256,0.983599,6.0000,,
4376,1120256,256,0.984206,6.0000,,
4377,1120512,256,0.980274,6.0000,,
4378,1120768,256,0.980175,6.0000,,
4379,1121024,256,0.984108,6.0000,,
4380,1121280,256,0.982186,6.0000,,
4381,1121536,256,0.981038,6.0000,,
4382,1121792,256,0.976182,6.0000,,
4383,1122048,256,0.977411,6.0000,,
4384,1122304,256,0.977981,6.0000,,
4385,1122560,256,0.979728,6.0000,,
4386,1122816,256,0.983520,6.0000,,
4387,1123072,256,0.975402,6.0000,,
4388,1123328,256,0.979026,6.0000,,
4389,1123584,256,0.983505,6.0000,,
4390,1123840,256,0.974606,6.0000,,
4391,1124096,256,0.976903,6.0000,,
4392,1124352,256,0.984225,6.0000,,
4393,1124608,256,0.981036,6.0000,,
4394,1124864,256,0.982165,6.0000,,
4395,1125120,256,0.978239,6.0000,,
4396,1125376,256,0.975484,6.0000,,
4397,1125632,256,0.980092,6.0000,,
4398,1125888,256,0.976171,6.0000,,
4399,1126144,256,0.975304,6.0000,,
4400,1126400,256,0.981099,6.0000,0.992369,6.0000
4401,1126656,256,0.980348,6.0000,,
4402,1126912,256,0.977302,6.0000,,
4403,1127168,256,0.973026,6.0000,,
4404,1127424,256,0.982057,6.0000,,
4405,1127680,256,0.981433,6.0000,,
4406,1127936,256,0.980725,6.0000,,
4407,1128192,256,0.977296,6.0000,,
4408,1128448,256,0.983429,6.0000,,
4409,1128704,256,0.981670,6.0000,,
4410,1128960,256,0.980885,6.0000,,
4411,1129216,256,0.981860,6.0000,,
4412,1129472,256,0.980025,6.0000,,
4413,1129728,256,0.980813,6.0000,,
4414,1129984,256,0.977538,6.0000,,
4415,1130240,256,0.981090,6.0000,,
4416,1130496,256,0.976618,6.0000,,
4417,1130752,256,0.980072,6.0000,,
4418,1131008,256,0.982032,6.0000,,
4419,1131264,256,0.979972,6.0000,,
4420,1131520,256,0.985195,6.0000,,
4421,1131776,256,0.976186,6.0000,,
4422,1132032,256,0.976417,6.0000,,
4423,1132288,256,0.977456,6.0000,,
4424,1132544,256,0.982625,6.0000,,
4425,1132800,256,0.977023,6.0000,,
4426,1133056,256,0.983413,6.0000,,
4427,1133312,256,0.977821,6.0000,,
4428,1133568,256,0.982459,6.0000,,
4429,1133824,256,0.982477,6.0000,,
4430,1134080,256,0.977533,6.0000,,
4431,1134336,256,0.987662,6.0000,,
4432,1134592,256,0.983234,6.0000,,
4433,1134848,256,0.980783,6.0000,,
4434,1135104,256,0.983730,6.0000,,
4435,1135360,256,0.971671,6.0000,,
4436,1135616,256,0.987469,6.0000,,
4437,1135872,256,0.985555,6.0000,,
4438,1136128,256,0.978390,6.0000,,
4439,1136384,256,0.980078,6.0000,,
4440,1136640,256,0.982185,6.0000,,
4441,1136896,256,0.987224,6.0000,,
4442,1137152,256,0.982844,6.0000,,
4443,1137408,256,0.984493,6.0000,,
4444,1137664,256,0.986890,6.0000,,
4445,1137920,256,0.977888,6.0000,,
4446,1138176,256,0.982134,6.0000,,
4447,1138432,256,0.973668,6.0000,,
4448,1138688,256,0.982122,6.0000,,
4449,1138944,256,0.972817,6.0000,,
4450,1139200,256,0.978702,6.0000,,
4451,1139456,256,0.985168,6.0000,,
4452,1139712,256,0.985304,6.0000,,
4453,1139968,256,0.986452,6.0000,,
4454,1140224,256,0.979984,6.0000,,
4455,1140480,256,0.977901,6.0000,,
4456,1140736,256,0.982514,6.0000,,
4457,1140992,256,0.979576,6.0000,,
4458,1141248,256,0.978557,6.0000,,
4459,1141504,256,0.985895,6.0000,,
4460,1141760,256,0.980790,6.0000,,
4461,1142016,256,0.977636,6.0000,,
4462,1142272,256,0.984950,6.0000,,
4463,1142528,256,0.981808,6.0000,,
4464,1142784,256,0.972289,6.0000,,
4465,1143040,256,0.976685,6.0000,,
4466,1143296,256,0.982098,6.0000,,
4467,1143552,256,0.984328,6.0000,,
4468,1143808,256,0.979355,6.0000,,
4469,1144064,256,0.983623,6.0000,,
4470,1144320,256,0.975582,6.0000,,
4471,1144576,256,0.970635,6.0000,,
4472,1144832,256,0.984039,6.0000,,
4473,1145088,256,0.969090,6.0000,,
4474,1145344,256,0.978325,6.0000,,
4475,1145600,256,0.983497,6.0000,,
4476,1145856,256,0.983786,6.0000,,
4477,1146112,256,0.974970,6.0000,,
4478,1146368,256,0.986971,6.0000,,
4479,1146624,256,0.978885,6.0000,,
4480,1146880,256,0.975767,6.0000,,
4481,1147136,256,0.977654,6.0000,,
4482,1147392,256,0.980627,6.0000,,
4483,1147648,256,0.977939,6.0000,,
4484,1147904,256,0.982584,6.0000,,
4485,1148160,256,0.979191,6.0000,,
4486,1148416,256,0.977564,6.0000,,
4487,1148672,256,0.978909,6.0000,,
4488,1148928,256,0.969985,6.0000,,
4489,1149184,256,0.988974,6.0000,,
4490,1149440,256,0.982618,6.0000,,
4491,1149696,256,0.977286,6.0000,,
4492,1149952,256,0.976146,6.0000,,
4493,1150208,256,0.980628,6.0000,,
4494,1150464,256,0.983096,6.0000,,
4495,1150720,256,0.971901,6.0000,,
4496,1150976,256,0.980880,6.0000,,
4497,1151232,256,0.986500,6.0000,,
4498,1151488,256,0.980381,6.0000,,
4499,1151744,256,0.974725,6.0000,,
4500,1152000,256,0.979591,6.0000,0.991536,6.0000
4501,1152256,256,0.981799,6.0000,,
4502,1152512,256,0.978625,6.0000,,
4503,1152768,256,0.974492,6.0000,,
4504,1153024,256,0.977575,6.0000,,
4505,1153280,256,0.973372,6.0000,,
4506,1153536,256,0.977273,6.0000,,
4507,1153792,256,0.974315,6.0000,,
4508,1154048,256,0.980720,6.0000,,
4509,1154304,256,0.984149,6.0000,,
4510,1154560,256,0.979143,6.0000,,
4511,1154816,256,0.975722,6.0000,,
4512,1155072,256,0.975562,6.0000,,
4513,1155328,256,0.979612,6.0000,,
4514,1155584,256,0.981821,6.0000,,
4515,1155840,256,0.978219,6.0000,,
4516,1156096,256,0.984644,6.0000,,
4517,1156352,256,0.980311,6.0000,,
4518,1156608,256,0.985199,6.0000,,
4519,1156864,256,0.983919,6.0000,,
4520,1157120,256,0.984779,6.0000,,
4521,1157376,256,0.983130,6.0000,,
4522,1157632,256,0.981657,6.0000,,
4523,1157888,256,0.988008,6.0000,,
4524,1158144,256,0.983772,6.0000,,
4525,1158400,256,0.982644,6.0000,,
4526,1158656,256,0.980868,6.0000,,
4527,1158912,256,0.984943,6.0000,,
4528,1159168,256,0.977077,6.0000,,
4529,1159424,256,0.977832,6.0000,,
4530,1159680,256,0.981682,6.0000,,
4531,1159936,256,0.985096,6.0000,,
4532,1160192,256,0.981451,6.0000,,
4533,1160448,256,0.979293,6.0000,,
4534,1160704,256,0.980503,6.0000,,
4535,1160960,256,0.983933,6.0000,,
4536,1161216,256,0.987055,6.0000,,
4537,1161472,256,0.981984,6.0000,,
4538,1161728,256,0.984851,6.0000,,
4539,1161984,256,0.980205,6.0000,,
4540,1162240,256,0.973310,6.0000,,
4541,1162496,256,0.984920,6.0000,,
4542,1162752,256,0.983998,6.0000,,
4543,1163008,256,0.978478,6.0000,,
4544,1163264,256,0.982842,6.0000,,
4545,1163520,256,0.985559,6.0000,,
4546,1163776,256,0.968239,6.0000,,
4547,1164032,256,0.981570,6.0000,,
4548,1164288,256,0.985548,6.0000,,
4549,1164544,256,0.983429,6.0000,,
4550,1164800,256,0.981708,6.0000,,
4551,1165056,256,0.977870,6.0000,,
4552,1165312,256,0.981047,6.0000,,
4553,1165568,256,0.984907,6.0000,,
4554,1165824,256,0.979883,6.0000,,
4555,1166080,256,0.985723,6.0000,,
4556,1166336,256,0.985098,6.0000,,
4557,1166592,256,0.972193,6.0000,,
4558,1166848,256,0.982958,6.0000,,
4559,1167104,256,0.978524,6.0000,,
4560,1167360,256,0.981741,6.0000,,
4561,1167616,256,0.982063,6.0000,,
4562,1167872,256,0.971031,6.0000,,
4563,1168128,256,0.982915,6.0000,,
4564,1168384,256,0.973537,6.0000,,
4565,1168640,256,0.973368,6.0000,,
4566,1168896,256,0.979857,6.0000,,
4567,1169152,256,0.978376,6.0000,,
4568,1169408,256,0.980231,6.0000,,
4569,1169664,256,0.977054,6.0000,,
4570,1169920,256,0.981381,6.0000,,
4571,1170176,256,0.984610,6.0000,,
4572,1170432,256,0.977767,6.0000,,
4573,1170688,256,0.975951,6.0000,,
4574,1170944,256,0.979674,6.0000,,
4575,1171200,256,0.976386,6.0000,,
4576,1171456,256,0.973673,6.0000,,
4577,1171712,256,0.984832,6.0000,,
4578,1171968,256,0.984129,6.0000,,
4579,1172224,256,0.979278,6.0000,,
4580,1172480,256,0.979139,6.0000,,
4581,1172736,256,0.978505,6.0000,,
4582,1172992,256,0.978592,6.0000,,
4583,1173248,256,0.976913,6.0000,,
4584,1173504,256,0.978154,6.0000,,
4585,1173760,256,0.978461,6.0000,,
4586,1174016,256,0.983788,6.0000,,
4587,1174272,256,0.977546,6.0000,,
4588,1174528,256,0.975913,6.0000,,
4589,1174784,256,0.983885,6.0000,,
4590,1175040,256,0.975038,6.0000,,
4591,1175296,256,0.985677,6.0000,,
4592,1175552,256,0.977634,6.0000,,
4593,1175808,256,0.971706,6.0000,,
4594,1176064,256,0.977205,6.0000,,
4595,1176320,256,0.985945,6.0000,,
4596,1176576,256,0.983458,6.0000,,
4597,1176832,256,0.985524,6.0000,,
4598,1177088,256,0.978232,6.0000,,
4599,1177344,256,0.979673,6.0000,,
4600,1177600,256,0.975801,6.0000,0.990813,6.0000
4601,1177856,256,0.980575,6.0000,,
4602,1178112,256,0.986901,6.0000,,
4603,1178368,256,0.975024,6.0000,,
4604,1178624,256,0.981951,6.0000,,
4605,1178880,256,0.982242,6.0000,,
4606,1179136,256,0.978352,6.0000,,
4607,1179392,256,0.985032,6.0000,,
4608,1179648,256,0.970155,6.0000,,
4609,1179904,256,0.986343,6.0000,,
4610,1180160,256,0.980657,6.0000,,
4611,1180416,256,0.974600,6.0000,,
4612,1180672,256,0.983589,6.0000,,
4613,1180928,256,0.981344,6.0000,,
4614,1181184,256,0.983517,6.0000,,
4615,1181440,256,0.979077,6.0000,,
4616,1181696,256,0.974060,6.0000,,
4617,1181952,256,0.973631,6.0000,,
4618,1182208,256,0.976218,6.0000,,
4619,1182464,256,0.987237,6.0000,,
4620,1182720,256,0.980183,6.0000,,
4621,1182976,256,0.981193,6.0000,,
4622,1183232,256,0.981921,6.0000,,
4623,1183488,256,0.987898,6.0000,,
4624,1183744,256,0.973033,6.0000,,
4625,1184000,256,0.982354,6.0000,,
4626,1184256,256,0.978674,6.0000,,
4627,1184512,256,0.980544,6.0000,,
4628,1184768,256,0.976440,6.0000,,
4629,1185024,256,0.976954,6.0000,,
4630,1185280,256,0.985472,6.0000,,
4631,1185536,256,0.979961,6.0000,,
4632,1185792,256,0.981782,6.0000,,
4633,1186048,256,0.980776,6.0000,,
4634,1186304,256,0.978473,6.0000,,
4635,1186560,256,0.981062,6.0000,,
4636,1186816,256,0.976428,6.0000,,
4637,1187072,256,0.983893,6.0000,,
4638,1187328,256,0.978348,6.0000,,
4639,1187584,256,0.976221,6.0000,,
4640,1187840,256,0.983351,6.0000,,
4641,1188096,256,0.980915,6.0000,,
4642,1188352,256,0.983011,6.0000,,
4643,1188608,256,0.986188,6.0000,,
4644,1188864,256,0.986616,6.0000,,
4645,1189120,256,0.984200,6.0000,,
4646,1189376,256,0.987698,6.0000,,
4647,1189632,256,0.980150,6.0000,,
4648,1189888,256,0.976352,6.0000,,
4649,1190144,256,0.984607,6.0000,,
4650,1190400,256,0.984063,6.0000,,
4651,1190656,256,0.983354,6.0000,,
4652,1190912,256,0.985371,6.0000,,
4653,1191168,256,0.983653,6.0000,,
4654,1191424,256,0.983019,6.0000,,
4655,1191680,256,0.981917,6.0000,,
4656,1191936,256,0.980775,6.0000,,
4657,1192192,256,0.982250,6.0000,,
4658,1192448,256,0.982506,6.0000,,
4659,1192704,256,0.981097,6.0000,,
4660,1192960,256,0.975801,6.0000,,
4661,1193216,256,0.980068,6.0000,,
4662,1193472,256,0.982467,6.0000,,
4663,1193728,256,0.984943,6.0000,,
4664,1193984,256,0.977150,6.0000,,
4665,1194240,256,0.983603,6.0000,,
4666,1194496,256,0.977265,6.0000,,
4667,1194752,256,0.987156,6.0000,,
4668,1195008,256,0.982287,6.0000,,
4669,1195264,256,0.979191,6.0000,,
4670,1195520,256,0.979014,6.0000,,
4671,1195776,256,0.986339,6.0000,,
4672,1196032,256,0.978561,6.0000,,
4673,1196288,256,0.980673,6.0000,,
4674,1196544,256,0.979327,6.0000,,
4675,1196800,256,0.986149,6.0000,,
4676,1197056,256,0.980997,6.0000,,
4677,1197312,256,0.981841,6.0000,,
4678,1197568,256,0.981713,6.0000,,
4679,1197824,256,0.984620,6.0000,,
4680,1198080,256,0.981689,6.0000,,
4681,1198336,256,0.972648,6.0000,,
4682,1198592,256,0.984533,6.0000,,
4683,1198848,256,0.979674,6.0000,,
4684,1199104,256,0.981905,6.0000,,
4685,1199360,256,0.968270,6.0000,,
4686,1199616,256,0.977052,6.0000,,
4687,1199872,256,0.982604,6.0000,,
4688,1200128,256,0.971661,6.0000,,
4689,1200384,256,0.980776,6.0000,,
4690,1200640,256,0.979067,6.0000,,
4691,1200896,256,0.974727,6.0000,,
4692,1201152,256,0.977262,6.0000,,
4693,1201408,256,0.982817,6.0000,,
4694,1201664,256,0.981252,6.0000,,
4695,1201920,256,0.976236,6.0000,,
4696,1202176,256,0.982619,6.0000,,
4697,1202432,256,0.959739,6.0000,,
4698,1202688,256,0.982884,6.0000,,
4699,1202944,256,0.975972,6.0000,,
4700,1203200,256,0.977002,6.0000,0.991822,6.0000
4701,1203456,256,0.977222,6.0000,,
4702,1203712,256,0.982983,6.0000,,
4703,1203968,256,0.976876,6.0000,,
4704,1204224,256,0.975969,6.0000,,
4705,1204480,256,0.979758,6.0000,,
4706,1204736,256,0.978570,6.0000,,
4707,1204992,256,0.981459,6.0000,,
4708,1205248,256,0.980235,6.0000,,
4709,1205504,256,0.981226,6.0000,,
4710,1205760,256,0.980910,6.0000,,
4711,1206016,256,0.975715,6.0000,,
4712,1206272,256,0.985614,6.0000,,
4713,1206528,256,0.981952,6.0000,,
4714,1206784,256,0.974215,6.0000,,
4715,1207040,256,0.984333,6.0000,,
4716,1207296,256,0.973495,6.0000,,
4717,1207552,256,0.978068,6.0000,,
4718,1207808,256,0.982576,6.0000,,
4719,1208064,256,0.983292,6.0000,,
4720,1208320,256,0.984971,6.0000,,
4721,1208576,256,0.983506,6.0000,,
4722,1208832,256,0.985101,6.0000,,
4723,1209088,256,0.981893,6.0000,,
4724,1209344,256,0.980172,6.0000,,
4725,1209600,256,0.978314,6.0000,,
4726,1209856,256,0.981626,6.0000,,
4727,1210112,256,0.986952,6.0000,,
4728,1210368,256,0.979932,6.0000,,
4729,1210624,256,0.978108,6.0000,,
4730,1210880,256,0.982624,6.0000,,
4731,1211136,256,0.981216,6.0000,,
4732,1211392,256,0.986546,6.0000,,
4733,1211648,256,0.985678,6.0000,,
4734,1211904,256,0.982775,6.0000,,
4735,1212160,256,0.985431,6.0000,,
4736,1212416,256,0.981661,6.0000,,
4737,1212672,256,0.982248,6.0000,,
4738,1212928,256,0.982880,6.0000,,
4739,1213184,256,0.977621,6.0000,,
4740,1213440,256,0.980221,6.0000,,
4741,1213696,256,0.982682,6.0000,,
4742,1213952,256,0.985825,6.0000,,
4743,1214208,256,0.984185,6.0000,,
4744,1214464,256,0.979671,6.0000,,
4745,1214720,256,0.985729,6.0000,,
4746,1214976,256,0.981534,6.0000,,
4747,1215232,256,0.984237,6.0000,,
4748,1215488,256,0.983505,6.0000,,
4749,1215744,256,0.982931,6.0000,,
4750,1216000,256,0.983767,6.0000,,
4751,1216256,256,0.986343,6.0000,,
4752,1216512,256,0.973280,6.0000,,
4753,1216768,256,0.987331,6.0000,,
4754,1217024,256,0.982427,6.0000,,
4755,1217280,256,0.979053,6.0000,,
4756,1217536,256,0.984831,6.0000,,
4757,1217792,256,0.979054,6.0000,,
4758,1218048,256,0.976676,6.0000,,
4759,1218304,256,0.980884,6.0000,,
4760,1218560,256,0.980757,6.0000,,
4761,1218816,256,0.985571,6.0000,,
4762,1219072,256,0.984094,6.0000,,
4763,1219328,256,0.974483,6.0000,,
4764,1219584,256,0.983919,6.0000,,
4765,1219840,256,0.982636,6.0000,,
4766,1220096,256,0.980359,6.0000,,
4767,1220352,256,0.979432,6.0000,,
4768,1220608,256,0.984451,6.0000,,
4769,1220864,256,0.985677,6.0000,,
4770,1221120,256,0.986051,6.0000,,
4771,1221376,256,0.986008,6.0000,,
4772,1221632,256,0.986108,6.0000,,
4773,1221888,256,0.983626,6.0000,,
4774,1222144,256,0.984091,6.0000,,
4775,1222400,256,0.986861,6.0000,,
4776,1222656,256,0.986912,6.0000,,
4777,1222912,256,0.980010,6.0000,,
4778,1223168,256,0.988073,6.0000,,
4779,1223424,256,0.986171,6.0000,,
4780,1223680,256,0.986972,6.0000,,
4781,1223936,256,0.973841,6.0000,,
4782,1224192,256,0.980437,6.0000,,
4783,1224448,256,0.980883,6.0000,,
4784,1224704,256,0.980619,6.0000,,
4785,1224960,256,0.982529,6.0000,,
4786,1225216,256,0.986453,6.0000,,
4787,1225472,256,0.987338,6.0000,,
4788,1225728,256,0.979160,6.0000,,
4789,1225984,256,0.985316,6.0000,,
4790,1226240,256,0.987696,6.0000,,
4791,1226496,256,0.981490,6.0000,,
4792,1226752,256,0.981017,6.0000,,
4793,1227008,256,0.989575,6.0000,,
4794,1227264,256,0.982102,6.0000,,
4795,1227520,256,0.984514,6.0000,,
4796,1227776,256,0.983915,6.0000,,
4797,1228032,256,0.986371,6.0000,,
4798,1228288,256,0.986081,6.0000,,
4799,1228544,256,0.980367,6.0000,,
4800,1228800,256,0.985030,6.0000,0.991700,6.0000
4801,1229056,256,0.980296,6.0000,,
4802,1229312,256,0.979434,6.0000,,
4803,1229568,256,0.986019,6.0000,,
4804,1229824,256,0.983721,6.0000,,
4805,1230080,256,0.986934,6.0000,,
4806,1230336,256,0.982247,6.0000,,
4807,1230592,256,0.986236,6.0000,,
4808,1230848,256,0.983427,6.0000,,
4809,1231104,256,0.969761,6.0000,,
4810,1231360,256,0.979898,6.0000,,
4811,1231616,256,0.984980,6.0000,,
4812,1231872,256,0.977948,6.0000,,
4813,1232128,256,0.973196,6.0000,,
4814,1232384,256,0.979483,6.0000,,
4815,1232640,256,0.986875,6.0000,,
4816,1232896,256,0.984035,6.0000,,
4817,1233152,256,0.979797,6.0000,,
4818,1233408,256,0.984837,6.0000,,
4819,1233664,256,0.979200,6.0000,,
4820,1233920,256,0.986944,6.0000,,
4821,1234176,256,0.980968,6.0000,,
4822,1234432,256,0.981591,6.0000,,
4823,1234688,256,0.985931,6.0000,,
4824,1234944,256,0.977404,6.0000,,
4825,1235200,256,0.983019,6.0000,,
4826,1235456,256,0.988922,6.0000,,
4827,1235712,256,0.980784,6.0000,,
4828,1235968,256,0.983497,6.0000,,
4829,1236224,256,0.987146,6.0000,,
4830,1236480,256,0.982531,6.0000,,
4831,1236736,256,0.985508,6.0000,,
4832,1236992,256,0.981332,6.0000,,
4833,1237248,256,0.975212,6.0000,,
4834,1237504,256,0.981588,6.0000,,
4835,1237760,256,0.975864,6.0000,,
4836,1238016,256,0.982591,6.0000,,
4837,1238272,256,0.986477,6.0000,,
4838,1238528,256,0.986463,6.0000,,
4839,1238784,256,0.979684,6.0000,,
4840,1239040,256,0.979761,6.0000,,
4841,1239296,256,0.982708,6.0000,,
4842,1239552,256,0.982927,6.0000,,
4843,1239808,256,0.977638,6.0000,,
4844,1240064,256,0.985507,6.0000,,
4845,1240320,256,0.985464,6.0000,,
4846,1240576,256,0.981017,6.0000,,
4847,1240832,256,0.983451,6.0000,,
4848,1241088,256,0.982760,6.0000,,
4849,1241344,256,0.974247,6.0000,,
4850,1241600,256,0.980309,6.0000,,
4851,1241856,256,0.980895,6.0000,,
4852,1242112,256,0.984058,6.0000,,
4853,1242368,256,0.981635,6.0000,,
4854,1242624,256,0.980161,6.0000,,
4855,1242880,256,0.982273,6.0000,,
4856,1243136,256,0.978842,6.0000,,
4857,1243392,256,0.986938,6.0000,,
4858,1243648,256,0.982115,6.0000,,
4859,1243904,256,0.981445,6.0000,,
4860,1244160,256,0.986220,6.0000,,
4861,1244416,256,0.983020,6.0000,,
4862,1244672,256,0.980256,6.0000,,
4863,1244928,256,0.980010,6.0000,,
4864,1245184,256,0.981174,6.0000,,
4865,1245440,256,0.985087,6.0000,,
4866,1245696,256,0.980420,6.0000,,
4867,1245952,256,0.981107,6.0000,,
4868,1246208,256,0.971931,6.0000,,
4869,1246464,256,0.988749,6.0000,,
4870,1246720,256,0.981116,6.0000,,
4871,1246976,256,0.972784,6.0000,,
4872,1247232,256,0.982111,6.0000,,
4873,1247488,256,0.985255,6.0000,,
4874,1247744,256,0.983897,6.0000,,
4875,1248000,256,0.981973,6.0000,,
4876,1248256,256,0.977835,6.0000,,
4877,1248512,256,0.974570,6.0000,,
4878,1248768,256,0.983903,6.0000,,
4879,1249024,256,0.981146,6.0000,,
4880,1249280,256,0.976039,6.0000,,
4881,1249536,256,0.984205,6.0000,,
4882,1249792,256,0.983145,6.0000,,
4883,1250048,256,0.975796,6.0000,,
4884,1250304,256,0.974721,6.0000,,
4885,1250560,256,0.973246,6.0000,,
4886,1250816,256,0.982612,6.0000,,
4887,1251072,256,0.984608,6.0000,,
4888,1251328,256,0.977571,6.0000,,
4889,1251584,256,0.985343,6.0000,,
4890,1251840,256,0.986109,6.0000,,
4891,1252096,256,0.978503,6.0000,,
4892,1252352,256,0.978097,6.0000,,
4893,1252608,256,0.985357,6.0000,,
4894,1252864,256,0.985757,6.0000,,
4895,1253120,256,0.984589,6.0000,,
4896,1253376,256,0.984336,6.0000,,
4897,1253632,256,0.979611,6.0000,,
4898,1253888,256,0.977075,6.0000,,
4899,1254144,256,0.977938,6.0000,,
4900,1254400,256,0.977861,6.0000,0.995810,6.0000
4901,1254656,256,0.975563,6.0000,,
4902,1254912,256,0.982385,6.0000,,
4903,1255168,256,0.983780,6.0000,,
4904,1255424,256,0.983512,6.0000,,
4905,1255680,256,0.986907,6.0000,,
4906,1255936,256,0.986028,6.0000,,
4907,1256192,256,0.988107,6.0000,,
4908,1256448,256,0.982770,6.0000,,
4909,1256704,256,0.980615,6.0000,,
4910,1256960,256,0.988409,6.0000,,
4911,1257216,256,0.986897,6.0000,,
4912,1257472,256,0.982876,6.0000,,
4913,1257728,256,0.987141,6.0000,,
4914,1257984,256,0.984915,6.0000,,
4915,1258240,256,0.981884,6.0000,,
4916,1258496,256,0.972752,6.0000,,
4917,1258752,256,0.973125,6.0000,,
4918,1259008,256,0.982091,6.0000,,
4919,1259264,256,0.974923,6.0000,,
4920,1259520,256,0.983847,6.0000,,
4921,1259776,256,0.986089,6.0000,,
4922,1260032,256,0.983641,6.0000,,
4923,1260288,256,0.981172,6.0000,,
4924,1260544,256,0.980800,6.0000,,
4925,1260800,256,0.978739,6.0000,,
4926,1261056,256,0.976983,6.0000,,
4927,1261312,256,0.977932,6.0000,,
4928,1261568,256,0.979002,6.0000,,
4929,1261824,256,0.979106,6.0000,,
4930,1262080,256,0.976922,6.0000,,
4931,1262336,256,0.977908,6.0000,,
4932,1262592,256,0.986986,6.0000,,
4933,1262848,256,0.980690,6.0000,,
4934,1263104,256,0.974689,6.0000,,
4935,1263360,256,0.976375,6.0000,,
4936,1263616,256,0.974309,6.0000,,
4937,1263872,256,0.974607,6.0000,,
4938,1264128,256,0.984395,6.0000,,
4939,1264384,256,0.978525,6.0000,,
4940,1264640,256,0.975607,6.0000,,
4941,1264896,256,0.981722,6.0000,,
4942,1265152,256,0.979866,6.0000,,
4943,1265408,256,0.983150,6.0000,,
4944,1265664,256,0.986203,6.0000,,
4945,1265920,256,0.982061,6.0000,,
4946,1266176,256,0.978120,6.0000,,
4947,1266432,256,0.985652,6.0000,,
4948,1266688,256,0.979911,6.0000,,
4949,1266944,256,0.984936,6.0000,,
4950,1267200,256,0.984263,6.0000,,
4951,1267456,256,0.980691,6.0000,,
4952,1267712,256,0.980327,6.0000,,
4953,1267968,256,0.979490,6.0000,,
4954,1268224,256,0.985584,6.0000,,
4955,1268480,256,0.980446,6.0000,,
4956,1268736,256,0.975801,6.0000,,
4957,1268992,256,0.978872,6.0000,,
4958,1269248,256,0.976715,6.0000,,
4959,1269504,256,0.980870,6.0000,,
4960,1269760,256,0.974075,6.0000,,
4961,1270016,256,0.984019,6.0000,,
4962,1270272,256,0.984988,6.0000,,
4963,1270528,256,0.979386,6.0000,,
4964,1270784,256,0.989629,6.0000,,
4965,1271040,256,0.984434,6.0000,,
4966,1271296,256,0.981800,6.0000,,
4967,1271552,256,0.982887,6.0000,,
4968,1271808,256,0.985589,6.0000,,
4969,1272064,256,0.983261,6.0000,,
4970,1272320,256,0.985347,6.0000,,
4971,1272576,256,0.976632,6.0000,,
4972,1272832,256,0.978135,6.0000,,
4973,1273088,256,0.983673,6.0000,,
4974,1273344,256,0.984657,6.0000,,
4975,1273600,256,0.980791,6.0000,,
4976,1273856,256,0.985901,6.0000,,
4977,1274112,256,0.979316,6.0000,,
4978,1274368,256,0.980685,6.0000,,
4979,1274624,256,0.984563,6.0000,,
4980,1274880,256,0.988218,6.0000,,
4981,1275136,256,0.983449,6.0000,,
4982,1275392,256,0.981546,6.0000,,
4983,1275648,256,0.976084,6.0000,,
4984,1275904,256,0.977749,6.0000,,
4985,1276160,256,0.979874,6.0000,,
4986,1276416,256,0.977452,6.0000,,
4987,1276672,256,0.979828,6.0000,,
4988,1276928,256,0.988107,6.0000,,
4989,1277184,256,0.976303,6.0000,,
4990,1277440,256,0.984890,6.0000,,
4991,1277696,256,0.984508,6.0000,,
4992,1277952,256,0.985152,6.0000,,
4993,1278208,256,0.978206,6.0000,,
4994,1278464,256,0.980962,6.0000,,
4995,1278720,256,0.983063,6.0000,,
4996,1278976,256,0.975365,6.0000,,
4997,1279232,256,0.978067,6.0000,,
4998,1279488,256,0.979403,6.0000,,
4999,1279744,256,0.975871,6.0000,,
5000,1280000,256,0.979970,6.0000,0.991792,6.0000
5001,1280256,256,0.982266,6.0000,,
5002,1280512,256,0.985354,6.0000,,
5003,1280768,256,0.988145,6.0000,,
5004,1281024,256,0.979490,6.0000,,
5005,1281280,256,0.984005,6.0000,,
5006,1281536,256,0.984312,6.0000,,
5007,1281792,256,0.982619,6.0000,,
5008,1282048,256,0.980378,6.0000,,
5009,1282304,256,0.980879,6.0000,,
5010,1282560,256,0.985451,6.0000,,
5011,1282816,256,0.978090,6.0000,,
5012,1283072,256,0.981227,6.0000,,
5013,1283328,256,0.985474,6.0000,,
5014,1283584,256,0.984793,6.0000,,
5015,1283840,256,0.981396,6.0000,,
5016,1284096,256,0.981745,6.0000,,
5017,1284352,256,0.983940,6.0000,,
5018,1284608,256,0.984378,6.0000,,
5019,1284864,256,0.979993,6.0000,,
5020,1285120,256,0.980770,6.0000,,
5021,1285376,256,0.984434,6.0000,,
5022,1285632,256,0.974213,6.0000,,
5023,1285888,256,0.985243,6.0000,,
5024,1286144,256,0.977871,6.0000,,
5025,1286400,256,0.982504,6.0000,,
5026,1286656,256,0.985724,6.0000,,
5027,1286912,256,0.985567,6.0000,,
5028,1287168,256,0.978381,6.0000,,
5029,1287424,256,0.977168,6.0000,,
5030,1287680,256,0.982426,6.0000,,
5031,1287936,256,0.986920,6.0000,,
5032,1288192,256,0.980863,6.0000,,
5033,1288448,256,0.989130,6.0000,,
5034,1288704,256,0.983810,6.0000,,
5035,1288960,256,0.987320,6.0000,,
5036,1289216,256,0.982315,6.0000,,
5037,1289472,256,0.981204,6.0000,,
5038,1289728,256,0.979556,6.0000,,
5039,1289984,256,0.988517,6.0000,,
5040,1290240,256,0.982638,6.0000,,
5041,1290496,256,0.984683,6.0000,,
5042,1290752,256,0.982927,6.0000,,
5043,1291008,256,0.982381,6.0000,,
5044,1291264,256,0.982958,6.0000,,
5045,1291520,256,0.983426,6.0000,,
5046,1291776,256,0.986094,6.0000,,
5047,1292032,256,0.978140,6.0000,,
5048,1292288,256,0.981197,6.0000,,
5049,1292544,256,0.983930,6.0000,,
5050,1292800,256,0.983217,6.0000,,
5051,1293056,256,0.984344,6.0000,,
5052,1293312,256,0.981635,6.0000,,
5053,1293568,256,0.984580,6.0000,,
5054,1293824,256,0.983348,6.0000,,
5055,1294080,256,0.987998,6.0000,,
5056,1294336,256,0.982703,6.0000,,
5057,1294592,256,0.986198,6.0000,,
5058,1294848,256,0.978792,6.0000,,
5059,1295104,256,0.986912,6.0000,,
5060,1295360,256,0.979828,6.0000,,
5061,1295616,256,0.981025,6.0000,,
5062,1295872,256,0.980471,6.0000,,
5063,1296128,256,0.984337,6.0000,,
5064,1296384,256,0.979077,6.0000,,
5065,1296640,256,0.980338,6.0000,,
5066,1296896,256,0.978713,6.0000,,
5067,1297152,256,0.981318,6.0000,,
5068,1297408,256,0.980948,6.0000,,
5069,1297664,256,0.977195,6.0000,,
5070,1297920,256,0.983557,6.0000,,
5071,1298176,256,0.984585,6.0000,,
5072,1298432,256,0.983786,6.0000,,
5073,1298688,256,0.983114,6.0000,,
5074,1298944,256,0.985203,6.0000,,
5075,1299200,256,0.986199,6.0000,,
5076,1299456,256,0.981307,6.0000,,
5077,1299712,256,0.977423,6.0000,,
5078,1299968,256,0.978818,6.0000,,
5079,1300224,256,0.981470,6.0000,,
5080,1300480,256,0.985440,6.0000,,
5081,1300736,256,0.981490,6.0000,,
5082,1300992,256,0.981797,6.0000,,
5083,1301248,256,0.988509,6.0000,,
5084,1301504,256,0.982068,6.0000,,
5085,1301760,256,0.985747,6.0000,,
5086,1302016,256,0.986525,6.0000,,
5087,1302272,256,0.975415,6.0000,,
5088,1302528,256,0.988814,6.0000,,
5089,1302784,256,0.983062,6.0000,,
5090,1303040,256,0.979439,6.0000,,
5091,1303296,256,0.986467,6.0000,,
5092,1303552,256,0.982924,6.0000,,
5093,1303808,256,0.982486,6.0000,,
5094,1304064,256,0.980874,6.0000,,
5095,1304320,256,0.984941,6.0000,,
5096,1304576,256,0.984548,6.0000,,
5097,1304832,256,0.977917,6.0000,,
5098,1305088,256,0.974544,6.0000,,
5099,1305344,256,0.978014,6.0000,,
5100,1305600,256,0.983112,6.0000,0.994224,6.0000
5101,1305856,256,0.981867,6.0000,,
5102,1306112,256,0.980716,6.0000,,
5103,1306368,256,0.980510,6.0000,,
5104,1306624,256,0.984285,6.0000,,
5105,1306880,256,0.978056,6.0000,,
5106,1307136,256,0.981956,6.0000,,
5107,1307392,256,0.976572,6.0000,,
5108,1307648,256,0.980455,6.0000,,
5109,1307904,256,0.973029,6.0000,,
5110,1308160,256,0.980251,6.0000,,
5111,1308416,256,0.974881,6.0000,,
5112,1308672,256,0.980302,6.0000,,
5113,1308928,256,0.976605,6.0000,,
5114,1309184,256,0.979514,6.0000,,
5115,1309440,256,0.982849,6.0000,,
5116,1309696,256,0.976446,6.0000,,
5117,1309952,256,0.978631,6.0000,,
5118,1310208,256,0.983126,6.0000,,
5119,1310464,256,0.980770,6.0000,,
5120,1310720,256,0.972629,6.0000,,
5121,1310976,256,0.983111,6.0000,,
5122,1311232,256,0.985764,6.0000,,
5123,1311488,256,0.984967,6.0000,,
5124,1311744,256,0.979762,6.0000,,
5125,1312000,256,0.986271,6.0000,,
5126,1312256,256,0.984130,6.0000,,
5127,1312512,256,0.984967,6.0000,,
5128,1312768,256,0.981204,6.0000,,
5129,1313024,256,0.981876,6.0000,,
5130,1313280,256,0.984167,6.0000,,
5131,1313536,256,0.981364,6.0000,,
5132,1313792,256,0.985261,6.0000,,
5133,1314048,256,0.979210,6.0000,,
5134,1314304,256,0.982449,6.0000,,
5135,1314560,256,0.984586,6.0000,,
5136,1314816,256,0.986546,6.0000,,
5137,1315072,256,0.985919,6.0000,,
5138,1315328,256,0.980066,6.0000,,
5139,1315584,256,0.982020,6.0000,,
5140,1315840,256,0.978464,6.0000,,
5141,1316096,256,0.981047,6.0000,,
5142,1316352,256,0.981947,6.0000,,
5143,1316608,256,0.987774,6.0000,,
5144,1316864,256,0.988823,6.0000,,
5145,1317120,256,0.981046,6.0000,,
5146,1317376,256,0.976817,6.0000,,
5147,1317632,256,0.977809,6.0000,,
5148,1317888,256,0.981288,6.0000,,
5149,1318144,256,0.971307,6.0000,,
5150,1318400,256,0.984549,6.0000,,
5151,1318656,256,0.983961,6.0000,,
5152,1318912,256,0.984038,6.0000,,
5153,1319168,256,0.981010,6.0000,,
5154,1319424,256,0.980976,6.0000,,
5155,1319680,256,0.982976,6.0000,,
5156,1319936,256,0.987559,6.0000,,
5157,1320192,256,0.976846,6.0000,,
5158,1320448,256,0.986468,6.0000,,
5159,1320704,256,0.983365,6.0000,,
5160,1320960,256,0.984629,6.0000,,
5161,1321216,256,0.981221,6.0000,,
5162,1321472,256,0.985291,6.0000,,
5163,1321728,256,0.987574,6.0000,,
5164,1321984,256,0.980499,6.0000,,
5165,1322240,256,0.983105,6.0000,,
5166,1322496,256,0.985938,6.0000,,
5167,1322752,256,0.989025,6.0000,,
5168,1323008,256,0.981899,6.0000,,
5169,1323264,256,0.979444,6.0000,,
5170,1323520,256,0.982426,6.0000,,
5171,1323776,256,0.975171,6.0000,,
5172,1324032,256,0.980407,6.0000,,
5173,1324288,256,0.978665,6.0000,,
5174,1324544,256,0.979121,6.0000,,
5175,1324800,256,0.976105,6.0000,,
5176,1325056,256,0.972285,6.0000,,
5177,1325312,256,0.978476,6.0000,,
5178,1325568,256,0.977962,6.0000,,
5179,1325824,256,0.985902,6.0000,,
5180,1326080,256,0.978148,6.0000,,
5181,1326336,256,0.980068,6.0000,,
5182,1326592,256,0.972767,6.0000,,
5183,1326848,256,0.984730,6.0000,,
5184,1327104,256,0.980510,6.0000,,
5185,1327360,256,0.982140,6.0000,,
5186,1327616,256,0.984439,6.0000,,
5187,1327872,256,0.983398,6.0000,,
5188,1328128,256,0.981028,6.0000,,
5189,1328384,256,0.984607,6.0000,,
5190,1328640,256,0.981910,6.0000,,
5191,1328896,256,0.987121,6.0000,,
5192,1329152,256,0.984281,6.0000,,
5193,1329408,256,0.977909,6.0000,,
5194,1329664,256,0.984937,6.0000,,
5195,1329920,256,0.977013,6.0000,,
5196,1330176,256,0.984656,6.0000,,
5197,1330432,256,0.983001,6.0000,,
5198,1330688,256,0.984540,6.0000,,
5199,1330944,256,0.975808,6.0000,,
5200,1331200,256,0.981451,6.0000,0.992557,6.0000
5201,1331456,256,0.985178,6.0000,,
5202,1331712,256,0.983949,6.0000,,
5203,1331968,256,0.986648,6.0000,,
5204,1332224,256,0.981347,6.0000,,
5205,1332480,256,0.975251,6.0000,,
5206,1332736,256,0.989040,6.0000,,
5207,1332992,256,0.981587,6.0000,,
5208,1333248,256,0.973496,6.0000,,
5209,1333504,256,0.986200,6.0000,,
5210,1333760,256,0.981813,6.0000,,
5211,1334016,256,0.982949,6.0000,,
5212,1334272,256,0.980541,6.0000,,
5213,1334528,256,0.971115,6.0000,,
5214,1334784,256,0.982967,6.0000,,
5215,1335040,256,0.978936,6.0000,,
5216,1335296,256,0.979011,6.0000,,
5217,1335552,256,0.982175,6.0000,,
5218,1335808,256,0.983477,6.0000,,
5219,1336064,256,0.972828,6.0000,,
5220,1336320,256,0.972240,6.0000,,
5221,1336576,256,0.988235,6.0000,,
5222,1336832,256,0.974716,6.0000,,
5223,1337088,256,0.979028,6.0000,,
5224,1337344,256,0.979979,6.0000,,
5225,1337600,256,0.981422,6.0000,,
5226,1337856,256,0.981822,6.0000,,
5227,1338112,256,0.986034,6.0000,,
5228,1338368,256,0.983585,6.0000,,
5229,1338624,256,0.983159,6.0000,,
5230,1338880,256,0.978607,6.0000,,
5231,1339136,256,0.982510,6.0000,,
5232,1339392,256,0.981607,6.0000,,
5233,1339648,256,0.972673,6.0000,,
5234,1339904,256,0.981900,6.0000,,
5235,1340160,256,0.987331,6.0000,,
5236,1340416,256,0.977065,6.0000,,
5237,1340672,256,0.986516,6.0000,,
5238,1340928,256,0.984522,6.0000,,
5239,1341184,256,0.987526,6.0000,,
5240,1341440,256,0.985356,6.0000,,
5241,1341696,256,0.983629,6.0000,,
5242,1341952,256,0.980064,6.0000,,
5243,1342208,256,0.987199,6.0000,,
5244,1342464,256,0.984043,6.0000,,
5245,1342720,256,0.979046,6.0000,,
5246,1342976,256,0.980101,6.0000,,
5247,1343232,256,0.984801,6.0000,,
5248,1343488,256,0.982665,6.0000,,
5249,1343744,256,0.988004,6.0000,,
5250,1344000,256,0.980424,6.0000,,
5251,1344256,256,0.979936,6.0000,,
5252,1344512,256,0.982667,6.0000,,
5253,1344768,256,0.984104,6.0000,,
5254,1345024,256,0.978755,6.0000,,
5255,1345280,256,0.982075,6.0000,,
5256,1345536,256,0.972148,6.0000,,
5257,1345792,256,0.976786,6.0000,,
5258,1346048,256,0.975591,6.0000,,
5259,1346304,256,0.977827,6.0000,,
5260,1346560,256,0.981895,6.0000,,
5261,1346816,256,0.979567,6.0000,,
5262,1347072,256,0.986269,6.0000,,
5263,1347328,256,0.980306,6.0000,,
5264,1347584,256,0.977383,6.0000,,
5265,1347840,256,0.983489,6.0000,,
5266,1348096,256,0.987925,6.0000,,
5267,1348352,256,0.983770,6.0000,,
5268,1348608,256,0.985273,6.0000,,
5269,1348864,256,0.983567,6.0000,,
5270,1349120,256,0.968909,6.0000,,
5271,1349376,256,0.981245,6.0000,,
5272,1349632,256,0.978417,6.0000,,
5273,1349888,256,0.986603,6.0000,,
5274,1350144,256,0.983928,6.0000,,
5275,1350400,256,0.977605,6.0000,,
5276,1350656,256,0.983341,6.0000,,
5277,1350912,256,0.976861,6.0000,,
5278,1351168,256,0.980318,6.0000,,
5279,1351424,256,0.978740,6.0000,,
5280,1351680,256,0.987459,6.0000,,
5281,1351936,256,0.984856,6.0000,,
5282,1352192,256,0.985839,6.0000,,
5283,1352448,256,0.982997,6.0000,,
5284,1352704,256,0.984585,6.0000,,
5285,1352960,256,0.984943,6.0000,,
5286,1353216,256,0.986542,6.0000,,
5287,1353472,256,0.983713,6.0000,,
5288,1353728,256,0.980637,6.0000,,
5289,1353984,256,0.988197,6.0000,,
5290,1354240,256,0.976666,6.0000,,
5291,1354496,256,0.984669,6.0000,,
5292,1354752,256,0.978570,6.0000,,
5293,1355008,256,0.975681,6.0000,,
5294,1355264,256,0.983169,6.0000,,
5295,1355520,256,0.981570,6.0000,,
5296,1355776,256,0.982284,6.0000,,
5297,1356032,256,0.983197,6.0000,,
5298,1356288,256,0.982981,6.0000,,
5299,1356544,256,0.980592,6.0000,,
5300,1356800,256,0.980446,6.0000,0.984944,6.0000
5301,1357056,256,0.974232,6.0000,,
5302,1357312,256,0.980477,6.0000,,
5303,1357568,256,0.985098,6.0000,,
5304,1357824,256,0.981857,6.0000,,
5305,1358080,256,0.982464,6.0000,,
5306,1358336,256,0.979192,6.0000,,
5307,1358592,256,0.989277,6.0000,,
5308,1358848,256,0.985272,6.0000,,
5309,1359104,256,0.982279,6.0000,,
5310,1359360,256,0.984718,6.0000,,
5311,1359616,256,0.987937,6.0000,,
5312,1359872,256,0.984440,6.0000,,
5313,1360128,256,0.978247,6.0000,,
5314,1360384,256,0.983372,6.0000,,
5315,1360640,256,0.986993,6.0000,,
5316,1360896,256,0.983591,6.0000,,
5317,1361152,256,0.985420,6.0000,,
5318,1361408,256,0.982481,6.0000,,
5319,1361664,256,0.979872,6.0000,,
5320,1361920,256,0.984441,6.0000,,
5321,1362176,256,0.971802,6.0000,,
5322,1362432,256,0.984314,6.0000,,
5323,1362688,256,0.974773,6.0000,,
5324,1362944,256,0.981575,6.0000,,
5325,1363200,256,0.986180,6.0000,,
5326,1363456,256,0.985286,6.0000,,
5327,1363712,256,0.976783,6.0000,,
5328,1363968,256,0.981033,6.0000,,
5329,1364224,256,0.986656,6.0000,,
5330,1364480,256,0.983568,6.0000,,
5331,1364736,256,0.976964,6.0000,,
5332,1364992,256,0.981698,6.0000,,
5333,1365248,256,0.982692,6.0000,,
5334,1365504,256,0.985954,6.0000,,
5335,1365760,256,0.982155,6.0000,,
5336,1366016,256,0.984509,6.0000,,
5337,1366272,256,0.985186,6.0000,,
5338,1366528,256,0.979613,6.0000,,
5339,1366784,256,0.978185,6.0000,,
5340,1367040,256,0.983373,6.0000,,
5341,1367296,256,0.982177,6.0000,,
5342,1367552,256,0.986798,6.0000,,
5343,1367808,256,0.981367,6.0000,,
5344,1368064,256,0.984069,6.0000,,
5345,1368320,256,0.986854,6.0000,,
5346,1368576,256,0.981278,6.0000,,
5347,1368832,256,0.983841,6.0000,,
5348,1369088,256,0.984019,6.0000,,
5349,1369344,256,0.978789,6.0000,,
5350,1369600,256,0.984428,6.0000,,
5351,1369856,256,0.986587,6.0000,,
5352,1370112,256,0.985143,6.0000,,
5353,1370368,256,0.983646,6.0000,,
5354,1370624,256,0.981405,6.0000,,
5355,1370880,256,0.976202,6.0000,,
5356,1371136,256,0.983900,6.0000,,
5357,1371392,256,0.982140,6.0000,,
5358,1371648,256,0.986062,6.0000,,
5359,1371904,256,0.983970,6.0000,,
5360,1372160,256,0.983917,6.0000,,
5361,1372416,256,0.981991,6.0000,,
5362,1372672,256,0.983349,6.0000,,
5363,1372928,256,0.982187,6.0000,,
5364,1373184,256,0.983211,6.0000,,
5365,1373440,256,0.973934,6.0000,,
5366,1373696,256,0.984576,6.0000,,
5367,1373952,256,0.983818,6.0000,,
5368,1374208,256,0.980347,6.0000,,
5369,1374464,256,0.976999,6.0000,,
5370,1374720,256,0.981439,6.0000,,
5371,1374976,256,0.984588,6.0000,,
5372,1375232,256,0.985022,6.0000,,
5373,1375488,256,0.980693,6.0000,,
5374,1375744,256,0.982763,6.0000,,
5375,1376000,256,0.981237,6.0000,,
5376,1376256,256,0.984574,6.0000,,
5377,1376512,256,0.986277,6.0000,,
5378,1376768,256,0.989103,6.0000,,
5379,1377024,256,0.981750,6.0000,,
5380,1377280,256,0.985419,6.0000,,
5381,1377536,256,0.986156,6.0000,,
5382,1377792,256,0.984610,6.0000,,
5383,1378048,256,0.987363,6.0000,,
5384,1378304,256,0.982101,6.0000,,
5385,1378560,256,0.984693,6.0000,,
5386,1378816,256,0.983395,6.0000,,
5387,1379072,256,0.980836,6.0000,,
5388,1379328,256,0.986931,6.0000,,
5389,1379584,256,0.986793,6.0000,,
5390,1379840,256,0.978775,6.0000,,
5391,1380096,256,0.982944,6.0000,,
5392,1380352,256,0.984745,6.0000,,
5393,1380608,256,0.987707,6.0000,,
5394,1380864,256,0.983396,6.0000,,
5395,1381120,256,0.984267,6.0000,,
5396,1381376,256,0.979654,6.0000,,
5397,1381632,256,0.985228,6.0000,,
5398,1381888,256,0.984533,6.0000,,
5399,1382144,256,0.985814,6.0000,,
5400,1382400,256,0.985886,6.0000,0.995195,6.0000
5401,1382656,256,0.985310,6.0000,,
5402,1382912,256,0.987492,6.0000,,
5403,1383168,256,0.985543,6.0000,,
5404,1383424,256,0.986884,6.0000,,
5405,1383680,256,0.980630,6.0000,,
5406,1383936,256,0.984596,6.0000,,
5407,1384192,256,0.983238,6.0000,,
5408,1384448,256,0.974550,6.0000,,
5409,1384704,256,0.984911,6.0000,,
5410,1384960,256,0.975666,6.0000,,
5411,1385216,256,0.984619,6.0000,,
5412,1385472,256,0.982685,6.0000,,
5413,1385728,256,0.984098,6.0000,,
5414,1385984,256,0.972030,6.0000,,
5415,1386240,256,0.986436,6.0000,,
5416,1386496,256,0.977069,6.0000,,
5417,1386752,256,0.981929,6.0000,,
5418,1387008,256,0.984273,6.0000,,
5419,1387264,256,0.983981,6.0000,,
5420,1387520,256,0.982917,6.0000,,
5421,1387776,256,0.980477,6.0000,,
5422,1388032,256,0.989255,6.0000,,
5423,1388288,256,0.977734,6.0000,,
5424,1388544,256,0.984363,6.0000,,
5425,1388800,256,0.979136,6.0000,,
5426,1389056,256,0.990036,6.0000,,
5427,1389312,256,0.987658,6.0000,,
5428,1389568,256,0.985118,6.0000,,
5429,1389824,256,0.980392,6.0000,,
5430,1390080,256,0.980670,6.0000,,
5431,1390336,256,0.983876,6.0000,,
5432,1390592,256,0.986952,6.0000,,
5433,1390848,256,0.986325,6.0000,,
5434,1391104,256,0.986784,6.0000,,
5435,1391360,256,0.986331,6.0000,,
5436,1391616,256,0.984755,6.0000,,
5437,1391872,256,0.980886,6.0000,,
5438,1392128,256,0.976117,6.0000,,
5439,1392384,256,0.986967,6.0000,,
5440,1392640,256,0.984815,6.0000,,
5441,1392896,256,0.982809,6.0000,,
5442,1393152,256,0.983537,6.0000,,
5443,1393408,256,0.982259,6.0000,,
5444,1393664,256,0.979595,6.0000,,
5445,1393920,256,0.982271,6.0000,,
5446,1394176,256,0.978051,6.0000,,
5447,1394432,256,0.976963,6.0000,,
5448,1394688,256,0.979325,6.0000,,
5449,1394944,256,0.986577,6.0000,,
5450,1395200,256,0.979258,6.0000,,
5451,1395456,256,0.979806,6.0000,,
5452,1395712,256,0.983569,6.0000,,
5453,1395968,256,0.986269,6.0000,,
5454,1396224,256,0.986563,6.0000,,
5455,1396480,256,0.979167,6.0000,,
5456,1396736,256,0.987422,6.0000,,
5457,1396992,256,0.986561,6.0000,,
5458,1397248,256,0.985611,6.0000,,
5459,1397504,256,0.988732,6.0000,,
5460,1397760,256,0.981196,6.0000,,
5461,1398016,256,0.980579,6.0000,,
5462,1398272,256,0.984218,6.0000,,
5463,1398528,256,0.987342,6.0000,,
5464,1398784,256,0.984060,6.0000,,
5465,1399040,256,0.986221,6.0000,,
5466,1399296,256,0.987043,6.0000,,
5467,1399552,256,0.976081,6.0000,,
5468,1399808,256,0.982381,6.0000,,
5469,1400064,256,0.977476,6.0000,,
5470,1400320,256,0.977207,6.0000,,
5471,1400576,256,0.982346,6.0000,,
5472,1400832,256,0.987761,6.0000,,
5473,1401088,256,0.983356,6.0000,,
5474,1401344,256,0.974546,6.0000,,
5475,1401600,256,0.985464,6.0000,,
5476,1401856,256,0.981894,6.0000,,
5477,1402112,256,0.986597,6.0000,,
5478,1402368,256,0.978215,6.0000,,
5479,1402624,256,0.982928,6.0000,,
5480,1402880,256,0.982341,6.0000,,
5481,1403136,256,0.982080,6.0000,,
5482,1403392,256,0.980035,6.0000,,
5483,1403648,256,0.980851,6.0000,,
5484,1403904,256,0.980407,6.0000,,
5485,1404160,256,0.981075,6.0000,,
5486,1404416,256,0.980415,6.0000,,
5487,1404672,256,0.985831,6.0000,,
5488,1404928,256,0.979028,6.0000,,
5489,1405184,256,0.982356,6.0000,,
5490,1405440,256,0.983355,6.0000,,
5491,1405696,256,0.976447,6.0000,,
5492,1405952,256,0.978328,6.0000,,
5493,1406208,256,0.978461,6.0000,,
5494,1406464,256,0.986971,6.0000,,
5495,1406720,256,0.980136,6.0000,,
5496,1406976,256,0.982293,6.0000,,
5497,1407232,256,0.982099,6.0000,,
5498,1407488,256,0.978665,6.0000,,
5499,1407744,256,0.981028,6.0000,,
5500,1408000,256,0.973773,6.0000,0.995128,6.0000
5501,1408256,256,0.985167,6.0000,,
5502,1408512,256,0.977561,6.0000,,
5503,1408768,256,0.984962,6.0000,,
5504,1409024,256,0.983365,6.0000,,
5505,1409280,256,0.974570,6.0000,,
5506,1409536,256,0.978167,6.0000,,
5507,1409792,256,0.972381,6.0000,,
5508,1410048,256,0.978603,6.0000,,
5509,1410304,256,0.974129,6.0000,,
5510,1410560,256,0.972197,6.0000,,
5511,1410816,256,0.982269,6.0000,,
5512,1411072,256,0.977158,6.0000,,
5513,1411328,256,0.972814,6.0000,,
5514,1411584,256,0.979279,6.0000,,
5515,1411840,256,0.979092,6.0000,,
5516,1412096,256,0.979984,6.0000,,
5517,1412352,256,0.976654,6.0000,,
5518,1412608,256,0.975507,6.0000,,
5519,1412864,256,0.986071,6.0000,,
5520,1413120,256,0.979224,6.0000,,
5521,1413376,256,0.982730,6.0000,,
5522,1413632,256,0.978032,6.0000,,
5523,1413888,256,0.985031,6.0000,,
5524,1414144,256,0.982589,6.0000,,
5525,1414400,256,0.982756,6.0000,,
5526,1414656,256,0.981059,6.0000,,
5527,1414912,256,0.974222,6.0000,,
5528,1415168,256,0.986759,6.0000,,
5529,1415424,256,0.981411,6.0000,,
5530,1415680,256,0.983651,6.0000,,
5531,1415936,256,0.979159,6.0000,,
5532,1416192,256,0.987225,6.0000,,
5533,1416448,256,0.983498,6.0000,,
5534,1416704,256,0.978107,6.0000,,
5535,1416960,256,0.981195,6.0000,,
5536,1417216,256,0.986790,6.0000,,
5537,1417472,256,0.983425,6.0000,,
5538,1417728,256,0.987176,6.0000,,
5539,1417984,256,0.984052,6.0000,,
5540,1418240,256,0.985520,6.0000,,
5541,1418496,256,0.979012,6.0000,,
5542,1418752,256,0.988237,6.0000,,
5543,1419008,256,0.984440,6.0000,,
5544,1419264,256,0.983333,6.0000,,
5545,1419520,256,0.982159,6.0000,,
5546,1419776,256,0.976720,6.0000,,
5547,1420032,256,0.982908,6.0000,,
5548,1420288,256,0.983102,6.0000,,
5549,1420544,256,0.986908,6.0000,,
5550,1420800,256,0.982954,6.0000,,
5551,1421056,256,0.981090,6.0000,,
5552,1421312,256,0.979293,6.0000,,
5553,1421568,256,0.984949,6.0000,,
5554,1421824,256,0.981355,6.0000,,
5555,1422080,256,0.985541,6.0000,,
5556,1422336,256,0.978469,6.0000,,
5557,1422592,256,0.979982,6.0000,,
5558,1422848,256,0.984944,6.0000,,
5559,1423104,256,0.976327,6.0000,,
5560,1423360,256,0.984174,6.0000,,
5561,1423616,256,0.987466,6.0000,,
5562,1423872,256,0.980417,6.0000,,
5563,1424128,256,0.980529,6.0000,,
5564,1424384,256,0.981238,6.0000,,
5565,1424640,256,0.981050,6.0000,,
5566,1424896,256,0.978199,6.0000,,
5567,1425152,256,0.983382,6.0000,,
5568,1425408,256,0.980627,6.0000,,
5569,1425664,256,0.978012,6.0000,,
5570,1425920,256,0.988562,6.0000,,
5571,1426176,256,0.980089,6.0000,,
5572,1426432,256,0.986484,6.0000,,
5573,1426688,256,0.983526,6.0000,,
5574,1426944,256,0.974467,6.0000,,
5575,1427200,256,0.981548,6.0000,,
5576,1427456,256,0.985818,6.0000,,
5577,1427712,256,0.983685,6.0000,,
5578,1427968,256,0.987655,6.0000,,
5579,1428224,256,0.980275,6.0000,,
5580,1428480,256,0.980173,6.0000,,
5581,1428736,256,0.976289,6.0000,,
5582,1428992,256,0.985294,6.0000,,
5583,1429248,256,0.988255,6.0000,,
5584,1429504,256,0.980048,6.0000,,
5585,1429760,256,0.983886,6.0000,,
5586,1430016,256,0.984334,6.0000,,
5587,1430272,256,0.988785,6.0000,,
5588,1430528,256,0.982599,6.0000,,
5589,1430784,256,0.982719,6.0000,,
5590,1431040,256,0.986223,6.0000,,
5591,1431296,256,0.982101,6.0000,,
5592,1431552,256,0.976972,6.0000,,
5593,1431808,256,0.976581,6.0000,,
5594,1432064,256,0.983824,6.0000,,
5595,1432320,256,0.978262,6.0000,,
5596,1432576,256,0.977239,6.0000,,
5597,1432832,256,0.989669,6.0000,,
5598,1433088,256,0.978254,6.0000,,
5599,1433344,256,0.986464,6.0000,,
5600,1433600,256,0.981614,6.0000,0.994378,6.0000
5601,1433856,256,0.986166,6.0000,,
5602,1434112,256,0.985042,6.0000,,
5603,1434368,256,0.981937,6.0000,,
5604,1434624,256,0.982714,6.0000,,
5605,1434880,256,0.977180,6.0000,,
5606,1435136,256,0.985741,6.0000,,
5607,1435392,256,0.985050,6.0000,,
5608,1435648,256,0.978516,6.0000,,
5609,1435904,256,0.981477,6.0000,,
5610,1436160,256,0.988540,6.0000,,
5611,1436416,256,0.982701,6.0000,,
5612,1436672,256,0.982579,6.0000,,
5613,1436928,256,0.978241,6.0000,,
5614,1437184,256,0.979588,6.0000,,
5615,1437440,256,0.980264,6.0000,,
5616,1437696,256,0.983894,6.0000,,
5617,1437952,256,0.981341,6.0000,,
5618,1438208,256,0.984487,6.0000,,
5619,1438464,256,0.985154,6.0000,,
5620,1438720,256,0.985544,6.0000,,
5621,1438976,256,0.979116,6.0000,,
5622,1439232,256,0.980983,6.0000,,
5623,1439488,256,0.989748,6.0000,,
5624,1439744,256,0.987144,6.0000,,
5625,1440000,256,0.984160,6.0000,,
5626,1440256,256,0.982071,6.0000,,
5627,1440512,256,0.983476,6.0000,,
5628,1440768,256,0.975866,6.0000,,
5629,1441024,256,0.981651,6.0000,,
5630,1441280,256,0.989345,6.0000,,
5631,1441536,256,0.978732,6.0000,,
5632,1441792,256,0.980857,6.0000,,
5633,1442048,256,0.981917,6.0000,,
5634,1442304,256,0.986518,6.0000,,
5635,1442560,256,0.982037,6.0000,,
5636,1442816,256,0.981175,6.0000,,
5637,1443072,256,0.981130,6.0000,,
5638,1443328,256,0.987891,6.0000,,
5639,1443584,256,0.983352,6.0000,,
5640,1443840,256,0.985424,6.0000,,
5641,1444096,256,0.980549,6.0000,,
5642,1444352,256,0.984715,6.0000,,
5643,1444608,256,0.985694,6.0000,,
5644,1444864,256,0.980114,6.0000,,
5645,1445120,256,0.975655,6.0000,,
5646,1445376,256,0.973942,6.0000,,
5647,1445632,256,0.987752,6.0000,,
5648,1445888,256,0.989263,6.0000,,
5649,1446144,256,0.983815,6.0000,,
5650,1446400,256,0.982734,6.0000,,
5651,1446656,256,0.984931,6.0000,,
5652,1446912,256,0.986159,6.0000,,
5653,1447168,256,0.983816,6.0000,,
5654,1447424,256,0.980293,6.0000,,
5655,1447680,256,0.980839,6.0000,,
5656,1447936,256,0.988772,6.0000,,
5657,1448192,256,0.983741,6.0000,,
5658,1448448,256,0.977901,6.0000,,
5659,1448704,256,0.984009,6.0000,,
5660,1448960,256,0.979782,6.0000,,
5661,1449216,256,0.981964,6.0000,,
5662,1449472,256,0.982572,6.0000,,
5663,1449728,256,0.980712,6.0000,,
5664,1449984,256,0.989684,6.0000,,
5665,1450240,256,0.986407,6.0000,,
5666,1450496,256,0.984422,6.0000,,
5667,1450752,256,0.988009,6.0000,,
5668,1451008,256,0.987502,6.0000,,
5669,1451264,256,0.981048,6.0000,,
5670,1451520,256,0.984957,6.0000,,
5671,1451776,256,0.981038,6.0000,,
5672,1452032,256,0.982179,6.0000,,
5673,1452288,256,0.985261,6.0000,,
5674,1452544,256,0.981889,6.0000,,
5675,1452800,256,0.985703,6.0000,,
5676,1453056,256,0.983885,6.0000,,
5677,1453312,256,0.982705,6.0000,,
5678,1453568,256,0.980524,6.0000,,
5679,1453824,256,0.985503,6.0000,,
5680,1454080,256,0.980504,6.0000,,
5681,1454336,256,0.980175,6.0000,,
5682,1454592,256,0.976406,6.0000,,
5683,1454848,256,0.982498,6.0000,,
5684,1455104,256,0.981179,6.0000,,
5685,1455360,256,0.979567,6.0000,,
5686,1455616,256,0.982556,6.0000,,
5687,1455872,256,0.976510,6.0000,,
5688,1456128,256,0.981571,6.0000,,
5689,1456384,256,0.985162,6.0000,,
5690,1456640,256,0.984844,6.0000,,
5691,1456896,256,0.986128,6.0000,,
5692,1457152,256,0.984417,6.0000,,
5693,1457408,256,0.981345,6.0000,,
5694,1457664,256,0.983321,6.0000,,
5695,1457920,256,0.986687,6.0000,,
5696,1458176,256,0.982739,6.0000,,
5697,1458432,256,0.982533,6.0000,,
5698,1458688,256,0.979711,6.0000,,
5699,1458944,256,0.983453,6.0000,,
5700,1459200,256,0.979076,6.0000,0.993265,6.0000
5701,1459456,256,0.976970,6.0000,,
5702,1459712,256,0.982243,6.0000,,
5703,1459968,256,0.981649,6.0000,,
5704,1460224,256,0.988243,6.0000,,
5705,1460480,256,0.978869,6.0000,,
5706,1460736,256,0.984566,6.0000,,
5707,1460992,256,0.982105,6.0000,,
5708,1461248,256,0.982687,6.0000,,
5709,1461504,256,0.983393,6.0000,,
5710,1461760,256,0.981259,6.0000,,
5711,1462016,256,0.983899,6.0000,,
5712,1462272,256,0.983765,6.0000,,
5713,1462528,256,0.979964,6.0000,,
5714,1462784,256,0.978716,6.0000,,
5715,1463040,256,0.978005,6.0000,,
5716,1463296,256,0.974722,6.0000,,
5717,1463552,256,0.980993,6.0000,,
5718,1463808,256,0.983494,6.0000,,
5719,1464064,256,0.971478,6.0000,,
5720,1464320,256,0.981995,6.0000,,
5721,1464576,256,0.983323,6.0000,,
5722,1464832,256,0.978761,6.0000,,
5723,1465088,256,0.983209,6.0000,,
5724,1465344,256,0.983110,6.0000,,
5725,1465600,256,0.982533,6.0000,,
5726,1465856,256,0.978384,6.0000,,
5727,1466112,256,0.984007,6.0000,,
5728,1466368,256,0.980115,6.0000,,
5729,1466624,256,0.979813,6.0000,,
5730,1466880,256,0.982872,6.0000,,
5731,1467136,256,0.986651,6.0000,,
5732,1467392,256,0.985580,6.0000,,
5733,1467648,256,0.981107,6.0000,,
5734,1467904,256,0.985287,6.0000,,
5735,1468160,256,0.985014,6.0000,,
5736,1468416,256,0.983724,6.0000,,
5737,1468672,256,0.977509,6.0000,,
5738,1468928,256,0.984410,6.0000,,
5739,1469184,256,0.979971,6.0000,,
5740,1469440,256,0.981207,6.0000,,
5741,1469696,256,0.981724,6.0000,,
5742,1469952,256,0.979794,6.0000,,
5743,1470208,256,0.985775,6.0000,,
5744,1470464,256,0.976863,6.0000,,
5745,1470720,256,0.980564,6.0000,,
5746,1470976,256,0.972361,6.0000,,
5747,1471232,256,0.984816,6.0000,,
5748,1471488,256,0.988178,6.0000,,
5749,1471744,256,0.980018,6.0000,,
5750,1472000,256,0.982670,6.0000,,
5751,1472256,256,0.985636,6.0000,,
5752,1472512,256,0.985973,6.0000,,
5753,1472768,256,0.977204,6.0000,,
5754,1473024,256,0.982303,6.0000,,
5755,1473280,256,0.979317,6.0000,,
5756,1473536,256,0.980764,6.0000,,
5757,1473792,256,0.981969,6.0000,,
5758,1474048,256,0.980063,6.0000,,
5759,1474304,256,0.985630,6.0000,,
5760,1474560,256,0.983171,6.0000,,
5761,1474816,256,0.974637,6.0000,,
5762,1475072,256,0.981391,6.0000,,
5763,1475328,256,0.983886,6.0000,,
5764,1475584,256,0.973771,6.0000,,
5765,1475840,256,0.975354,6.0000,,
5766,1476096,256,0.981930,6.0000,,
5767,1476352,256,0.981738,6.0000,,
5768,1476608,256,0.978949,6.0000,,
5769,1476864,256,0.982327,6.0000,,
5770,1477120,256,0.983408,6.0000,,
5771,1477376,256,0.980179,6.0000,,
5772,1477632,256,0.980498,6.0000,,
5773,1477888,256,0.980119,6.0000,,
5774,1478144,256,0.982216,6.0000,,
5775,1478400,256,0.983731,6.0000,,
5776,1478656,256,0.984804,6.0000,,
5777,1478912,256,0.983488,6.0000,,
5778,1479168,256,0.983563,6.0000,,
5779,1479424,256,0.984963,6.0000,,
5780,1479680,256,0.981837,6.0000,,
5781,1479936,256,0.985287,6.0000,,
5782,1480192,256,0.981546,6.0000,,
5783,1480448,256,0.982346,6.0000,,
5784,1480704,256,0.982615,6.0000,,
5785,1480960,256,0.980057,6.0000,,
5786,1481216,256,0.977717,6.0000,,
5787,1481472,256,0.987074,6.0000,,
5788,1481728,256,0.984960,6.0000,,
5789,1481984,256,0.980961,6.0000,,
5790,1482240,256,0.979086,6.0000,,
5791,1482496,256,0.982939,6.0000,,
5792,1482752,256,0.984572,6.0000,,
5793,1483008,256,0.982812,6.0000,,
5794,1483264,256,0.985549,6.0000,,
5795,1483520,256,0.989965,6.0000,,
5796,1483776,256,0.981585,6.0000,,
5797,1484032,256,0.980260,6.0000,,
5798,1484288,256,0.984702,6.0000,,
5799,1484544,256,0.983070,6.0000,,
5800,1484800,256,0.984837,6.0000,0.993383,6.0000
5801,1485056,256,0.971577,6.0000,,
5802,1485312,256,0.986427,6.0000,,
5803,1485568,256,0.985507,6.0000,,
5804,1485824,256,0.974879,6.0000,,
5805,1486080,256,0.982092,6.0000,,
5806,1486336,256,0.985693,6.0000,,
5807,1486592,256,0.981188,6.0000,,
5808,1486848,256,0.984293,6.0000,,
5809,1487104,256,0.982349,6.0000,,
5810,1487360,256,0.981317,6.0000,,
5811,1487616,256,0.979630,6.0000,,
5812,1487872,256,0.983204,6.0000,,
5813,1488128,256,0.976940,6.0000,,
5814,1488384,256,0.982488,6.0000,,
5815,1488640,256,0.981216,6.0000,,
5816,1488896,256,0.978689,6.0000,,
5817,1489152,256,0.984743,6.0000,,
5818,1489408,256,0.977798,6.0000,,
5819,1489664,256,0.990375,6.0000,,
5820,1489920,256,0.985420,6.0000,,
5821,1490176,256,0.982627,6.0000,,
5822,1490432,256,0.988567,6.0000,,
5823,1490688,256,0.983462,6.0000,,
5824,1490944,256,0.988323,6.0000,,
5825,1491200,256,0.986545,6.0000,,
5826,1491456,256,0.980798,6.0000,,
5827,1491712,256,0.987313,6.0000,,
5828,1491968,256,0.976283,6.0000,,
5829,1492224,256,0.987107,6.0000,,
5830,1492480,256,0.981127,6.0000,,
5831,1492736,256,0.986466,6.0000,,
5832,1492992,256,0.980676,6.0000,,
5833,1493248,256,0.981948,6.0000,,
5834,1493504,256,0.988592,6.0000,,
5835,1493760,256,0.980340,6.0000,,
5836,1494016,256,0.984434,6.0000,,
5837,1494272,256,0.986707,6.0000,,
5838,1494528,256,0.986436,6.0000,,
5839,1494784,256,0.984132,6.0000,,
5840,1495040,256,0.985728,6.0000,,
5841,1495296,256,0.978394,6.0000,,
5842,1495552,256,0.984266,6.0000,,
5843,1495808,256,0.981414,6.0000,,
5844,1496064,256,0.985436,6.0000,,
5845,1496320,256,0.989941,6.0000,,
5846,1496576,256,0.981918,6.0000,,
5847,1496832,256,0.982934,6.0000,,
5848,1497088,256,0.981822,6.0000,,
5849,1497344,256,0.981648,6.0000,,
5850,1497600,256,0.985707,6.0000,,
5851,1497856,256,0.980016,6.0000,,
5852,1498112,256,0.987324,6.0000,,
5853,1498368,256,0.984075,6.0000,,
5854,1498624,256,0.985501,6.0000,,
5855,1498880,256,0.984528,6.0000,,
5856,1499136,256,0.984790,6.0000,,
5857,1499392,256,0.982714,6.0000,,
5858,1499648,256,0.983774,6.0000,,
5859,1499904,256,0.987140,6.0000,,
5860,1500160,256,0.974969,6.0000,,
5861,1500416,256,0.979221,6.0000,,
5862,1500672,256,0.987923,6.0000,,
5863,1500928,256,0.984175,6.0000,,
5864,1501184,256,0.981564,6.0000,,
5865,1501440,256,0.973913,6.0000,,
5866,1501696,256,0.979006,6.0000,,
5867,1501952,256,0.978385,6.0000,,
5868,1502208,256,0.987091,6.0000,,
5869,1502464,256,0.982985,6.0000,,
5870,1502720,256,0.986484,6.0000,,
5871,1502976,256,0.976991,6.0000,,
5872,1503232,256,0.987620,6.0000,,
5873,1503488,256,0.979331,6.0000,,
5874,1503744,256,0.984505,6.0000,,
5875,1504000,256,0.983078,6.0000,,
5876,1504256,256,0.985900,6.0000,,
5877,1504512,256,0.983671,6.0000,,
5878,1504768,256,0.983583,6.0000,,
5879,1505024,256,0.984268,6.0000,,
5880,1505280,256,0.987290,6.0000,,
5881,1505536,256,0.980074,6.0000,,
5882,1505792,256,0.986281,6.0000,,
5883,1506048,256,0.985422,6.0000,,
5884,1506304,256,0.980475,6.0000,,
5885,1506560,256,0.980748,6.0000,,
5886,1506816,256,0.977833,6.0000,,
5887,1507072,256,0.987139,6.0000,,
5888,1507328,256,0.982452,6.0000,,
5889,1507584,256,0.986920,6.0000,,
5890,1507840,256,0.980511,6.0000,,
5891,1508096,256,0.987520,6.0000,,
5892,1508352,256,0.981617,6.0000,,
5893,1508608,256,0.983649,6.0000,,
5894,1508864,256,0.986652,6.0000,,
5895,1509120,256,0.986383,6.0000,,
5896,1509376,256,0.990673,6.0000,,
5897,1509632,256,0.984567,6.0000,,
5898,1509888,256,0.985619,6.0000,,
5899,1510144,256,0.980487,6.0000,,
5900,1510400,256,0.981235,6.0000,0.993007,6.0000
5901,1510656,256,0.988255,6.0000,,
5902,1510912,256,0.982820,6.0000,,
5903,1511168,256,0.982150,6.0000,,
5904,1511424,256,0.982512,6.0000,,
5905,1511680,256,0.986052,6.0000,,
5906,1511936,256,0.979889,6.0000,,
5907,1512192,256,0.987062,6.0000,,
5908,1512448,256,0.985048,6.0000,,
5909,1512704,256,0.986573,6.0000,,
5910,1512960,256,0.985246,6.0000,,
5911,1513216,256,0.984696,6.0000,,
5912,1513472,256,0.987675,6.0000,,
5913,1513728,256,0.976315,6.0000,,
5914,1513984,256,0.980671,6.0000,,
5915,1514240,256,0.977480,6.0000,,
5916,1514496,256,0.985194,6.0000,,
5917,1514752,256,0.979627,6.0000,,
5918,1515008,256,0.982533,6.0000,,
5919,1515264,256,0.984707,6.0000,,
5920,1515520,256,0.977030,6.0000,,
5921,1515776,256,0.984641,6.0000,,
5922,1516032,256,0.981306,6.0000,,
5923,1516288,256,0.986454,6.0000,,
5924,1516544,256,0.982598,6.0000,,
5925,1516800,256,0.980120,6.0000,,
5926,1517056,256,0.988091,6.0000,,
5927,1517312,256,0.984164,6.0000,,
5928,1517568,256,0.984838,6.0000,,
5929,1517824,256,0.981985,6.0000,,
5930,1518080,256,0.979080,6.0000,,
5931,1518336,256,0.983112,6.0000,,
5932,1518592,256,0.985909,6.0000,,
5933,1518848,256,0.983991,6.0000,,
5934,1519104,256,0.988962,6.0000,,
5935,1519360,256,0.984294,6.0000,,
5936,1519616,256,0.983886,6.0000,,
5937,1519872,256,0.987699,6.0000,,
5938,1520128,256,0.983104,6.0000,,
5939,1520384,256,0.982891,6.0000,,
5940,1520640,256,0.983187,6.0000,,
5941,1520896,256,0.986477,6.0000,,
5942,1521152,256,0.975988,6.0000,,
5943,1521408,256,0.981047,6.0000,,
5944,1521664,256,0.982880,6.0000,,
5945,1521920,256,0.981064,6.0000,,
5946,1522176,256,0.974855,6.0000,,
5947,1522432,256,0.981866,6.0000,,
5948,1522688,256,0.977607,6.0000,,
5949,1522944,256,0.981058,6.0000,,
5950,1523200,256,0.984477,6.0000,,
5951,1523456,256,0.986840,6.0000,,
5952,1523712,256,0.983663,6.0000,,
5953,1523968,256,0.984285,6.0000,,
5954,1524224,256,0.987182,6.0000,,
5955,1524480,256,0.982589,6.0000,,
5956,1524736,256,0.980223,6.0000,,
5957,1524992,256,0.982828,6.0000,,
5958,1525248,256,0.974693,6.0000,,
5959,1525504,256,0.980082,6.0000,,
5960,1525760,256,0.983968,6.0000,,
5961,1526016,256,0.984820,6.0000,,
5962,1526272,256,0.987769,6.0000,,
5963,1526528,256,0.984690,6.0000,,
5964,1526784,256,0.983483,6.0000,,
5965,1527040,256,0.984728,6.0000,,
5966,1527296,256,0.987249,6.0000,,
5967,1527552,256,0.987479,6.0000,,
5968,1527808,256,0.986718,6.0000,,
5969,1528064,256,0.987575,6.0000,,
5970,1528320,256,0.982034,6.0000,,
5971,1528576,256,0.985667,6.0000,,
5972,1528832,256,0.982316,6.0000,,
5973,1529088,256,0.981082,6.0000,,
5974,1529344,256,0.981854,6.0000,,
5975,1529600,256,0.985133,6.0000,,
5976,1529856,256,0.987838,6.0000,,
5977,1530112,256,0.989680,6.0000,,
5978,1530368,256,0.981020,6.0000,,
5979,1530624,256,0.983773,6.0000,,
5980,1530880,256,0.981143,6.0000,,
5981,1531136,256,0.989138,6.0000,,
5982,1531392,256,0.984869,6.0000,,
5983,1531648,256,0.982177,6.0000,,
5984,1531904,256,0.982957,6.0000,,
5985,1532160,256,0.977149,6.0000,,
5986,1532416,256,0.987192,6.0000,,
5987,1532672,256,0.980951,6.0000,,
5988,1532928,256,0.984403,6.0000,,
5989,1533184,256,0.984421,6.0000,,
5990,1533440,256,0.979329,6.0000,,
5991,1533696,256,0.973257,6.0000,,
5992,1533952,256,0.985092,6.0000,,
5993,1534208,256,0.983488,6.0000,,
5994,1534464,256,0.979403,6.0000,,
5995,1534720,256,0.982756,6.0000,,
5996,1534976,256,0.979541,6.0000,,
5997,1535232,256,0.977558,6.0000,,
5998,1535488,256,0.987150,6.0000,,
5999,1535744,256,0.985797,6.0000,,
6000,1536000,256,0.984524,6.0000,0.989079,6.0000
6001,1536256,256,0.984231,6.0000,,
6002,1536512,256,0.986521,6.0000,,
6003,1536768,256,0.976265,6.0000,,
6004,1537024,256,0.984771,6.0000,,
6005,1537280,256,0.980177,6.0000,,
6006,1537536,256,0.987015,6.0000,,
6007,1537792,256,0.984522,6.0000,,
6008,1538048,256,0.983518,6.0000,,
6009,1538304,256,0.978969,6.0000,,
6010,1538560,256,0.983939,6.0000,,
6011,1538816,256,0.982796,6.0000,,
6012,1539072,256,0.978207,6.0000,,
6013,1539328,256,0.985681,6.0000,,
6014,1539584,256,0.985608,6.0000,,
6015,1539840,256,0.985492,6.0000,,
6016,1540096,256,0.985554,6.0000,,
6017,1540352,256,0.979985,6.0000,,
6018,1540608,256,0.980824,6.0000,,
6019,1540864,256,0.985668,6.0000,,
6020,1541120,256,0.983381,6.0000,,
6021,1541376,256,0.979991,6.0000,,
6022,1541632,256,0.977253,6.0000,,
6023,1541888,256,0.983971,6.0000,,
6024,1542144,256,0.980153,6.0000,,
6025,1542400,256,0.981556,6.0000,,
6026,1542656,256,0.986626,6.0000,,
6027,1542912,256,0.988290,6.0000,,
6028,1543168,256,0.981387,6.0000,,
6029,1543424,256,0.987637,6.0000,,
6030,1543680,256,0.984157,6.0000,,
6031,1543936,256,0.984853,6.0000,,
6032,1544192,256,0.984860,6.0000,,
6033,1544448,256,0.980446,6.0000,,
6034,1544704,256,0.984053,6.0000,,
6035,1544960,256,0.987625,6.0000,,
6036,1545216,256,0.974781,6.0000,,
6037,1545472,256,0.981287,6.0000,,
6038,1545728,256,0.986966,6.0000,,
6039,1545984,256,0.981798,6.0000,,
6040,1546240,256,0.985078,6.0000,,
6041,1546496,256,0.980872,6.0000,,
6042,1546752,256,0.982094,6.0000,,
6043,1547008,256,0.981400,6.0000,,
6044,1547264,256,0.982297,6.0000,,
6045,1547520,256,0.984325,6.0000,,
6046,1547776,256,0.986159,6.0000,,
6047,1548032,256,0.975599,6.0000,,
6048,1548288,256,0.989459,6.0000,,
6049,1548544,256,0.985364,6.0000,,
6050,1548800,256,0.982344,6.0000,,
6051,1549056,256,0.984157,6.0000,,
6052,1549312,256,0.986637,6.0000,,
6053,1549568,256,0.984962,6.0000,,
6054,1549824,256,0.982683,6.0000,,
6055,1550080,256,0.987660,6.0000,,
6056,1550336,256,0.988923,6.0000,,
6057,1550592,256,0.988131,6.0000,,
6058,1550848,256,0.979469,6.0000,,
6059,1551104,256,0.980710,6.0000,,
6060,1551360,256,0.983543,6.0000,,
6061,1551616,256,0.989936,6.0000,,
6062,1551872,256,0.979811,6.0000,,
6063,1552128,256,0.985106,6.0000,,
6064,1552384,256,0.986982,6.0000,,
6065,1552640,256,0.980198,6.0000,,
6066,1552896,256,0.987299,6.0000,,
6067,1553152,256,0.988445,6.0000,,
6068,1553408,256,0.983856,6.0000,,
6069,1553664,256,0.986126,6.0000,,
6070,1553920,256,0.985428,6.0000,,
6071,1554176,256,0.979236,6.0000,,
6072,1554432,256,0.985812,6.0000,,
6073,1554688,256,0.982111,6.0000,,
6074,1554944,256,0.980368,6.0000,,
6075,1555200,256,0.986675,6.0000,,
6076,1555456,256,0.985106,6.0000,,
6077,1555712,256,0.983488,6.0000,,
6078,1555968,256,0.983439,6.0000,,
6079,1556224,256,0.981575,6.0000,,
6080,1556480,256,0.987796,6.0000,,
6081,1556736,256,0.982946,6.0000,,
6082,1556992,256,0.985574,6.0000,,
6083,1557248,256,0.985840,6.0000,,
6084,1557504,256,0.985199,6.0000,,
6085,1557760,256,0.987470,6.0000,,
6086,1558016,256,0.989072,6.0000,,
6087,1558272,256,0.989030,6.0000,,
6088,1558528,256,0.987213,6.0000,,
6089,1558784,256,0.982691,6.0000,,
6090,1559040,256,0.989634,6.0000,,
6091,1559296,256,0.979751,6.0000,,
6092,1559552,256,0.976765,6.0000,,
6093,1559808,256,0.986437,6.0000,,
6094,1560064,256,0.987312,6.0000,,
6095,1560320,256,0.977637,6.0000,,
6096,1560576,256,0.981564,6.0000,,
6097,1560832,256,0.986876,6.0000,,
6098,1561088,256,0.987372,6.0000,,
6099,1561344,256,0.979851,6.0000,,
6100,1561600,256,0.982150,6.0000,0.994103,6.0000
6101,1561856,256,0.982077,6.0000,,
6102,1562112,256,0.983128,6.0000,,
6103,1562368,256,0.987701,6.0000,,
6104,1562624,256,0.983978,6.0000,,
6105,1562880,256,0.973164,6.0000,,
6106,1563136,256,0.986985,6.0000,,
6107,1563392,256,0.972978,6.0000,,
6108,1563648,256,0.982949,6.0000,,
6109,1563904,256,0.984601,6.0000,,
6110,1564160,256,0.982098,6.0000,,
6111,1564416,256,0.984558,6.0000,,
6112,1564672,256,0.978937,6.0000,,
6113,1564928,256,0.983232,6.0000,,
6114,1565184,256,0.985834,6.0000,,
6115,1565440,256,0.982186,6.0000,,
6116,1565696,256,0.972034,6.0000,,
6117,1565952,256,0.989437,6.0000,,
6118,1566208,256,0.980729,6.0000,,
6119,1566464,256,0.981484,6.0000,,
6120,1566720,256,0.980457,6.0000,,
6121,1566976,256,0.981133,6.0000,,
6122,1567232,256,0.978428,6.0000,,
6123,1567488,256,0.988260,6.0000,,
6124,1567744,256,0.980644,6.0000,,
6125,1568000,256,0.980071,6.0000,,
6126,1568256,256,0.982219,6.0000,,
6127,1568512,256,0.981284,6.0000,,
6128,1568768,256,0.980440,6.0000,,
6129,1569024,256,0.983155,6.0000,,
6130,1569280,256,0.981226,6.0000,,
6131,1569536,256,0.983133,6.0000,,
6132,1569792,256,0.984674,6.0000,,
6133,1570048,256,0.985979,6.0000,,
6134,1570304,256,0.986671,6.0000,,
6135,1570560,256,0.981161,6.0000,,
6136,1570816,256,0.982913,6.0000,,
6137,1571072,256,0.990159,6.0000,,
6138,1571328,256,0.985164,6.0000,,
6139,1571584,256,0.986405,6.0000,,
6140,1571840,256,0.980589,6.0000,,
6141,1572096,256,0.980598,6.0000,,
6142,1572352,256,0.982550,6.0000,,
6143,1572608,256,0.989747,6.0000,,
6144,1572864,256,0.982509,6.0000,,
6145,1573120,256,0.979697,6.0000,,
6146,1573376,256,0.979766,6.0000,,
6147,1573632,256,0.984899,6.0000,,
6148,1573888,256,0.983045,6.0000,,
6149,1574144,256,0.986544,6.0000,,
6150,1574400,256,0.982321,6.0000,,
6151,1574656,256,0.977108,6.0000,,
6152,1574912,256,0.983992,6.0000,,
6153,1575168,256,0.989342,6.0000,,
6154,1575424,256,0.982377,6.0000,,
6155,1575680,256,0.986394,6.0000,,
6156,1575936,256,0.981175,6.0000,,
6157,1576192,256,0.984609,6.0000,,
6158,1576448,256,0.983112,6.0000,,
6159,1576704,256,0.978132,6.0000,,
6160,1576960,256,0.984286,6.0000,,
6161,1577216,256,0.984169,6.0000,,
6162,1577472,256,0.984918,6.0000,,
6163,1577728,256,0.987954,6.0000,,
6164,1577984,256,0.985518,6.0000,,
6165,1578240,256,0.985368,6.0000,,
6166,1578496,256,0.980479,6.0000,,
6167,1578752,256,0.983122,6.0000,,
6168,1579008,256,0.986679,6.0000,,
6169,1579264,256,0.982866,6.0000,,
6170,1579520,256,0.983623,6.0000,,
6171,1579776,256,0.984749,6.0000,,
6172,1580032,256,0.987883,6.0000,,
6173,1580288,256,0.979547,6.0000,,
6174,1580544,256,0.983089,6.0000,,
6175,1580800,256,0.979917,6.0000,,
6176,1581056,256,0.982827,6.0000,,
6177,1581312,256,0.983523,6.0000,,
6178,1581568,256,0.984408,6.0000,,
6179,1581824,256,0.984559,6.0000,,
6180,1582080,256,0.982328,6.0000,,
6181,1582336,256,0.980304,6.0000,,
6182,1582592,256,0.982683,6.0000,,
6183,1582848,256,0.988548,6.0000,,
6184,1583104,256,0.975448,6.0000,,
6185,1583360,256,0.984447,6.0000,,
6186,1583616,256,0.983748,6.0000,,
6187,1583872,256,0.982414,6.0000,,
6188,1584128,256,0.982185,6.0000,,
6189,1584384,256,0.975962,6.0000,,
6190,1584640,256,0.983376,6.0000,,
6191,1584896,256,0.985658,6.0000,,
6192,1585152,256,0.985013,6.0000,,
6193,1585408,256,0.984163,6.0000,,
6194,1585664,256,0.982390,6.0000,,
6195,1585920,256,0.983628,6.0000,,
6196,1586176,256,0.982900,6.0000,,
6197,1586432,256,0.987776,6.0000,,
6198,1586688,256,0.989077,6.0000,,
6199,1586944,256,0.983491,6.0000,,
6200,1587200,256,0.978450,6.0000,0.996187,6.0000
6201,1587456,256,0.983883,6.0000,,
6202,1587712,256,0.978187,6.0000,,
6203,1587968,256,0.981187,6.0000,,
6204,1588224,256,0.974472,6.0000,,
6205,1588480,256,0.987168,6.0000,,
6206,1588736,256,0.983564,6.0000,,
6207,1588992,256,0.974816,6.0000,,
6208,1589248,256,0.977341,6.0000,,
6209,1589504,256,0.986504,6.0000,,
6210,1589760,256,0.980684,6.0000,,
6211,1590016,256,0.983184,6.0000,,
6212,1590272,256,0.985946,6.0000,,
6213,1590528,256,0.981921,6.0000,,
6214,1590784,256,0.987101,6.0000,,
6215,1591040,256,0.984330,6.0000,,
6216,1591296,256,0.980338,6.0000,,
6217,1591552,256,0.984663,6.0000,,
6218,1591808,256,0.983623,6.0000,,
6219,1592064,256,0.980054,6.0000,,
6220,1592320,256,0.988162,6.0000,,
6221,1592576,256,0.979582,6.0000,,
6222,1592832,256,0.984270,6.0000,,
6223,1593088,256,0.983399,6.0000,,
6224,1593344,256,0.980052,6.0000,,
6225,1593600,256,0.980625,6.0000,,
6226,1593856,256,0.985233,6.0000,,
6227,1594112,256,0.983932,6.0000,,
6228,1594368,256,0.985685,6.0000,,
6229,1594624,256,0.985357,6.0000,,
6230,1594880,256,0.986587,6.0000,,
6231,1595136,256,0.983865,6.0000,,
6232,1595392,256,0.987224,6.0000,,
6233,1595648,256,0.983986,6.0000,,
6234,1595904,256,0.989113,6.0000,,
6235,1596160,256,0.984144,6.0000,,
6236,1596416,256,0.984185,6.0000,,
6237,1596672,256,0.983024,6.0000,,
6238,1596928,256,0.978887,6.0000,,
6239,1597184,256,0.979131,6.0000,,
6240,1597440,256,0.978157,6.0000,,
6241,1597696,256,0.987578,6.0000,,
6242,1597952,256,0.977017,6.0000,,
6243,1598208,256,0.983999,6.0000,,
6244,1598464,256,0.985646,6.0000,,
6245,1598720,256,0.990857,6.0000,,
6246,1598976,256,0.989627,6.0000,,
6247,1599232,256,0.983896,6.0000,,
6248,1599488,256,0.981523,6.0000,,
6249,1599744,256,0.984929,6.0000,,
6250,1600000,256,0.982548,6.0000,,
6251,1600256,256,0.986204,6.0000,,
6252,1600512,256,0.989182,6.0000,,
6253,1600768,256,0.986501,6.0000,,
6254,1601024,256,0.982919,6.0000,,
6255,1601280,256,0.984342,6.0000,,
6256,1601536,256,0.983600,6.0000,,
6257,1601792,256,0.976201,6.0000,,
6258,1602048,256,0.983059,6.0000,,
6259,1602304,256,0.981128,6.0000,,
6260,1602560,256,0.976302,6.0000,,
6261,1602816,256,0.981498,6.0000,,
6262,1603072,256,0.981908,6.0000,,
6263,1603328,256,0.980084,6.0000,,
6264,1603584,256,0.983632,6.0000,,
6265,1603840,256,0.987618,6.0000,,
6266,1604096,256,0.985961,6.0000,,
6267,1604352,256,0.978113,6.0000,,
6268,1604608,256,0.983572,6.0000,,
6269,1604864,256,0.988652,6.0000,,
6270,1605120,256,0.981542,6.0000,,
6271,1605376,256,0.980141,6.0000,,
6272,1605632,256,0.987510,6.0000,,
6273,1605888,256,0.983681,6.0000,,
6274,1606144,256,0.980421,6.0000,,
6275,1606400,256,0.983272,6.0000,,
6276,1606656,256,0.981983,6.0000,,
6277,1606912,256,0.983626,6.0000,,
6278,1607168,256,0.981720,6.0000,,
6279,1607424,256,0.982551,6.0000,,
6280,1607680,256,0.982566,6.0000,,
6281,1607936,256,0.981844,6.0000,,
6282,1608192,256,0.980832,6.0000,,
6283,1608448,256,0.984955,6.0000,,
6284,1608704,256,0.981621,6.0000,,
6285,1608960,256,0.981822,6.0000,,
6286,1609216,256,0.986508,6.0000,,
6287,1609472,256,0.978748,6.0000,,
6288,1609728,256,0.987432,6.0000,,
6289,1609984,256,0.983405,6.0000,,
6290,1610240,256,0.979156,6.0000,,
6291,1610496,256,0.982463,6.0000,,
6292,1610752,256,0.986825,6.0000,,
6293,1611008,256,0.976733,6.0000,,
6294,1611264,256,0.982334,6.0000,,
6295,1611520,256,0.987731,6.0000,,
6296,1611776,256,0.984778,6.0000,,
6297,1612032,256,0.984692,6.0000,,
6298,1612288,256,0.983418,6.0000,,
6299,1612544,256,0.977815,6.0000,,
6300,1612800,256,0.984989,6.0000,0.992676,6.0000
6301,1613056,256,0.975886,6.0000,,
6302,1613312,256,0.987289,6.0000,,
6303,1613568,256,0.985411,6.0000,,
6304,1613824,256,0.980623,6.0000,,
6305,1614080,256,0.989210,6.0000,,
6306,1614336,256,0.985109,6.0000,,
6307,1614592,256,0.982939,6.0000,,
6308,1614848,256,0.987853,6.0000,,
6309,1615104,256,0.980506,6.0000,,
6310,1615360,256,0.975049,6.0000,,
6311,1615616,256,0.985534,6.0000,,
6312,1615872,256,0.985078,6.0000,,
6313,1616128,256,0.981164,6.0000,,
6314,1616384,256,0.983191,6.0000,,
6315,1616640,256,0.984702,6.0000,,
6316,1616896,256,0.986341,6.0000,,
6317,1617152,256,0.987579,6.0000,,
6318,1617408,256,0.986277,6.0000,,
6319,1617664,256,0.983484,6.0000,,
6320,1617920,256,0.974392,6.0000,,
6321,1618176,256,0.980097,6.0000,,
6322,1618432,256,0.978205,6.0000,,
6323,1618688,256,0.979467,6.0000,,
6324,1618944,256,0.984121,6.0000,,
6325,1619200,256,0.980937,6.0000,,
6326,1619456,256,0.980981,6.0000,,
6327,1619712,256,0.986997,6.0000,,
6328,1619968,256,0.981046,6.0000,,
6329,1620224,256,0.973194,6.0000,,
6330,1620480,256,0.979831,6.0000,,
6331,1620736,256,0.984231,6.0000,,
6332,1620992,256,0.981487,6.0000,,
6333,1621248,256,0.984793,6.0000,,
6334,1621504,256,0.987803,6.0000,,
6335,1621760,256,0.980056,6.0000,,
6336,1622016,256,0.983220,6.0000,,
6337,1622272,256,0.979183,6.0000,,
6338,1622528,256,0.984917,6.0000,,
6339,1622784,256,0.975015,6.0000,,
6340,1623040,256,0.986007,6.0000,,
6341,1623296,256,0.987503,6.0000,,
6342,1623552,256,0.979056,6.0000,,
6343,1623808,256,0.978800,6.0000,,
6344,1624064,256,0.984021,6.0000,,
6345,1624320,256,0.984212,6.0000,,
6346,1624576,256,0.983935,6.0000,,
6347,1624832,256,0.983676,6.0000,,
6348,1625088,256,0.984842,6.0000,,
6349,1625344,256,0.985686,6.0000,,
6350,1625600,256,0.981404,6.0000,,
6351,1625856,256,0.982090,6.0000,,
6352,1626112,256,0.982591,6.0000,,
6353,1626368,256,0.982124,6.0000,,
6354,1626624,256,0.987776,6.0000,,
6355,1626880,256,0.976501,6.0000,,
6356,1627136,256,0.987108,6.0000,,
6357,1627392,256,0.987997,6.0000,,
6358,1627648,256,0.985480,6.0000,,
6359,1627904,256,0.976760,6.0000,,
6360,1628160,256,0.981163,6.0000,,
6361,1628416,256,0.984159,6.0000,,
6362,1628672,256,0.980133,6.0000,,
6363,1628928,256,0.981855,6.0000,,
6364,1629184,256,0.973264,6.0000,,
6365,1629440,256,0.983323,6.0000,,
6366,1629696,256,0.982995,6.0000,,
6367,1629952,256,0.978217,6.0000,,
6368,1630208,256,0.979160,6.0000,,
6369,1630464,256,0.988151,6.0000,,
6370,1630720,256,0.982098,6.0000,,
6371,1630976,256,0.984255,6.0000,,
6372,1631232,256,0.985556,6.0000,,
6373,1631488,256,0.987647,6.0000,,
6374,1631744,256,0.986205,6.0000,,
6375,1632000,256,0.983706,6.0000,,
6376,1632256,256,0.981008,6.0000,,
6377,1632512,256,0.981760,6.0000,,
6378,1632768,256,0.977749,6.0000,,
6379,1633024,256,0.984580,6.0000,,
6380,1633280,256,0.984759,6.0000,,
6381,1633536,256,0.980692,6.0000,,
6382,1633792,256,0.983990,6.0000,,
6383,1634048,256,0.981664,6.0000,,
6384,1634304,256,0.984531,6.0000,,
6385,1634560,256,0.972020,6.0000,,
6386,1634816,256,0.984507,6.0000,,
6387,1635072,256,0.986741,6.0000,,
6388,1635328,256,0.984290,6.0000,,
6389,1635584,256,0.977622,6.0000,,
6390,1635840,256,0.983787,6.0000,,
6391,1636096,256,0.983747,6.0000,,
6392,1636352,256,0.989789,6.0000,,
6393,1636608,256,0.982617,6.0000,,
6394,1636864,256,0.977622,6.0000,,
6395,1637120,256,0.986251,6.0000,,
6396,1637376,256,0.986710,6.0000,,
6397,1637632,256,0.982538,6.0000,,
6398,1637888,256,0.988505,6.0000,,
6399,1638144,256,0.986435,6.0000,,
6400,1638400,256,0.984734,6.0000,0.994855,6.0000
6401,1638656,256,0.986667,6.0000,,
6402,1638912,256,0.989069,6.0000,,
6403,1639168,256,0.984152,6.0000,,
6404,1639424,256,0.989300,6.0000,,
6405,1639680,256,0.981005,6.0000,,
6406,1639936,256,0.981806,6.0000,,
6407,1640192,256,0.983718,6.0000,,
6408,1640448,256,0.982210,6.0000,,
6409,1640704,256,0.988154,6.0000,,
6410,1640960,256,0.973165,6.0000,,
6411,1641216,256,0.977642,6.0000,,
6412,1641472,256,0.979781,6.0000,,
6413,1641728,256,0.984374,6.0000,,
6414,1641984,256,0.982327,6.0000,,
6415,1642240,256,0.984145,6.0000,,
6416,1642496,256,0.980982,6.0000,,
6417,1642752,256,0.986007,6.0000,,
6418,1643008,256,0.985468,6.0000,,
6419,1643264,256,0.984888,6.0000,,
6420,1643520,256,0.988312,6.0000,,
6421,1643776,256,0.988310,6.0000,,
6422,1644032,256,0.987404,6.0000,,
6423,1644288,256,0.988373,6.0000,,
6424,1644544,256,0.987306,6.0000,,
6425,1644800,256,0.977807,6.0000,,
6426,1645056,256,0.985054,6.0000,,
6427,1645312,256,0.981914,6.0000,,
6428,1645568,256,0.981556,6.0000,,
6429,1645824,256,0.984190,6.0000,,
6430,1646080,256,0.985530,6.0000,,
6431,1646336,256,0.985350,6.0000,,
6432,1646592,256,0.986621,6.0000,,
6433,1646848,256,0.985101,6.0000,,
6434,1647104,256,0.981581,6.0000,,
6435,1647360,256,0.988505,6.0000,,
6436,1647616,256,0.987204,6.0000,,
6437,1647872,256,0.980716,6.0000,,
6438,1648128,256,0.979956,6.0000,,
6439,1648384,256,0.984791,6.0000,,
6440,1648640,256,0.977451,6.0000,,
6441,1648896,256,0.982579,6.0000,,
6442,1649152,256,0.980245,6.0000,,
6443,1649408,256,0.978890,6.0000,,
6444,1649664,256,0.978584,6.0000,,
6445,1649920,256,0.974815,6.0000,,
6446,1650176,256,0.990330,6.0000,,
6447,1650432,256,0.984819,6.0000,,
6448,1650688,256,0.983340,6.0000,,
6449,1650944,256,0.985025,6.0000,,
6450,1651200,256,0.982893,6.0000,,
6451,1651456,256,0.976608,6.0000,,
6452,1651712,256,0.974284,6.0000,,
6453,1651968,256,0.984691,6.0000,,
6454,1652224,256,0.985947,6.0000,,
6455,1652480,256,0.979330,6.0000,,
6456,1652736,256,0.985541,6.0000,,
6457,1652992,256,0.985423,6.0000,,
6458,1653248,256,0.985213,6.0000,,
6459,1653504,256,0.985504,6.0000,,
6460,1653760,256,0.985494,6.0000,,
6461,1654016,256,0.982464,6.0000,,
6462,1654272,256,0.987621,6.0000,,
6463,1654528,256,0.981037,6.0000,,
6464,1654784,256,0.984495,6.0000,,
6465,1655040,256,0.985797,6.0000,,
6466,1655296,256,0.990129,6.0000,,
6467,1655552,256,0.979077,6.0000,,
6468,1655808,256,0.984643,6.0000,,
6469,1656064,256,0.986754,6.0000,,
6470,1656320,256,0.983445,6.0000,,
6471,1656576,256,0.986493,6.0000,,
6472,1656832,256,0.984400,6.0000,,
6473,1657088,256,0.978538,6.0000,,
6474,1657344,256,0.988522,6.0000,,
6475,1657600,256,0.985394,6.0000,,
6476,1657856,256,0.981311,6.0000,,
6477,1658112,256,0.979426,6.0000,,
6478,1658368,256,0.973124,6.0000,,
6479,1658624,256,0.980307,6.0000,,
6480,1658880,256,0.990767,6.0000,,
6481,1659136,256,0.980043,6.0000,,
6482,1659392,256,0.984632,6.0000,,
6483,1659648,256,0.979575,6.0000,,
6484,1659904,256,0.980056,6.0000,,
6485,1660160,256,0.980897,6.0000,,
6486,1660416,256,0.975686,6.0000,,
6487,1660672,256,0.982726,6.0000,,
6488,1660928,256,0.985035,6.0000,,
6489,1661184,256,0.982461,6.0000,,
6490,1661440,256,0.989605,6.0000,,
6491,1661696,256,0.984904,6.0000,,
6492,1661952,256,0.980992,6.0000,,
6493,1662208,256,0.984689,6.0000,,
6494,1662464,256,0.986631,6.0000,,
6495,1662720,256,0.986795,6.0000,,
6496,1662976,256,0.977889,6.0000,,
6497,1663232,256,0.980621,6.0000,,
6498,1663488,256,0.984405,6.0000,,
6499,1663744,256,0.988146,6.0000,,
6500,1664000,256,0.981720,6.0000,0.991562,6.0000
6501,1664256,256,0.987115,6.0000,,
6502,1664512,256,0.984519,6.0000,,
6503,1664768,256,0.979471,6.0000,,
6504,1665024,256,0.990187,6.0000,,
6505,1665280,256,0.987380,6.0000,,
6506,1665536,256,0.985151,6.0000,,
6507,1665792,256,0.981727,6.0000,,
6508,1666048,256,0.983325,6.0000,,
6509,1666304,256,0.980610,6.0000,,
6510,1666560,256,0.986732,6.0000,,
6511,1666816,256,0.980593,6.0000,,
6512,1667072,256,0.983035,6.0000,,
6513,1667328,256,0.987432,6.0000,,
6514,1667584,256,0.982030,6.0000,,
6515,1667840,256,0.986279,6.0000,,
6516,1668096,256,0.983179,6.0000,,
6517,1668352,256,0.985703,6.0000,,
6518,1668608,256,0.978648,6.0000,,
6519,1668864,256,0.981806,6.0000,,
6520,1669120,256,0.984081,6.0000,,
6521,1669376,256,0.982763,6.0000,,
6522,1669632,256,0.982108,6.0000,,
6523,1669888,256,0.979156,6.0000,,
6524,1670144,256,0.978554,6.0000,,
6525,1670400,256,0.984469,6.0000,,
6526,1670656,256,0.978824,6.0000,,
6527,1670912,256,0.980659,6.0000,,
6528,1671168,256,0.984125,6.0000,,
6529,1671424,256,0.976370,6.0000,,
6530,1671680,256,0.986759,6.0000,,
6531,1671936,256,0.982747,6.0000,,
6532,1672192,256,0.977635,6.0000,,
6533,1672448,256,0.981235,6.0000,,
6534,1672704,256,0.985423,6.0000,,
6535,1672960,256,0.975921,6.0000,,
6536,1673216,256,0.983715,6.0000,,
6537,1673472,256,0.985042,6.0000,,
6538,1673728,256,0.982244,6.0000,,
6539,1673984,256,0.976847,6.0000,,
6540,1674240,256,0.982227,6.0000,,
6541,1674496,256,0.983168,6.0000,,
6542,1674752,256,0.985029,6.0000,,
6543,1675008,256,0.981239,6.0000,,
6544,1675264,256,0.985435,6.0000,,
6545,1675520,256,0.979280,6.0000,,
6546,1675776,256,0.984356,6.0000,,
6547,1676032,256,0.985594,6.0000,,
6548,1676288,256,0.982602,6.0000,,
6549,1676544,256,0.981995,6.0000,,
6550,1676800,256,0.985775,6.0000,,
6551,1677056,256,0.981948,6.0000,,
6552,1677312,256,0.983017,6.0000,,
6553,1677568,256,0.988275,6.0000,,
6554,1677824,256,0.978643,6.0000,,
6555,1678080,256,0.977068,6.0000,,
6556,1678336,256,0.988273,6.0000,,
6557,1678592,256,0.988220,6.0000,,
6558,1678848,256,0.981644,6.0000,,
6559,1679104,256,0.981325,6.0000,,
6560,1679360,256,0.989336,6.0000,,
6561,1679616,256,0.983950,6.0000,,
6562,1679872,256,0.984504,6.0000,,
6563,1680128,256,0.988691,6.0000,,
6564,1680384,256,0.977157,6.0000,,
6565,1680640,256,0.981852,6.0000,,
6566,1680896,256,0.986114,6.0000,,
6567,1681152,256,0.988194,6.0000,,
6568,1681408,256,0.981706,6.0000,,
6569,1681664,256,0.984455,6.0000,,
6570,1681920,256,0.986855,6.0000,,
6571,1682176,256,0.987094,6.0000,,
6572,1682432,256,0.984635,6.0000,,
6573,1682688,256,0.977632,6.0000,,
6574,1682944,256,0.981200,6.0000,,
6575,1683200,256,0.987962,6.0000,,
6576,1683456,256,0.982247,6.0000,,
6577,1683712,256,0.985147,6.0000,,
6578,1683968,256,0.985252,6.0000,,
6579,1684224,256,0.984159,6.0000,,
6580,1684480,256,0.986305,6.0000,,
6581,1684736,256,0.986810,6.0000,,
6582,1684992,256,0.985121,6.0000,,
6583,1685248,256,0.982047,6.0000,,
6584,1685504,256,0.982446,6.0000,,
6585,1685760,256,0.982029,6.0000,,
6586,1686016,256,0.988168,6.0000,,
6587,1686272,256,0.986089,6.0000,,
6588,1686528,256,0.989098,6.0000,,
6589,1686784,256,0.984741,6.0000,,
6590,1687040,256,0.979242,6.0000,,
6591,1687296,256,0.985549,6.0000,,
6592,1687552,256,0.978428,6.0000,,
6593,1687808,256,0.981044,6.0000,,
6594,1688064,256,0.985796,6.0000,,
6595,1688320,256,0.987515,6.0000,,
6596,1688576,256,0.978793,6.0000,,
6597,1688832,256,0.982491,6.0000,,
6598,1689088,256,0.989242,6.0000,,
6599,1689344,256,0.984011,6.0000,,
6600,1689600,256,0.979131,6.0000,0.992700,6.0000
6601,1689856,256,0.977606,6.0000,,
6602,1690112,256,0.983610,6.0000,,
6603,1690368,256,0.986628,6.0000,,
6604,1690624,256,0.983721,6.0000,,
6605,1690880,256,0.985792,6.0000,,
6606,1691136,256,0.979106,6.0000,,
6607,1691392,256,0.987450,6.0000,,
6608,1691648,256,0.984157,6.0000,,
6609,1691904,256,0.985899,6.0000,,
6610,1692160,256,0.979019,6.0000,,
6611,1692416,256,0.981214,6.0000,,
6612,1692672,256,0.983126,6.0000,,
6613,1692928,256,0.983073,6.0000,,
6614,1693184,256,0.987608,6.0000,,
6615,1693440,256,0.981807,6.0000,,
6616,1693696,256,0.974794,6.0000,,
6617,1693952,256,0.983620,6.0000,,
6618,1694208,256,0.987900,6.0000,,
6619,1694464,256,0.989854,6.0000,,
6620,1694720,256,0.988266,6.0000,,
6621,1694976,256,0.979666,6.0000,,
6622,1695232,256,0.986215,6.0000,,
6623,1695488,256,0.979880,6.0000,,
6624,1695744,256,0.985545,6.0000,,
6625,1696000,256,0.987591,6.0000,,
6626,1696256,256,0.980502,6.0000,,
6627,1696512,256,0.981042,6.0000,,
6628,1696768,256,0.988047,6.0000,,
6629,1697024,256,0.981911,6.0000,,
6630,1697280,256,0.987811,6.0000,,
6631,1697536,256,0.987299,6.0000,,
6632,1697792,256,0.983631,6.0000,,
6633,1698048,256,0.984956,6.0000,,
6634,1698304,256,0.987572,6.0000,,
6635,1698560,256,0.986584,6.0000,,
6636,1698816,256,0.987087,6.0000,,
6637,1699072,256,0.981463,6.0000,,
6638,1699328,256,0.985720,6.0000,,
6639,1699584,256,0.980323,6.0000,,
6640,1699840,256,0.968990,6.0000,,
6641,1700096,256,0.988611,6.0000,,
6642,1700352,256,0.986561,6.0000,,
6643,1700608,256,0.981421,6.0000,,
6644,1700864,256,0.984695,6.0000,,
6645,1701120,256,0.983087,6.0000,,
6646,1701376,256,0.983032,6.0000,,
6647,1701632,256,0.988394,6.0000,,
6648,1701888,256,0.980827,6.0000,,
6649,1702144,256,0.987328,6.0000,,
6650,1702400,256,0.982767,6.0000,,
6651,1702656,256,0.987532,6.0000,,
6652,1702912,256,0.987486,6.0000,,
6653,1703168,256,0.986692,6.0000,,
6654,1703424,256,0.988998,6.0000,,
6655,1703680,256,0.987725,6.0000,,
6656,1703936,256,0.974961,6.0000,,
6657,1704192,256,0.982689,6.0000,,
6658,1704448,256,0.980435,6.0000,,
6659,1704704,256,0.980988,6.0000,,
6660,1704960,256,0.986593,6.0000,,
6661,1705216,256,0.981065,6.0000,,
6662,1705472,256,0.978395,6.0000,,
6663,1705728,256,0.986434,6.0000,,
6664,1705984,256,0.983478,6.0000,,
6665,1706240,256,0.983537,6.0000,,
6666,1706496,256,0.987214,6.0000,,
6667,1706752,256,0.986845,6.0000,,
6668,1707008,256,0.981946,6.0000,,
6669,1707264,256,0.983103,6.0000,,
6670,1707520,256,0.985325,6.0000,,
6671,1707776,256,0.969799,6.0000,,
6672,1708032,256,0.972903,6.0000,,
6673,1708288,256,0.981770,6.0000,,
6674,1708544,256,0.974899,6.0000,,
6675,1708800,256,0.984064,6.0000,,
6676,1709056,256,0.986739,6.0000,,
6677,1709312,256,0.985014,6.0000,,
6678,1709568,256,0.982324,6.0000,,
6679,1709824,256,0.977883,6.0000,,
6680,1710080,256,0.984386,6.0000,,
6681,1710336,256,0.985924,6.0000,,
6682,1710592,256,0.984408,6.0000,,
6683,1710848,256,0.976056,6.0000,,
6684,1711104,256,0.985225,6.0000,,
6685,1711360,256,0.987484,6.0000,,
6686,1711616,256,0.980628,6.0000,,
6687,1711872,256,0.979337,6.0000,,
6688,1712128,256,0.976838,6.0000,,
6689,1712384,256,0.985887,6.0000,,
6690,1712640,256,0.981422,6.0000,,
6691,1712896,256,0.979119,6.0000,,
6692,1713152,256,0.983723,6.0000,,
6693,1713408,256,0.984183,6.0000,,
6694,1713664,256,0.983343,6.0000,,
6695,1713920,256,0.987167,6.0000,,
6696,1714176,256,0.982398,6.0000,,
6697,1714432,256,0.983382,6.0000,,
6698,1714688,256,0.988808,6.0000,,
6699,1714944,256,0.980901,6.0000,,
6700,1715200,256,0.982297,6.0000,0.992747,6.0000
6701,1715456,256,0.980601,6.0000,,
6702,1715712,256,0.972795,6.0000,,
6703,1715968,256,0.976639,6.0000,,
6704,1716224,256,0.982253,6.0000,,
6705,1716480,256,0.985953,6.0000,,
6706,1716736,256,0.976592,6.0000,,
6707,1716992,256,0.981294,6.0000,,
6708,1717248,256,0.975712,6.0000,,
6709,1717504,256,0.985552,6.0000,,
6710,1717760,256,0.981769,6.0000,,
6711,1718016,256,0.978776,6.0000,,
6712,1718272,256,0.984133,6.0000,,
6713,1718528,256,0.985071,6.0000,,
6714,1718784,256,0.980580,6.0000,,
6715,1719040,256,0.978909,6.0000,,
6716,1719296,256,0.984900,6.0000,,
6717,1719552,256,0.985987,6.0000,,
6718,1719808,256,0.979926,6.0000,,
6719,1720064,256,0.981042,6.0000,,
6720,1720320,256,0.982170,6.0000,,
6721,1720576,256,0.983710,6.0000,,
6722,1720832,256,0.977912,6.0000,,
6723,1721088,256,0.987513,6.0000,,
6724,1721344,256,0.983448,6.0000,,
6725,1721600,256,0.986273,6.0000,,
6726,1721856,256,0.985506,6.0000,,
6727,1722112,256,0.983363,6.0000,,
6728,1722368,256,0.982522,6.0000,,
6729,1722624,256,0.987108,6.0000,,
6730,1722880,256,0.982295,6.0000,,
6731,1723136,256,0.982833,6.0000,,
6732,1723392,256,0.985958,6.0000,,
6733,1723648,256,0.987390,6.0000,,
6734,1723904,256,0.985958,6.0000,,
6735,1724160,256,0.984101,6.0000,,
6736,1724416,256,0.990267,6.0000,,
6737,1724672,256,0.983100,6.0000,,
6738,1724928,256,0.981813,6.0000,,
6739,1725184,256,0.976178,6.0000,,
6740,1725440,256,0.978974,6.0000,,
6741,1725696,256,0.984171,6.0000,,
6742,1725952,256,0.985272,6.0000,,
6743,1726208,256,0.989315,6.0000,,
6744,1726464,256,0.982815,6.0000,,
6745,1726720,256,0.984601,6.0000,,
6746,1726976,256,0.980062,6.0000,,
6747,1727232,256,0.982740,6.0000,,
6748,1727488,256,0.987119,6.0000,,
6749,1727744,256,0.986121,6.0000,,
6750,1728000,256,0.978952,6.0000,,
6751,1728256,256,0.984117,6.0000,,
6752,1728512,256,0.980384,6.0000,,
6753,1728768,256,0.986738,6.0000,,
6754,1729024,256,0.981423,6.0000,,
6755,1729280,256,0.979817,6.0000,,
6756,1729536,256,0.982551,6.0000,,
6757,1729792,256,0.983374,6.0000,,
6758,1730048,256,0.977095,6.0000,,
6759,1730304,256,0.986094,6.0000,,
6760,1730560,256,0.983516,6.0000,,
6761,1730816,256,0.984132,6.0000,,
6762,1731072,256,0.979569,6.0000,,
6763,1731328,256,0.984312,6.0000,,
6764,1731584,256,0.981425,6.0000,,
6765,1731840,256,0.986633,6.0000,,
6766,1732096,256,0.985113,6.0000,,
6767,1732352,256,0.982923,6.0000,,
6768,1732608,256,0.984623,6.0000,,
6769,1732864,256,0.979518,6.0000,,
6770,1733120,256,0.985334,6.0000,,
6771,1733376,256,0.986337,6.0000,,
6772,1733632,256,0.985897,6.0000,,
6773,1733888,256,0.983258,6.0000,,
6774,1734144,256,0.985426,6.0000,,
6775,1734400,256,0.981421,6.0000,,
6776,1734656,256,0.981618,6.0000,,
6777,1734912,256,0.980993,6.0000,,
6778,1735168,256,0.984574,6.0000,,
6779,1735424,256,0.986449,6.0000,,
6780,1735680,256,0.984357,6.0000,,
6781,1735936,256,0.982296,6.0000,,
6782,1736192,256,0.981339,6.0000,,
6783,1736448,256,0.987024,6.0000,,
6784,1736704,256,0.983817,6.0000,,
6785,1736960,256,0.985205,6.0000,,
6786,1737216,256,0.989293,6.0000,,
6787,1737472,256,0.982518,6.0000,,
6788,1737728,256,0.977517,6.0000,,
6789,1737984,256,0.982886,6.0000,,
6790,1738240,256,0.987122,6.0000,,
6791,1738496,256,0.980142,6.0000,,
6792,1738752,256,0.985660,6.0000,,
6793,1739008,256,0.985352,6.0000,,
6794,1739264,256,0.985226,6.0000,,
6795,1739520,256,0.985416,6.0000,,
6796,1739776,256,0.986237,6.0000,,
6797,1740032,256,0.979637,6.0000,,
6798,1740288,256,0.982158,6.0000,,
6799,1740544,256,0.987106,6.0000,,
6800,1740800,256,0.989324,6.0000,0.993335,6.0000
6801,1741056,256,0.986147,6.0000,,
6802,1741312,256,0.977744,6.0000,,
6803,1741568,256,0.983437,6.0000,,
6804,1741824,256,0.984210,6.0000,,
6805,1742080,256,0.976841,6.0000,,
6806,1742336,256,0.983480,6.0000,,
6807,1742592,256,0.986487,6.0000,,
6808,1742848,256,0.983482,6.0000,,
6809,1743104,256,0.975396,6.0000,,
6810,1743360,256,0.983643,6.0000,,
6811,1743616,256,0.980465,6.0000,,
6812,1743872,256,0.986826,6.0000,,
6813,1744128,256,0.984242,6.0000,,
6814,1744384,256,0.983913,6.0000,,
6815,1744640,256,0.986453,6.0000,,
6816,1744896,256,0.985888,6.0000,,
6817,1745152,256,0.988285,6.0000,,
6818,1745408,256,0.987048,6.0000,,
6819,1745664,256,0.982939,6.0000,,
6820,1745920,256,0.986346,6.0000,,
6821,1746176,256,0.983075,6.0000,,
6822,1746432,256,0.986784,6.0000,,
6823,1746688,256,0.986769,6.0000,,
6824,1746944,256,0.982380,6.0000,,
6825,1747200,256,0.987850,6.0000,,
6826,1747456,256,0.986447,6.0000,,
6827,1747712,256,0.988051,6.0000,,
6828,1747968,256,0.985381,6.0000,,
6829,1748224,256,0.989064,6.0000,,
6830,1748480,256,0.984489,6.0000,,
6831,1748736,256,0.988558,6.0000,,
6832,1748992,256,0.990702,6.0000,,
6833,1749248,256,0.987235,6.0000,,
6834,1749504,256,0.984762,6.0000,,
6835,1749760,256,0.978474,6.0000,,
6836,1750016,256,0.981248,6.0000,,
6837,1750272,256,0.978996,6.0000,,
6838,1750528,256,0.989631,6.0000,,
6839,1750784,256,0.981451,6.0000,,
6840,1751040,256,0.980102,6.0000,,
6841,1751296,256,0.981029,6.0000,,
6842,1751552,256,0.988147,6.0000,,
6843,1751808,256,0.989097,6.0000,,
6844,1752064,256,0.981624,6.0000,,
6845,1752320,256,0.983139,6.0000,,
6846,1752576,256,0.986827,6.0000,,
6847,1752832,256,0.985521,6.0000,,
6848,1753088,256,0.984580,6.0000,,
6849,1753344,256,0.986661,6.0000,,
6850,1753600,256,0.982977,6.0000,,
6851,1753856,256,0.982559,6.0000,,
6852,1754112,256,0.985947,6.0000,,
6853,1754368,256,0.987097,6.0000,,
6854,1754624,256,0.982660,6.0000,,
6855,1754880,256,0.984342,6.0000,,
6856,1755136,256,0.987073,6.0000,,
6857,1755392,256,0.979674,6.0000,,
6858,1755648,256,0.984390,6.0000,,
6859,1755904,256,0.978011,6.0000,,
6860,1756160,256,0.986333,6.0000,,
6861,1756416,256,0.984073,6.0000,,
6862,1756672,256,0.982619,6.0000,,
6863,1756928,256,0.980888,6.0000,,
6864,1757184,256,0.984409,6.0000,,
6865,1757440,256,0.987454,6.0000,,
6866,1757696,256,0.986090,6.0000,,
6867,1757952,256,0.980919,6.0000,,
6868,1758208,256,0.985117,6.0000,,
6869,1758464,256,0.985032,6.0000,,
6870,1758720,256,0.985102,6.0000,,
6871,1758976,256,0.978065,6.0000,,
6872,1759232,256,0.981104,6.0000,,
6873,1759488,256,0.985724,6.0000,,
6874,1759744,256,0.984525,6.0000,,
6875,1760000,256,0.986229,6.0000,,
6876,1760256,256,0.988140,6.0000,,
6877,1760512,256,0.983092,6.0000,,
6878,1760768,256,0.984224,6.0000,,
6879,1761024,256,0.985894,6.0000,,
6880,1761280,256,0.983977,6.0000,,
6881,1761536,256,0.982782,6.0000,,
6882,1761792,256,0.981832,6.0000,,
6883,1762048,256,0.984591,6.0000,,
6884,1762304,256,0.985150,6.0000,,
6885,1762560,256,0.985181,6.0000,,
6886,1762816,256,0.987589,6.0000,,
6887,1763072,256,0.986941,6.0000,,
6888,1763328,256,0.975507,6.0000,,
6889,1763584,256,0.986913,6.0000,,
6890,1763840,256,0.988006,6.0000,,
6891,1764096,256,0.980449,6.0000,,
6892,1764352,256,0.983786,6.0000,,
6893,1764608,256,0.992186,6.0000,,
6894,1764864,256,0.984739,6.0000,,
6895,1765120,256,0.984234,6.0000,,
6896,1765376,256,0.983847,6.0000,,
6897,1765632,256,0.990650,6.0000,,
6898,1765888,256,0.985873,6.0000,,
6899,1766144,256,0.988797,6.0000,,
6900,1766400,256,0.973516,6.0000,0.994665,6.0000
6901,1766656,256,0.982693,6.0000,,
6902,1766912,256,0.986031,6.0000,,
6903,1767168,256,0.984548,6.0000,,
6904,1767424,256,0.984085,6.0000,,
6905,1767680,256,0.979725,6.0000,,
6906,1767936,256,0.985540,6.0000,,
6907,1768192,256,0.975539,6.0000,,
6908,1768448,256,0.985522,6.0000,,
6909,1768704,256,0.985146,6.0000,,
6910,1768960,256,0.987307,6.0000,,
6911,1769216,256,0.981585,6.0000,,
6912,1769472,256,0.986596,6.0000,,
6913,1769728,256,0.983727,6.0000,,
6914,1769984,256,0.982386,6.0000,,
6915,1770240,256,0.984689,6.0000,,
6916,1770496,256,0.984085,6.0000,,
6917,1770752,256,0.977695,6.0000,,
6918,1771008,256,0.982429,6.0000,,
6919,1771264,256,0.987412,6.0000,,
6920,1771520,256,0.985034,6.0000,,
6921,1771776,256,0.980243,6.0000,,
6922,1772032,256,0.982053,6.0000,,
6923,1772288,256,0.981872,6.0000,,
6924,1772544,256,0.982723,6.0000,,
6925,1772800,256,0.987873,6.0000,,
6926,1773056,256,0.984785,6.0000,,
6927,1773312,256,0.980631,6.0000,,
6928,1773568,256,0.983460,6.0000,,
6929,1773824,256,0.989974,6.0000,,
6930,1774080,256,0.984784,6.0000,,
6931,1774336,256,0.983131,6.0000,,
6932,1774592,256,0.982691,6.0000,,
6933,1774848,256,0.988479,6.0000,,
6934,1775104,256,0.982408,6.0000,,
6935,1775360,256,0.984553,6.0000,,
6936,1775616,256,0.981563,6.0000,,
6937,1775872,256,0.985387,6.0000,,
6938,1776128,256,0.979813,6.0000,,
6939,1776384,256,0.980177,6.0000,,
6940,1776640,256,0.986670,6.0000,,
6941,1776896,256,0.982846,6.0000,,
6942,1777152,256,0.984309,6.0000,,
6943,1777408,256,0.983478,6.0000,,
6944,1777664,256,0.985815,6.0000,,
6945,1777920,256,0.983633,6.0000,,
6946,1778176,256,0.987827,6.0000,,
6947,1778432,256,0.983719,6.0000,,
6948,1778688,256,0.984523,6.0000,,
6949,1778944,256,0.988764,6.0000,,
6950,1779200,256,0.986544,6.0000,,
6951,1779456,256,0.987220,6.0000,,
6952,1779712,256,0.981253,6.0000,,
6953,1779968,256,0.984417,6.0000,,
6954,1780224,256,0.989311,6.0000,,
6955,1780480,256,0.981789,6.0000,,
6956,1780736,256,0.984219,6.0000,,
6957,1780992,256,0.984770,6.0000,,
6958,1781248,256,0.982667,6.0000,,
6959,1781504,256,0.985157,6.0000,,
6960,1781760,256,0.985768,6.0000,,
6961,1782016,256,0.984240,6.0000,,
6962,1782272,256,0.983523,6.0000,,
6963,1782528,256,0.981873,6.0000,,
6964,1782784,256,0.986109,6.0000,,
6965,1783040,256,0.987416,6.0000,,
6966,1783296,256,0.979671,6.0000,,
6967,1783552,256,0.977222,6.0000,,
6968,1783808,256,0.978895,6.0000,,
6969,1784064,256,0.989852,6.0000,,
6970,1784320,256,0.987921,6.0000,,
6971,1784576,256,0.983313,6.0000,,
6972,1784832,256,0.983389,6.0000,,
6973,1785088,256,0.979539,6.0000,,
6974,1785344,256,0.987117,6.0000,,
6975,1785600,256,0.980833,6.0000,,
6976,1785856,256,0.983137,6.0000,,
6977,1786112,256,0.986707,6.0000,,
6978,1786368,256,0.974026,6.0000,,
6979,1786624,256,0.980344,6.0000,,
6980,1786880,256,0.985664,6.0000,,
6981,1787136,256,0.985166,6.0000,,
6982,1787392,256,0.981795,6.0000,,
6983,1787648,256,0.980318,6.0000,,
6984,1787904,256,0.984592,6.0000,,
6985,1788160,256,0.979772,6.0000,,
6986,1788416,256,0.979311,6.0000,,
6987,1788672,256,0.982185,6.0000,,
6988,1788928,256,0.981038,6.0000,,
6989,1789184,256,0.978235,6.0000,,
6990,1789440,256,0.986949,6.0000,,
6991,1789696,256,0.986672,6.0000,,
6992,1789952,256,0.978655,6.0000,,
6993,1790208,256,0.981411,6.0000,,
6994,1790464,256,0.984585,6.0000,,
6995,1790720,256,0.980705,6.0000,,
6996,1790976,256,0.983897,6.0000,,
6997,1791232,256,0.981236,6.0000,,
6998,1791488,256,0.982718,6.0000,,
6999,1791744,256,0.985884,6.0000,,
7000,1792000,256,0.979847,6.0000,0.992072,6.0000
7001,1792256,256,0.983982,6.0000,,
7002,1792512,256,0.985244,6.0000,,
7003,1792768,256,0.982403,6.0000,,
7004,1793024,256,0.972847,6.0000,,
7005,1793280,256,0.981091,6.0000,,
7006,1793536,256,0.981250,6.0000,,
7007,1793792,256,0.986057,6.0000,,
7008,1794048,256,0.984524,6.0000,,
7009,1794304,256,0.975326,6.0000,,
7010,1794560,256,0.982486,6.0000,,
7011,1794816,256,0.979405,6.0000,,
7012,1795072,256,0.984560,6.0000,,
7013,1795328,256,0.990832,6.0000,,
7014,1795584,256,0.982188,6.0000,,
7015,1795840,256,0.983294,6.0000,,
7016,1796096,256,0.984848,6.0000,,
7017,1796352,256,0.982939,6.0000,,
7018,1796608,256,0.983959,6.0000,,
7019,1796864,256,0.981648,6.0000,,
7020,1797120,256,0.986400,6.0000,,
7021,1797376,256,0.979563,6.0000,,
7022,1797632,256,0.978538,6.0000,,
7023,1797888,256,0.982380,6.0000,,
7024,1798144,256,0.986236,6.0000,,
7025,1798400,256,0.983042,6.0000,,
7026,1798656,256,0.982020,6.0000,,
7027,1798912,256,0.982282,6.0000,,
7028,1799168,256,0.987385,6.0000,,
7029,1799424,256,0.984451,6.0000,,
7030,1799680,256,0.981713,6.0000,,
7031,1799936,256,0.983102,6.0000,,
7032,1800192,256,0.985543,6.0000,,
7033,1800448,256,0.981147,6.0000,,
7034,1800704,256,0.987076,6.0000,,
7035,1800960,256,0.984580,6.0000,,
7036,1801216,256,0.983917,6.0000,,
7037,1801472,256,0.980440,6.0000,,
7038,1801728,256,0.985455,6.0000,,
7039,1801984,256,0.985259,6.0000,,
7040,1802240,256,0.983698,6.0000,,
7041,1802496,256,0.985539,6.0000,,
7042,1802752,256,0.986404,6.0000,,
7043,1803008,256,0.977363,6.0000,,
7044,1803264,256,0.982987,6.0000,,
7045,1803520,256,0.977332,6.0000,,
7046,1803776,256,0.980594,6.0000,,
7047,1804032,256,0.976558,6.0000,,
7048,1804288,256,0.973504,6.0000,,
7049,1804544,256,0.983132,6.0000,,
7050,1804800,256,0.979298,6.0000,,
7051,1805056,256,0.977951,6.0000,,
7052,1805312,256,0.979754,6.0000,,
7053,1805568,256,0.978106,6.0000,,
7054,1805824,256,0.980898,6.0000,,
7055,1806080,256,0.980878,6.0000,,
7056,1806336,256,0.975849,6.0000,,
7057,1806592,256,0.984963,6.0000,,
7058,1806848,256,0.987176,6.0000,,
7059,1807104,256,0.985009,6.0000,,
7060,1807360,256,0.982978,6.0000,,
7061,1807616,256,0.984646,6.0000,,
7062,1807872,256,0.987161,6.0000,,
7063,1808128,256,0.986237,6.0000,,
7064,1808384,256,0.982779,6.0000,,
7065,1808640,256,0.989497,6.0000,,
7066,1808896,256,0.984490,6.0000,,
7067,1809152,256,0.985601,6.0000,,
7068,1809408,256,0.987530,6.0000,,
7069,1809664,256,0.988862,6.0000,,
7070,1809920,256,0.985960,6.0000,,
7071,1810176,256,0.979975,6.0000,,
7072,1810432,256,0.981398,6.0000,,
7073,1810688,256,0.981918,6.0000,,
7074,1810944,256,0.981896,6.0000,,
7075,1811200,256,0.985776,6.0000,,
7076,1811456,256,0.978359,6.0000,,
7077,1811712,256,0.980626,6.0000,,
7078,1811968,256,0.983170,6.0000,,
7079,1812224,256,0.982427,6.0000,,
7080,1812480,256,0.988919,6.0000,,
7081,1812736,256,0.980081,6.0000,,
7082,1812992,256,0.977201,6.0000,,
7083,1813248,256,0.979643,6.0000,,
7084,1813504,256,0.986928,6.0000,,
7085,1813760,256,0.986400,6.0000,,
7086,1814016,256,0.989802,6.0000,,
7087,1814272,256,0.985402,6.0000,,
7088,1814528,256,0.982728,6.0000,,
7089,1814784,256,0.987240,6.0000,,
7090,1815040,256,0.987727,6.0000,,
7091,1815296,256,0.985622,6.0000,,
7092,1815552,256,0.984674,6.0000,,
7093,1815808,256,0.986771,6.0000,,
7094,1816064,256,0.984953,6.0000,,
7095,1816320,256,0.985400,6.0000,,
7096,1816576,256,0.981237,6.0000,,
7097,1816832,256,0.982095,6.0000,,
7098,1817088,256,0.985830,6.0000,,
7099,1817344,256,0.985202,6.0000,,
7100,1817600,256,0.985888,6.0000,0.994557,6.0000
7101,1817856,256,0.980979,6.0000,,
7102,1818112,256,0.982376,6.0000,,
7103,1818368,256,0.978653,6.0000,,
7104,1818624,256,0.981601,6.0000,,
7105,1818880,256,0.989923,6.0000,,
7106,1819136,256,0.985467,6.0000,,
7107,1819392,256,0.975364,6.0000,,
7108,1819648,256,0.985514,6.0000,,
7109,1819904,256,0.980472,6.0000,,
7110,1820160,256,0.986760,6.0000,,
7111,1820416,256,0.987211,6.0000,,
7112,1820672,256,0.984156,6.0000,,
7113,1820928,256,0.985421,6.0000,,
7114,1821184,256,0.979508,6.0000,,
7115,1821440,256,0.982955,6.0000,,
7116,1821696,256,0.985708,6.0000,,
7117,1821952,256,0.987289,6.0000,,
7118,1822208,256,0.983864,6.0000,,
7119,1822464,256,0.982525,6.0000,,
7120,1822720,256,0.982748,6.0000,,
7121,1822976,256,0.985436,6.0000,,
7122,1823232,256,0.986729,6.0000,,
7123,1823488,256,0.978608,6.0000,,
7124,1823744,256,0.982759,6.0000,,
7125,1824000,256,0.985751,6.0000,,
7126,1824256,256,0.984588,6.0000,,
7127,1824512,256,0.980469,6.0000,,
7128,1824768,256,0.989533,6.0000,,
7129,1825024,256,0.983918,6.0000,,
7130,1825280,256,0.983241,6.0000,,
7131,1825536,256,0.983388,6.0000,,
7132,1825792,256,0.989017,6.0000,,
7133,1826048,256,0.983965,6.0000,,
7134,1826304,256,0.977967,6.0000,,
7135,1826560,256,0.987536,6.0000,,
7136,1826816,256,0.986830,6.0000,,
7137,1827072,256,0.988137,6.0000,,
7138,1827328,256,0.979249,6.0000,,
7139,1827584,256,0.986443,6.0000,,
7140,1827840,256,0.986923,6.0000,,
7141,1828096,256,0.987415,6.0000,,
7142,1828352,256,0.984385,6.0000,,
7143,1828608,256,0.986742,6.0000,,
7144,1828864,256,0.982889,6.0000,,
7145,1829120,256,0.985193,6.0000,,
7146,1829376,256,0.986119,6.0000,,
7147,1829632,256,0.986969,6.0000,,
7148,1829888,256,0.982760,6.0000,,
7149,1830144,256,0.985714,6.0000,,
7150,1830400,256,0.982511,6.0000,,
7151,1830656,256,0.987675,6.0000,,
7152,1830912,256,0.986821,6.0000,,
7153,1831168,256,0.986046,6.0000,,
7154,1831424,256,0.982622,6.0000,,
7155,1831680,256,0.986401,6.0000,,
7156,1831936,256,0.969948,6.0000,,
7157,1832192,256,0.984310,6.0000,,
7158,1832448,256,0.988796,6.0000,,
7159,1832704,256,0.984045,6.0000,,
7160,1832960,256,0.984067,6.0000,,
7161,1833216,256,0.989502,6.0000,,
7162,1833472,256,0.987791,6.0000,,
7163,1833728,256,0.974889,6.0000,,
7164,1833984,256,0.988366,6.0000,,
7165,1834240,256,0.982731,6.0000,,
7166,1834496,256,0.986578,6.0000,,
7167,1834752,256,0.985138,6.0000,,
7168,1835008,256,0.984023,6.0000,,
7169,1835264,256,0.982723,6.0000,,
7170,1835520,256,0.979765,6.0000,,
7171,1835776,256,0.985752,6.0000,,
7172,1836032,256,0.981917,6.0000,,
7173,1836288,256,0.986979,6.0000,,
7174,1836544,256,0.986412,6.0000,,
7175,1836800,256,0.984989,6.0000,,
7176,1837056,256,0.980850,6.0000,,
7177,1837312,256,0.981924,6.0000,,
7178,1837568,256,0.981880,6.0000,,
7179,1837824,256,0.980953,6.0000,,
7180,1838080,256,0.979593,6.0000,,
7181,1838336,256,0.978387,6.0000,,
7182,1838592,256,0.982878,6.0000,,
7183,1838848,256,0.978522,6.0000,,
7184,1839104,256,0.987894,6.0000,,
7185,1839360,256,0.979133,6.0000,,
7186,1839616,256,0.979678,6.0000,,
7187,1839872,256,0.985654,6.0000,,
7188,1840128,256,0.983084,6.0000,,
7189,1840384,256,0.982236,6.0000,,
7190,1840640,256,0.983874,6.0000,,
7191,1840896,256,0.982618,6.0000,,
7192,1841152,256,0.985611,6.0000,,
7193,1841408,256,0.981803,6.0000,,
7194,1841664,256,0.984829,6.0000,,
7195,1841920,256,0.976574,6.0000,,
7196,1842176,256,0.983929,6.0000,,
7197,1842432,256,0.986804,6.0000,,
7198,1842688,256,0.977239,6.0000,,
7199,1842944,256,0.982755,6.0000,,
7200,1843200,256,0.984555,6.0000,0.994779,6.0000
7201,1843456,256,0.987262,6.0000,,
7202,1843712,256,0.986384,6.0000,,
7203,1843968,256,0.986927,6.0000,,
7204,1844224,256,0.980931,6.0000,,
7205,1844480,256,0.981470,6.0000,,
7206,1844736,256,0.980317,6.0000,,
7207,1844992,256,0.980221,6.0000,,
7208,1845248,256,0.983124,6.0000,,
7209,1845504,256,0.987387,6.0000,,
7210,1845760,256,0.986880,6.0000,,
7211,1846016,256,0.982678,6.0000,,
7212,1846272,256,0.984269,6.0000,,
7213,1846528,256,0.985368,6.0000,,
7214,1846784,256,0.983508,6.0000,,
7215,1847040,256,0.985588,6.0000,,
7216,1847296,256,0.983531,6.0000,,
7217,1847552,256,0.983968,6.0000,,
7218,1847808,256,0.986946,6.0000,,
7219,1848064,256,0.984463,6.0000,,
7220,1848320,256,0.981032,6.0000,,
7221,1848576,256,0.982381,6.0000,,
7222,1848832,256,0.982987,6.0000,,
7223,1849088,256,0.987046,6.0000,,
7224,1849344,256,0.981989,6.0000,,
7225,1849600,256,0.985231,6.0000,,
7226,1849856,256,0.983563,6.0000,,
7227,1850112,256,0.983243,6.0000,,
7228,1850368,256,0.984919,6.0000,,
7229,1850624,256,0.982406,6.0000,,
7230,1850880,256,0.985161,6.0000,,
7231,1851136,256,0.973358,6.0000,,
7232,1851392,256,0.984694,6.0000,,
7233,1851648,256,0.974647,6.0000,,
7234,1851904,256,0.981750,6.0000,,
7235,1852160,256,0.986316,6.0000,,
7236,1852416,256,0.985977,6.0000,,
7237,1852672,256,0.983234,6.0000,,
7238,1852928,256,0.981359,6.0000,,
7239,1853184,256,0.984173,6.0000,,
7240,1853440,256,0.987073,6.0000,,
7241,1853696,256,0.985327,6.0000,,
7242,1853952,256,0.987121,6.0000,,
7243,1854208,256,0.984658,6.0000,,
7244,1854464,256,0.983682,6.0000,,
7245,1854720,256,0.990206,6.0000,,
7246,1854976,256,0.980394,6.0000,,
7247,1855232,256,0.985579,6.0000,,
7248,1855488,256,0.986622,6.0000,,
7249,1855744,256,0.982621,6.0000,,
7250,1856000,256,0.982741,6.0000,,
7251,1856256,256,0.984460,6.0000,,
7252,1856512,256,0.984272,6.0000,,
7253,1856768,256,0.983803,6.0000,,
7254,1857024,256,0.981593,6.0000,,
7255,1857280,256,0.986198,6.0000,,
7256,1857536,256,0.983650,6.0000,,
7257,1857792,256,0.984563,6.0000,,
7258,1858048,256,0.984436,6.0000,,
7259,1858304,256,0.986442,6.0000,,
7260,1858560,256,0.984361,6.0000,,
7261,1858816,256,0.977542,6.0000,,
7262,1859072,256,0.982506,6.0000,,
7263,1859328,256,0.985155,6.0000,,
7264,1859584,256,0.983775,6.0000,,
7265,1859840,256,0.987169,6.0000,,
7266,1860096,256,0.981482,6.0000,,
7267,1860352,256,0.983570,6.0000,,
7268,1860608,256,0.983128,6.0000,,
7269,1860864,256,0.983515,6.0000,,
7270,1861120,256,0.986282,6.0000,,
7271,1861376,256,0.987847,6.0000,,
7272,1861632,256,0.986896,6.0000,,
7273,1861888,256,0.985186,6.0000,,
7274,1862144,256,0.983161,6.0000,,
7275,1862400,256,0.983412,6.0000,,
7276,1862656,256,0.984430,6.0000,,
7277,1862912,256,0.983237,6.0000,,
7278,1863168,256,0.987357,6.0000,,
7279,1863424,256,0.988506,6.0000,,
7280,1863680,256,0.988809,6.0000,,
7281,1863936,256,0.981954,6.0000,,
7282,1864192,256,0.988613,6.0000,,
7283,1864448,256,0.981909,6.0000,,
7284,1864704,256,0.983198,6.0000,,
7285,1864960,256,0.990581,6.0000,,
7286,1865216,256,0.987334,6.0000,,
7287,1865472,256,0.986075,6.0000,,
7288,1865728,256,0.989305,6.0000,,
7289,1865984,256,0.986042,6.0000,,
7290,1866240,256,0.984292,6.0000,,
7291,1866496,256,0.989124,6.0000,,
7292,1866752,256,0.985313,6.0000,,
7293,1867008,256,0.981836,6.0000,,
7294,1867264,256,0.984731,6.0000,,
7295,1867520,256,0.986708,6.0000,,
7296,1867776,256,0.980282,6.0000,,
7297,1868032,256,0.985841,6.0000,,
7298,1868288,256,0.986953,6.0000,,
7299,1868544,256,0.987170,6.0000,,
7300,1868800,256,0.979681,6.0000,0.992704,6.0000
7301,1869056,256,0.978461,6.0000,,
7302,1869312,256,0.987493,6.0000,,
7303,1869568,256,0.988788,6.0000,,
7304,1869824,256,0.986444,6.0000,,
7305,1870080,256,0.989288,6.0000,,
7306,1870336,256,0.984075,6.0000,,
7307,1870592,256,0.981235,6.0000,,
7308,1870848,256,0.984571,6.0000,,
7309,1871104,256,0.986841,6.0000,,
7310,1871360,256,0.984959,6.0000,,
7311,1871616,256,0.984516,6.0000,,
7312,1871872,256,0.980676,6.0000,,
7313,1872128,256,0.985748,6.0000,,
7314,1872384,256,0.984726,6.0000,,
7315,1872640,256,0.984012,6.0000,,
7316,1872896,256,0.988139,6.0000,,
7317,1873152,256,0.984172,6.0000,,
7318,1873408,256,0.986598,6.0000,,
7319,1873664,256,0.988595,6.0000,,
7320,1873920,256,0.986667,6.0000,,
7321,1874176,256,0.989310,6.0000,,
7322,1874432,256,0.981352,6.0000,,
7323,1874688,256,0.983337,6.0000,,
7324,1874944,256,0.989695,6.0000,,
7325,1875200,256,0.988487,6.0000,,
7326,1875456,256,0.981530,6.0000,,
7327,1875712,256,0.988934,6.0000,,
7328,1875968,256,0.990352,6.0000,,
7329,1876224,256,0.982587,6.0000,,
7330,1876480,256,0.982403,6.0000,,
7331,1876736,256,0.986515,6.0000,,
7332,1876992,256,0.980718,6.0000,,
7333,1877248,256,0.987417,6.0000,,
7334,1877504,256,0.983474,6.0000,,
7335,1877760,256,0.988080,6.0000,,
7336,1878016,256,0.984695,6.0000,,
7337,1878272,256,0.986267,6.0000,,
7338,1878528,256,0.984553,6.0000,,
7339,1878784,256,0.986333,6.0000,,
7340,1879040,256,0.989789,6.0000,,
7341,1879296,256,0.988128,6.0000,,
7342,1879552,256,0.984602,6.0000,,
7343,1879808,256,0.984280,6.0000,,
7344,1880064,256,0.982731,6.0000,,
7345,1880320,256,0.989580,6.0000,,
7346,1880576,256,0.987899,6.0000,,
7347,1880832,256,0.981065,6.0000,,
7348,1881088,256,0.987941,6.0000,,
7349,1881344,256,0.988874,6.0000,,
7350,1881600,256,0.983978,6.0000,,
7351,1881856,256,0.986982,6.0000,,
7352,1882112,256,0.983428,6.0000,,
7353,1882368,256,0.992177,6.0000,,
7354,1882624,256,0.986070,6.0000,,
7355,1882880,256,0.983874,6.0000,,
7356,1883136,256,0.986044,6.0000,,
7357,1883392,256,0.990961,6.0000,,
7358,1883648,256,0.986094,6.0000,,
7359,1883904,256,0.990414,6.0000,,
7360,1884160,256,0.984864,6.0000,,
7361,1884416,256,0.988356,6.0000,,
7362,1884672,256,0.984091,6.0000,,
7363,1884928,256,0.986817,6.0000,,
7364,1885184,256,0.985492,6.0000,,
7365,1885440,256,0.984457,6.0000,,
7366,1885696,256,0.981214,6.0000,,
7367,1885952,256,0.988446,6.0000,,
7368,1886208,256,0.985349,6.0000,,
7369,1886464,256,0.978298,6.0000,,
7370,1886720,256,0.974257,6.0000,,
7371,1886976,256,0.978675,6.0000,,
7372,1887232,256,0.976333,6.0000,,
7373,1887488,256,0.972931,6.0000,,
7374,1887744,256,0.979432,6.0000,,
7375,1888000,256,0.979609,6.0000,,
7376,1888256,256,0.979088,6.0000,,
7377,1888512,256,0.987079,6.0000,,
7378,1888768,256,0.984349,6.0000,,
7379,1889024,256,0.987514,6.0000,,
7380,1889280,256,0.989882,6.0000,,
7381,1889536,256,0.987621,6.0000,,
7382,1889792,256,0.984000,6.0000,,
7383,1890048,256,0.981115,6.0000,,
7384,1890304,256,0.982062,6.0000,,
7385,1890560,256,0.982896,6.0000,,
7386,1890816,256,0.981230,6.0000,,
7387,1891072,256,0.982360,6.0000,,
7388,1891328,256,0.983996,6.0000,,
7389,1891584,256,0.984765,6.0000,,
7390,1891840,256,0.982244,6.0000,,
7391,1892096,256,0.984270,6.0000,,
7392,1892352,256,0.986166,6.0000,,
7393,1892608,256,0.986208,6.0000,,
7394,1892864,256,0.983319,6.0000,,
7395,1893120,256,0.984076,6.0000,,
7396,1893376,256,0.986910,6.0000,,
7397,1893632,256,0.982828,6.0000,,
7398,1893888,256,0.988960,6.0000,,
7399,1894144,256,0.987284,6.0000,,
7400,1894400,256,0.985195,6.0000,0.995094,6.0000
7401,1894656,256,0.987635,6.0000,,
7402,1894912,256,0.987610,6.0000,,
7403,1895168,256,0.981526,6.0000,,
7404,1895424,256,0.984150,6.0000,,
7405,1895680,256,0.985620,6.0000,,
7406,1895936,256,0.981218,6.0000,,
7407,1896192,256,0.982308,6.0000,,
7408,1896448,256,0.987539,6.0000,,
7409,1896704,256,0.974760,6.0000,,
7410,1896960,256,0.985346,6.0000,,
7411,1897216,256,0.974613,6.0000,,
7412,1897472,256,0.986721,6.0000,,
7413,1897728,256,0.988377,6.0000,,
7414,1897984,256,0.981796,6.0000,,
7415,1898240,256,0.985802,6.0000,,
7416,1898496,256,0.989411,6.0000,,
7417,1898752,256,0.976190,6.0000,,
7418,1899008,256,0.985846,6.0000,,
7419,1899264,256,0.988279,6.0000,,
7420,1899520,256,0.982962,6.0000,,
7421,1899776,256,0.980600,6.0000,,
7422,1900032,256,0.983935,6.0000,,
7423,1900288,256,0.987048,6.0000,,
7424,1900544,256,0.981929,6.0000,,
7425,1900800,256,0.989036,6.0000,,
7426,1901056,256,0.984590,6.0000,,
7427,1901312,256,0.986835,6.0000,,
7428,1901568,256,0.984506,6.0000,,
7429,1901824,256,0.988258,6.0000,,
7430,1902080,256,0.985784,6.0000,,
7431,1902336,256,0.986510,6.0000,,
7432,1902592,256,0.988024,6.0000,,
7433,1902848,256,0.984985,6.0000,,
7434,1903104,256,0.981030,6.0000,,
7435,1903360,256,0.979994,6.0000,,
7436,1903616,256,0.977852,6.0000,,
7437,1903872,256,0.979224,6.0000,,
7438,1904128,256,0.982008,6.0000,,
7439,1904384,256,0.970971,6.0000,,
7440,1904640,256,0.985438,6.0000,,
7441,1904896,256,0.978662,6.0000,,
7442,1905152,256,0.980823,6.0000,,
7443,1905408,256,0.984849,6.0000,,
7444,1905664,256,0.978849,6.0000,,
7445,1905920,256,0.985869,6.0000,,
7446,1906176,256,0.986798,6.0000,,
7447,1906432,256,0.980135,6.0000,,
7448,1906688,256,0.977838,6.0000,,
7449,1906944,256,0.985981,6.0000,,
7450,1907200,256,0.986395,6.0000,,
7451,1907456,256,0.979740,6.0000,,
7452,1907712,256,0.984543,6.0000,,
7453,1907968,256,0.977369,6.0000,,
7454,1908224,256,0.980563,6.0000,,
7455,1908480,256,0.984670,6.0000,,
7456,1908736,256,0.986297,6.0000,,
7457,1908992,256,0.988064,6.0000,,
7458,1909248,256,0.986103,6.0000,,
7459,1909504,256,0.983689,6.0000,,
7460,1909760,256,0.985281,6.0000,,
7461,1910016,256,0.987644,6.0000,,
7462,1910272,256,0.982710,6.0000,,
7463,1910528,256,0.991141,6.0000,,
7464,1910784,256,0.984495,6.0000,,
7465,1911040,256,0.989357,6.0000,,
7466,1911296,256,0.983148,6.0000,,
7467,1911552,256,0.985554,6.0000,,
7468,1911808,256,0.982212,6.0000,,
7469,1912064,256,0.989937,6.0000,,
7470,1912320,256,0.983015,6.0000,,
7471,1912576,256,0.982727,6.0000,,
7472,1912832,256,0.981462,6.0000,,
7473,1913088,256,0.986866,6.0000,,
7474,1913344,256,0.981240,6.0000,,
7475,1913600,256,0.987980,6.0000,,
7476,1913856,256,0.981165,6.0000,,
7477,1914112,256,0.985603,6.0000,,
7478,1914368,256,0.977539,6.0000,,
7479,1914624,256,0.985886,6.0000,,
7480,1914880,256,0.981789,6.0000,,
7481,1915136,256,0.985628,6.0000,,
7482,1915392,256,0.985606,6.0000,,
7483,1915648,256,0.981430,6.0000,,
7484,1915904,256,0.986418,6.0000,,
7485,1916160,256,0.988109,6.0000,,
7486,1916416,256,0.982857,6.0000,,
7487,1916672,256,0.984930,6.0000,,
7488,1916928,256,0.989547,6.0000,,
7489,1917184,256,0.984517,6.0000,,
7490,1917440,256,0.975289,6.0000,,
7491,1917696,256,0.981986,6.0000,,
7492,1917952,256,0.989539,6.0000,,
7493,1918208,256,0.982608,6.0000,,
7494,1918464,256,0.988039,6.0000,,
7495,1918720,256,0.982664,6.0000,,
7496,1918976,256,0.980584,6.0000,,
7497,1919232,256,0.986941,6.0000,,
7498,1919488,256,0.985984,6.0000,,
7499,1919744,256,0.982958,6.0000,,
7500,1920000,256,0.985339,6.0000,0.995086,6.0000
7501,1920256,256,0.990013,6.0000,,
7502,1920512,256,0.989259,6.0000,,
7503,1920768,256,0.983706,6.0000,,
7504,1921024,256,0.982637,6.0000,,
7505,1921280,256,0.987543,6.0000,,
7506,1921536,256,0.976403,6.0000,,
7507,1921792,256,0.979392,6.0000,,
7508,1922048,256,0.988598,6.0000,,
7509,1922304,256,0.983471,6.0000,,
7510,1922560,256,0.986909,6.0000,,
7511,1922816,256,0.988438,6.0000,,
7512,1923072,256,0.985931,6.0000,,
7513,1923328,256,0.985500,6.0000,,
7514,1923584,256,0.979612,6.0000,,
7515,1923840,256,0.986279,6.0000,,
7516,1924096,256,0.982144,6.0000,,
7517,1924352,256,0.983075,6.0000,,
7518,1924608,256,0.980345,6.0000,,
7519,1924864,256,0.985294,6.0000,,
7520,1925120,256,0.989638,6.0000,,
7521,1925376,256,0.984193,6.0000,,
7522,1925632,256,0.989019,6.0000,,
7523,1925888,256,0.986047,6.0000,,
7524,1926144,256,0.988907,6.0000,,
7525,1926400,256,0.989509,6.0000,,
7526,1926656,256,0.985759,6.0000,,
7527,1926912,256,0.984687,6.0000,,
7528,1927168,256,0.985769,6.0000,,
7529,1927424,256,0.987885,6.0000,,
7530,1927680,256,0.979262,6.0000,,
7531,1927936,256,0.986101,6.0000,,
7532,1928192,256,0.980095,6.0000,,
7533,1928448,256,0.985910,6.0000,,
7534,1928704,256,0.983075,6.0000,,
7535,1928960,256,0.987114,6.0000,,
7536,1929216,256,0.983087,6.0000,,
7537,1929472,256,0.978700,6.0000,,
7538,1929728,256,0.987530,6.0000,,
7539,1929984,256,0.985874,6.0000,,
7540,1930240,256,0.984477,6.0000,,
7541,1930496,256,0.984527,6.0000,,
7542,1930752,256,0.981653,6.0000,,
7543,1931008,256,0.978342,6.0000,,
7544,1931264,256,0.984465,6.0000,,
7545,1931520,256,0.980994,6.0000,,
7546,1931776,256,0.983069,6.0000,,
7547,1932032,256,0.979474,6.0000,,
7548,1932288,256,0.987085,6.0000,,
7549,1932544,256,0.984108,6.0000,,
7550,1932800,256,0.989332,6.0000,,
7551,1933056,256,0.988744,6.0000,,
7552,1933312,256,0.989723,6.0000,,
7553,1933568,256,0.986709,6.0000,,
7554,1933824,256,0.983171,6.0000,,
7555,1934080,256,0.982815,6.0000,,
7556,1934336,256,0.987625,6.0000,,
7557,1934592,256,0.988245,6.0000,,
7558,1934848,256,0.982452,6.0000,,
7559,1935104,256,0.987109,6.0000,,
7560,1935360,256,0.984894,6.0000,,
7561,1935616,256,0.989501,6.0000,,
7562,1935872,256,0.984167,6.0000,,
7563,1936128,256,0.981745,6.0000,,
7564,1936384,256,0.982079,6.0000,,
7565,1936640,256,0.979236,6.0000,,
7566,1936896,256,0.985837,6.0000,,
7567,1937152,256,0.989360,6.0000,,
7568,1937408,256,0.988018,6.0000,,
7569,1937664,256,0.981055,6.0000,,
7570,1937920,256,0.986861,6.0000,,
7571,1938176,256,0.988466,6.0000,,
7572,1938432,256,0.983632,6.0000,,
7573,1938688,256,0.987664,6.0000,,
7574,1938944,256,0.984428,6.0000,,
7575,1939200,256,0.982795,6.0000,,
7576,1939456,256,0.986602,6.0000,,
7577,1939712,256,0.986287,6.0000,,
7578,1939968,256,0.989499,6.0000,,
7579,1940224,256,0.982860,6.0000,,
7580,1940480,256,0.987580,6.0000,,
7581,1940736,256,0.989092,6.0000,,
7582,1940992,256,0.984661,6.0000,,
7583,1941248,256,0.990465,6.0000,,
7584,1941504,256,0.984922,6.0000,,
7585,1941760,256,0.989496,6.0000,,
7586,1942016,256,0.991601,6.0000,,
7587,1942272,256,0.984948,6.0000,,
7588,1942528,256,0.982992,6.0000,,
7589,1942784,256,0.985378,6.0000,,
7590,1943040,256,0.987877,6.0000,,
7591,1943296,256,0.983623,6.0000,,
7592,1943552,256,0.986403,6.0000,,
7593,1943808,256,0.986265,6.0000,,
7594,1944064,256,0.989087,6.0000,,
7595,1944320,256,0.986460,6.0000,,
7596,1944576,256,0.986353,6.0000,,
7597,1944832,256,0.990233,6.0000,,
7598,1945088,256,0.984062,6.0000,,
7599,1945344,256,0.984258,6.0000,,
7600,1945600,256,0.984520,6.0000,0.995127,6.0000
7601,1945856,256,0.987114,6.0000,,
7602,1946112,256,0.982486,6.0000,,
7603,1946368,256,0.988215,6.0000,,
7604,1946624,256,0.983736,6.0000,,
7605,1946880,256,0.987388,6.0000,,
7606,1947136,256,0.982291,6.0000,,
7607,1947392,256,0.987959,6.0000,,
7608,1947648,256,0.981867,6.0000,,
7609,1947904,256,0.982837,6.0000,,
7610,1948160,256,0.983982,6.0000,,
7611,1948416,256,0.981366,6.0000,,
7612,1948672,256,0.985542,6.0000,,
7613,1948928,256,0.987425,6.0000,,
7614,1949184,256,0.982171,6.0000,,
7615,1949440,256,0.990981,6.0000,,
7616,1949696,256,0.988396,6.0000,,
7617,1949952,256,0.987362,6.0000,,
7618,1950208,256,0.988652,6.0000,,
7619,1950464,256,0.980472,6.0000,,
7620,1950720,256,0.987825,6.0000,,
7621,1950976,256,0.988986,6.0000,,
7622,1951232,256,0.988775,6.0000,,
7623,1951488,256,0.987621,6.0000,,
7624,1951744,256,0.980906,6.0000,,
7625,1952000,256,0.986499,6.0000,,
7626,1952256,256,0.987654,6.0000,,
7627,1952512,256,0.979890,6.0000,,
7628,1952768,256,0.988450,6.0000,,
7629,1953024,256,0.982328,6.0000,,
7630,1953280,256,0.989898,6.0000,,
7631,1953536,256,0.982180,6.0000,,
7632,1953792,256,0.985992,6.0000,,
7633,1954048,256,0.983496,6.0000,,
7634,1954304,256,0.983933,6.0000,,
7635,1954560,256,0.985632,6.0000,,
7636,1954816,256,0.988456,6.0000,,
7637,1955072,256,0.981060,6.0000,,
7638,1955328,256,0.987000,6.0000,,
7639,1955584,256,0.985396,6.0000,,
7640,1955840,256,0.972892,6.0000,,
7641,1956096,256,0.979967,6.0000,,
7642,1956352,256,0.983772,6.0000,,
7643,1956608,256,0.980190,6.0000,,
7644,1956864,256,0.971745,6.0000,,
7645,1957120,256,0.984135,6.0000,,
7646,1957376,256,0.983034,6.0000,,
7647,1957632,256,0.978676,6.0000,,
7648,1957888,256,0.969329,6.0000,,
7649,1958144,256,0.981979,6.0000,,
7650,1958400,256,0.982845,6.0000,,
7651,1958656,256,0.983864,6.0000,,
7652,1958912,256,0.981126,6.0000,,
7653,1959168,256,0.979506,6.0000,,
7654,1959424,256,0.983456,6.0000,,
7655,1959680,256,0.982227,6.0000,,
7656,1959936,256,0.986129,6.0000,,
7657,1960192,256,0.984300,6.0000,,
7658,1960448,256,0.981876,6.0000,,
7659,1960704,256,0.980221,6.0000,,
7660,1960960,256,0.983057,6.0000,,
7661,1961216,256,0.984210,6.0000,,
7662,1961472,256,0.983325,6.0000,,
7663,1961728,256,0.985654,6.0000,,
7664,1961984,256,0.988058,6.0000,,
7665,1962240,256,0.985175,6.0000,,
7666,1962496,256,0.990355,6.0000,,
7667,1962752,256,0.986762,6.0000,,
7668,1963008,256,0.982412,6.0000,,
7669,1963264,256,0.982432,6.0000,,
7670,1963520,256,0.988981,6.0000,,
7671,1963776,256,0.987870,6.0000,,
7672,1964032,256,0.989413,6.0000,,
7673,1964288,256,0.986075,6.0000,,
7674,1964544,256,0.987789,6.0000,,
7675,1964800,256,0.985321,6.0000,,
7676,1965056,256,0.982537,6.0000,,
7677,1965312,256,0.981015,6.0000,,
7678,1965568,256,0.980542,6.0000,,
7679,1965824,256,0.979388,6.0000,,
7680,1966080,256,0.986649,6.0000,,
7681,1966336,256,0.982463,6.0000,,
7682,1966592,256,0.979324,6.0000,,
7683,1966848,256,0.983099,6.0000,,
7684,1967104,256,0.982828,6.0000,,
7685,1967360,256,0.983367,6.0000,,
7686,1967616,256,0.982411,6.0000,,
7687,1967872,256,0.985200,6.0000,,
7688,1968128,256,0.987453,6.0000,,
7689,1968384,256,0.986025,6.0000,,
7690,1968640,256,0.983686,6.0000,,
7691,1968896,256,0.978186,6.0000,,
7692,1969152,256,0.983557,6.0000,,
7693,1969408,256,0.984866,6.0000,,
7694,1969664,256,0.982147,6.0000,,
7695,1969920,256,0.983719,6.0000,,
7696,1970176,256,0.987134,6.0000,,
7697,1970432,256,0.982303,6.0000,,
7698,1970688,256,0.990034,6.0000,,
7699,1970944,256,0.989558,6.0000,,
7700,1971200,256,0.986500,6.0000,0.994149,6.0000
7701,1971456,256,0.981520,6.0000,,
7702,1971712,256,0.987731,6.0000,,
7703,1971968,256,0.976188,6.0000,,
7704,1972224,256,0.979754,6.0000,,
7705,1972480,256,0.986789,6.0000,,
7706,1972736,256,0.980169,6.0000,,
7707,1972992,256,0.982480,6.0000,,
7708,1973248,256,0.983907,6.0000,,
7709,1973504,256,0.985421,6.0000,,
7710,1973760,256,0.980253,6.0000,,
7711,1974016,256,0.985324,6.0000,,
7712,1974272,256,0.979923,6.0000,,
7713,1974528,256,0.978196,6.0000,,
7714,1974784,256,0.984528,6.0000,,
7715,1975040,256,0.981586,6.0000,,
7716,1975296,256,0.985383,6.0000,,
7717,1975552,256,0.982813,6.0000,,
7718,1975808,256,0.984064,6.0000,,
7719,1976064,256,0.985137,6.0000,,
7720,1976320,256,0.988330,6.0000,,
7721,1976576,256,0.983835,6.0000,,
7722,1976832,256,0.985828,6.0000,,
7723,1977088,256,0.979647,6.0000,,
7724,1977344,256,0.977738,6.0000,,
7725,1977600,256,0.982673,6.0000,,
7726,1977856,256,0.982944,6.0000,,
7727,1978112,256,0.982852,6.0000,,
7728,1978368,256,0.982335,6.0000,,
7729,1978624,256,0.981622,6.0000,,
7730,1978880,256,0.981493,6.0000,,
7731,1979136,256,0.983914,6.0000,,
7732,1979392,256,0.979617,6.0000,,
7733,1979648,256,0.982404,6.0000,,
7734,1979904,256,0.977680,6.0000,,
7735,1980160,256,0.983045,6.0000,,
7736,1980416,256,0.987916,6.0000,,
7737,1980672,256,0.982440,6.0000,,
7738,1980928,256,0.974860,6.0000,,
7739,1981184,256,0.980667,6.0000,,
7740,1981440,256,0.975265,6.0000,,
7741,1981696,256,0.985595,6.0000,,
7742,1981952,256,0.979289,6.0000,,
7743,1982208,256,0.982801,6.0000,,
7744,1982464,256,0.978893,6.0000,,
7745,1982720,256,0.981931,6.0000,,
7746,1982976,256,0.987991,6.0000,,
7747,1983232,256,0.985227,6.0000,,
7748,1983488,256,0.986825,6.0000,,
7749,1983744,256,0.979374,6.0000,,
7750,1984000,256,0.983324,6.0000,,
7751,1984256,256,0.986440,6.0000,,
7752,1984512,256,0.981122,6.0000,,
7753,1984768,256,0.977537,6.0000,,
7754,1985024,256,0.985975,6.0000,,
7755,1985280,256,0.989897,6.0000,,
7756,1985536,256,0.986220,6.0000,,
7757,1985792,256,0.990524,6.0000,,
7758,1986048,256,0.986783,6.0000,,
7759,1986304,256,0.980401,6.0000,,
7760,1986560,256,0.985366,6.0000,,
7761,1986816,256,0.983217,6.0000,,
7762,1987072,256,0.982794,6.0000,,
7763,1987328,256,0.986907,6.0000,,
7764,1987584,256,0.988827,6.0000,,
7765,1987840,256,0.985463,6.0000,,
7766,1988096,256,0.991073,6.0000,,
7767,1988352,256,0.988305,6.0000,,
7768,1988608,256,0.985769,6.0000,,
7769,1988864,256,0.982959,6.0000,,
7770,1989120,256,0.987442,6.0000,,
7771,1989376,256,0.981873,6.0000,,
7772,1989632,256,0.984619,6.0000,,
7773,1989888,256,0.985304,6.0000,,
7774,1990144,256,0.984954,6.0000,,
7775,1990400,256,0.985296,6.0000,,
7776,1990656,256,0.989622,6.0000,,
7777,1990912,256,0.975390,6.0000,,
7778,1991168,256,0.987777,6.0000,,
7779,1991424,256,0.981649,6.0000,,
7780,1991680,256,0.982403,6.0000,,
7781,1991936,256,0.978421,6.0000,,
7782,1992192,256,0.983567,6.0000,,
7783,1992448,256,0.984768,6.0000,,
7784,1992704,256,0.987681,6.0000,,
7785,1992960,256,0.990162,6.0000,,
7786,1993216,256,0.985080,6.0000,,
7787,1993472,256,0.988838,6.0000,,
7788,1993728,256,0.987037,6.0000,,
7789,1993984,256,0.985723,6.0000,,
7790,1994240,256,0.985290,6.0000,,
7791,1994496,256,0.984185,6.0000,,
7792,1994752,256,0.983072,6.0000,,
7793,1995008,256,0.985186,6.0000,,
7794,1995264,256,0.985036,6.0000,,
7795,1995520,256,0.988910,6.0000,,
7796,1995776,256,0.982368,6.0000,,
7797,1996032,256,0.978411,6.0000,,
7798,1996288,256,0.990319,6.0000,,
7799,1996544,256,0.985953,6.0000,,
7800,1996800,256,0.986008,6.0000,0.994778,6.0000
7801,1997056,256,0.989108,6.0000,,
7802,1997312,256,0.987605,6.0000,,
7803,1997568,256,0.984806,6.0000,,
7804,1997824,256,0.987518,6.0000,,
7805,1998080,256,0.986938,6.0000,,
7806,1998336,256,0.983732,6.0000,,
7807,1998592,256,0.986068,6.0000,,
7808,1998848,256,0.983773,6.0000,,
7809,1999104,256,0.988856,6.0000,,
7810,1999360,256,0.985394,6.0000,,
7811,1999616,256,0.986099,6.0000,,
7812,1999872,256,0.988785,6.0000,,
7813,2000128,256,0.988945,6.0000,,
7814,2000384,256,0.988990,6.0000,,
7815,2000640,256,0.982193,6.0000,,
7816,2000896,256,0.984917,6.0000,,
7817,2001152,256,0.982307,6.0000,,
7818,2001408,256,0.984815,6.0000,,
7819,2001664,256,0.982921,6.0000,,
7820,2001920,256,0.986860,6.0000,,
7821,2002176,256,0.981559,6.0000,,
7822,2002432,256,0.986048,6.0000,,
7823,2002688,256,0.984360,6.0000,,
7824,2002944,256,0.989561,6.0000,,
7825,2003200,256,0.986741,6.0000,,
7826,2003456,256,0.982066,6.0000,,
7827,2003712,256,0.983453,6.0000,,
7828,2003968,256,0.987250,6.0000,,
7829,2004224,256,0.984598,6.0000,,
7830,2004480,256,0.987963,6.0000,,
7831,2004736,256,0.982849,6.0000,,
7832,2004992,256,0.986289,6.0000,,
7833,2005248,256,0.986702,6.0000,,
7834,2005504,256,0.984774,6.0000,,
7835,2005760,256,0.986062,6.0000,,
7836,2006016,256,0.982529,6.0000,,
7837,2006272,256,0.981909,6.0000,,
7838,2006528,256,0.983948,6.0000,,
7839,2006784,256,0.986380,6.0000,,
7840,2007040,256,0.988672,6.0000,,
7841,2007296,256,0.988256,6.0000,,
7842,2007552,256,0.988095,6.0000,,
7843,2007808,256,0.984536,6.0000,,
7844,2008064,256,0.987043,6.0000,,
7845,2008320,256,0.985583,6.0000,,
7846,2008576,256,0.987968,6.0000,,
7847,2008832,256,0.987012,6.0000,,
7848,2009088,256,0.989952,6.0000,,
7849,2009344,256,0.988102,6.0000,,
7850,2009600,256,0.984456,6.0000,,
7851,2009856,256,0.984834,6.0000,,
7852,2010112,256,0.985597,6.0000,,
7853,2010368,256,0.988892,6.0000,,
7854,2010624,256,0.985791,6.0000,,
7855,2010880,256,0.985823,6.0000,,
7856,2011136,256,0.981365,6.0000,,
7857,2011392,256,0.990797,6.0000,,
7858,2011648,256,0.988887,6.0000,,
7859,2011904,256,0.985259,6.0000,,
7860,2012160,256,0.989343,6.0000,,
7861,2012416,256,0.990663,6.0000,,
7862,2012672,256,0.979936,6.0000,,
7863,2012928,256,0.985342,6.0000,,
7864,2013184,256,0.984067,6.0000,,
7865,2013440,256,0.983868,6.0000,,
7866,2013696,256,0.989539,6.0000,,
7867,2013952,256,0.986949,6.0000,,
7868,2014208,256,0.988350,6.0000,,
7869,2014464,256,0.979267,6.0000,,
7870,2014720,256,0.985972,6.0000,,
7871,2014976,256,0.987411,6.0000,,
7872,2015232,256,0.980742,6.0000,,
7873,2015488,256,0.982410,6.0000,,
7874,2015744,256,0.986859,6.0000,,
7875,2016000,256,0.984813,6.0000,,
7876,2016256,256,0.990036,6.0000,,
7877,2016512,256,0.976647,6.0000,,
7878,2016768,256,0.982874,6.0000,,
7879,2017024,256,0.984437,6.0000,,
7880,2017280,256,0.983829,6.0000,,
7881,2017536,256,0.985911,6.0000,,
7882,2017792,256,0.981495,6.0000,,
7883,2018048,256,0.989050,6.0000,,
7884,2018304,256,0.987598,6.0000,,
7885,2018560,256,0.983269,6.0000,,
7886,2018816,256,0.984683,6.0000,,
7887,2019072,256,0.983352,6.0000,,
7888,2019328,256,0.980529,6.0000,,
7889,2019584,256,0.986757,6.0000,,
7890,2019840,256,0.989877,6.0000,,
7891,2020096,256,0.982556,6.0000,,
7892,2020352,256,0.976413,6.0000,,
7893,2020608,256,0.983822,6.0000,,
7894,2020864,256,0.980414,6.0000,,
7895,2021120,256,0.987171,6.0000,,
7896,2021376,256,0.989496,6.0000,,
7897,2021632,256,0.985908,6.0000,,
7898,2021888,256,0.985366,6.0000,,
7899,2022144,256,0.985172,6.0000,,
7900,2022400,256,0.983946,6.0000,0.993776,6.0000
7901,2022656,256,0.988743,6.0000,,
7902,2022912,256,0.985575,6.0000,,
7903,2023168,256,0.979962,6.0000,,
7904,2023424,256,0.988972,6.0000,,
7905,2023680,256,0.981337,6.0000,,
7906,2023936,256,0.988713,6.0000,,
7907,2024192,256,0.988248,6.0000,,
7908,2024448,256,0.990747,6.0000,,
7909,2024704,256,0.989165,6.0000,,
7910,2024960,256,0.983938,6.0000,,
7911,2025216,256,0.989777,6.0000,,
7912,2025472,256,0.985754,6.0000,,
7913,2025728,256,0.987536,6.0000,,
7914,2025984,256,0.990022,6.0000,,
7915,2026240,256,0.986977,6.0000,,
7916,2026496,256,0.984803,6.0000,,
7917,2026752,256,0.984842,6.0000,,
7918,2027008,256,0.986145,6.0000,,
7919,2027264,256,0.990403,6.0000,,
7920,2027520,256,0.988693,6.0000,,
7921,2027776,256,0.990093,6.0000,,
7922,2028032,256,0.982689,6.0000,,
7923,2028288,256,0.980135,6.0000,,
7924,2028544,256,0.986926,6.0000,,
7925,2028800,256,0.983732,6.0000,,
7926,2029056,256,0.982916,6.0000,,
7927,2029312,256,0.983344,6.0000,,
7928,2029568,256,0.984402,6.0000,,
7929,2029824,256,0.984735,6.0000,,
7930,2030080,256,0.986866,6.0000,,
7931,2030336,256,0.982975,6.0000,,
7932,2030592,256,0.985298,6.0000,,
7933,2030848,256,0.988015,6.0000,,
7934,2031104,256,0.989679,6.0000,,
7935,2031360,256,0.988436,6.0000,,
7936,2031616,256,0.984504,6.0000,,
7937,2031872,256,0.987284,6.0000,,
7938,2032128,256,0.988622,6.0000,,
7939,2032384,256,0.987610,6.0000,,
7940,2032640,256,0.983684,6.0000,,
7941,2032896,256,0.982440,6.0000,,
7942,2033152,256,0.984715,6.0000,,
7943,2033408,256,0.984347,6.0000,,
7944,2033664,256,0.977008,6.0000,,
7945,2033920,256,0.987795,6.0000,,
7946,2034176,256,0.981840,6.0000,,
7947,2034432,256,0.987526,6.0000,,
7948,2034688,256,0.987896,6.0000,,
7949,2034944,256,0.985492,6.0000,,
7950,2035200,256,0.988382,6.0000,,
7951,2035456,256,0.987374,6.0000,,
7952,2035712,256,0.984518,6.0000,,
7953,2035968,256,0.975293,6.0000,,
7954,2036224,256,0.979688,6.0000,,
7955,2036480,256,0.986859,6.0000,,
7956,2036736,256,0.985986,6.0000,,
7957,2036992,256,0.987687,6.0000,,
7958,2037248,256,0.982527,6.0000,,
7959,2037504,256,0.985686,6.0000,,
7960,2037760,256,0.987838,6.0000,,
7961,2038016,256,0.983519,6.0000,,
7962,2038272,256,0.986952,6.0000,,
7963,2038528,256,0.984351,6.0000,,
7964,2038784,256,0.991101,6.0000,,
7965,2039040,256,0.985102,6.0000,,
7966,2039296,256,0.988587,6.0000,,
7967,2039552,256,0.986121,6.0000,,
7968,2039808,256,0.979083,6.0000,,
7969,2040064,256,0.985036,6.0000,,
7970,2040320,256,0.990347,6.0000,,
7971,2040576,256,0.991298,6.0000,,
7972,2040832,256,0.983832,6.0000,,
7973,2041088,256,0.980111,6.0000,,
7974,2041344,256,0.986622,6.0000,,
7975,2041600,256,0.982089,6.0000,,
7976,2041856,256,0.985519,6.0000,,
7977,2042112,256,0.984965,6.0000,,
7978,2042368,256,0.981288,6.0000,,
7979,2042624,256,0.984676,6.0000,,
7980,2042880,256,0.985023,6.0000,,
7981,2043136,256,0.987164,6.0000,,
7982,2043392,256,0.977470,6.0000,,
7983,2043648,256,0.989399,6.0000,,
7984,2043904,256,0.983168,6.0000,,
7985,2044160,256,0.986132,6.0000,,
7986,2044416,256,0.986336,6.0000,,
7987,2044672,256,0.987151,6.0000,,
7988,2044928,256,0.986801,6.0000,,
7989,2045184,256,0.986695,6.0000,,
7990,2045440,256,0.984855,6.0000,,
7991,2045696,256,0.990852,6.0000,,
7992,2045952,256,0.991453,6.0000,,
7993,2046208,256,0.987041,6.0000,,
7994,2046464,256,0.987617,6.0000,,
7995,2046720,256,0.984764,6.0000,,
7996,2046976,256,0.985137,6.0000,,
7997,2047232,256,0.991640,6.0000,,
7998,2047488,256,0.986454,6.0000,,
7999,2047744,256,0.987581,6.0000,,
8000,2048000,256,0.985224,6.0000,0.993985,6.0000
8001,2048256,256,0.986346,6.0000,,
8002,2048512,256,0.987868,6.0000,,
8003,2048768,256,0.985608,6.0000,,
8004,2049024,256,0.990931,6.0000,,
8005,2049280,256,0.985472,6.0000,,
8006,2049536,256,0.987038,6.0000,,
8007,2049792,256,0.988167,6.0000,,
8008,2050048,256,0.985791,6.0000,,
8009,2050304,256,0.980695,6.0000,,
8010,2050560,256,0.988964,6.0000,,
8011,2050816,256,0.982064,6.0000,,
8012,2051072,256,0.986378,6.0000,,
8013,2051328,256,0.983678,6.0000,,
8014,2051584,256,0.981909,6.0000,,
8015,2051840,256,0.989121,6.0000,,
8016,2052096,256,0.984200,6.0000,,
8017,2052352,256,0.981731,6.0000,,
8018,2052608,256,0.982947,6.0000,,
8019,2052864,256,0.989734,6.0000,,
8020,2053120,256,0.983017,6.0000,,
8021,2053376,256,0.982557,6.0000,,
8022,2053632,256,0.969790,6.0000,,
8023,2053888,256,0.980145,6.0000,,
8024,2054144,256,0.977993,6.0000,,
8025,2054400,256,0.985375,6.0000,,
8026,2054656,256,0.977532,6.0000,,
8027,2054912,256,0.987071,6.0000,,
8028,2055168,256,0.987918,6.0000,,
8029,2055424,256,0.988522,6.0000,,
8030,2055680,256,0.985019,6.0000,,
8031,2055936,256,0.985120,6.0000,,
8032,2056192,256,0.989354,6.0000,,
8033,2056448,256,0.981697,6.0000,,
8034,2056704,256,0.980742,6.0000,,
8035,2056960,256,0.985220,6.0000,,
8036,2057216,256,0.989040,6.0000,,
8037,2057472,256,0.985093,6.0000,,
8038,2057728,256,0.983819,6.0000,,
8039,2057984,256,0.986247,6.0000,,
8040,2058240,256,0.988494,6.0000,,
8041,2058496,256,0.984225,6.0000,,
8042,2058752,256,0.983226,6.0000,,
8043,2059008,256,0.982311,6.0000,,
8044,2059264,256,0.982011,6.0000,,
8045,2059520,256,0.977201,6.0000,,
8046,2059776,256,0.984912,6.0000,,
8047,2060032,256,0.976988,6.0000,,
8048,2060288,256,0.985355,6.0000,,
8049,2060544,256,0.987154,6.0000,,
8050,2060800,256,0.978103,6.0000,,
8051,2061056,256,0.983783,6.0000,,
8052,2061312,256,0.983047,6.0000,,
8053,2061568,256,0.982307,6.0000,,
8054,2061824,256,0.984442,6.0000,,
8055,2062080,256,0.986210,6.0000,,
8056,2062336,256,0.976853,6.0000,,
8057,2062592,256,0.986569,6.0000,,
8058,2062848,256,0.985689,6.0000,,
8059,2063104,256,0.984026,6.0000,,
8060,2063360,256,0.978381,6.0000,,
8061,2063616,256,0.986529,6.0000,,
8062,2063872,256,0.981354,6.0000,,
8063,2064128,256,0.980346,6.0000,,
8064,2064384,256,0.983844,6.0000,,
8065,2064640,256,0.984058,6.0000,,
8066,2064896,256,0.980476,6.0000,,
8067,2065152,256,0.985991,6.0000,,
8068,2065408,256,0.981020,6.0000,,
8069,2065664,256,0.984413,6.0000,,
8070,2065920,256,0.979708,6.0000,,
8071,2066176,256,0.983752,6.0000,,
8072,2066432,256,0.984054,6.0000,,
8073,2066688,256,0.987244,6.0000,,
8074,2066944,256,0.980731,6.0000,,
8075,2067200,256,0.981981,6.0000,,
8076,2067456,256,0.984613,6.0000,,
8077,2067712,256,0.985688,6.0000,,
8078,2067968,256,0.987222,6.0000,,
8079,2068224,256,0.982465,6.0000,,
8080,2068480,256,0.981976,6.0000,,
8081,2068736,256,0.988670,6.0000,,
8082,2068992,256,0.987100,6.0000,,
8083,2069248,256,0.981765,6.0000,,
8084,2069504,256,0.981868,6.0000,,
8085,2069760,256,0.980164,6.0000,,
8086,2070016,256,0.984306,6.0000,,
8087,2070272,256,0.977664,6.0000,,
8088,2070528,256,0.985297,6.0000,,
8089,2070784,256,0.981052,6.0000,,
8090,2071040,256,0.985938,6.0000,,
8091,2071296,256,0.981439,6.0000,,
8092,2071552,256,0.979901,6.0000,,
8093,2071808,256,0.983134,6.0000,,
8094,2072064,256,0.983755,6.0000,,
8095,2072320,256,0.982356,6.0000,,
8096,2072576,256,0.987117,6.0000,,
8097,2072832,256,0.982498,6.0000,,
8098,2073088,256,0.984655,6.0000,,
8099,2073344,256,0.982461,6.0000,,
8100,2073600,256,0.986149,6.0000,0.993728,6.0000
8101,2073856,256,0.983882,6.0000,,
8102,2074112,256,0.986201,6.0000,,
8103,2074368,256,0.978868,6.0000,,
8104,2074624,256,0.983208,6.0000,,
8105,2074880,256,0.984881,6.0000,,
8106,2075136,256,0.984962,6.0000,,
8107,2075392,256,0.983872,6.0000,,
8108,2075648,256,0.985440,6.0000,,
8109,2075904,256,0.987007,6.0000,,
8110,2076160,256,0.989206,6.0000,,
8111,2076416,256,0.981985,6.0000,,
8112,2076672,256,0.987041,6.0000,,
8113,2076928,256,0.989364,6.0000,,
8114,2077184,256,0.989548,6.0000,,
8115,2077440,256,0.984286,6.0000,,
8116,2077696,256,0.983748,6.0000,,
8117,2077952,256,0.985672,6.0000,,
8118,2078208,256,0.984307,6.0000,,
8119,2078464,256,0.990229,6.0000,,
8120,2078720,256,0.985469,6.0000,,
8121,2078976,256,0.986289,6.0000,,
8122,2079232,256,0.983693,6.0000,,
8123,2079488,256,0.983057,6.0000,,
8124,2079744,256,0.982996,6.0000,,
8125,2080000,256,0.986451,6.0000,,
8126,2080256,256,0.977324,6.0000,,
8127,2080512,256,0.986077,6.0000,,
8128,2080768,256,0.984501,6.0000,,
8129,2081024,256,0.983791,6.0000,,
8130,2081280,256,0.988652,6.0000,,
8131,2081536,256,0.985807,6.0000,,
8132,2081792,256,0.982657,6.0000,,
8133,2082048,256,0.987343,6.0000,,
8134,2082304,256,0.983571,6.0000,,
8135,2082560,256,0.986497,6.0000,,
8136,2082816,256,0.990189,6.0000,,
8137,2083072,256,0.986182,6.0000,,
8138,2083328,256,0.986079,6.0000,,
8139,2083584,256,0.988593,6.0000,,
8140,2083840,256,0.983811,6.0000,,
8141,2084096,256,0.989887,6.0000,,
8142,2084352,256,0.980719,6.0000,,
8143,2084608,256,0.982665,6.0000,,
8144,2084864,256,0.982482,6.0000,,
8145,2085120,256,0.983163,6.0000,,
8146,2085376,256,0.978615,6.0000,,
8147,2085632,256,0.985485,6.0000,,
8148,2085888,256,0.981727,6.0000,,
8149,2086144,256,0.988059,6.0000,,
8150,2086400,256,0.984266,6.0000,,
8151,2086656,256,0.985176,6.0000,,
8152,2086912,256,0.984578,6.0000,,
8153,2087168,256,0.984263,6.0000,,
8154,2087424,256,0.986093,6.0000,,
8155,2087680,256,0.981686,6.0000,,
8156,2087936,256,0.981392,6.0000,,
8157,2088192,256,0.981991,6.0000,,
8158,2088448,256,0.978857,6.0000,,
8159,2088704,256,0.979592,6.0000,,
8160,2088960,256,0.972765,6.0000,,
8161,2089216,256,0.979649,6.0000,,
8162,2089472,256,0.988736,6.0000,,
8163,2089728,256,0.977846,6.0000,,
8164,2089984,256,0.976033,6.0000,,
8165,2090240,256,0.974400,6.0000,,
8166,2090496,256,0.985847,6.0000,,
8167,2090752,256,0.982442,6.0000,,
8168,2091008,256,0.976004,6.0000,,
8169,2091264,256,0.986569,6.0000,,
8170,2091520,256,0.987804,6.0000,,
8171,2091776,256,0.982865,6.0000,,
8172,2092032,256,0.985115,6.0000,,
8173,2092288,256,0.986022,6.0000,,
8174,2092544,256,0.988983,6.0000,,
8175,2092800,256,0.980460,6.0000,,
8176,2093056,256,0.983933,6.0000,,
8177,2093312,256,0.984788,6.0000,,
8178,2093568,256,0.984789,6.0000,,
8179,2093824,256,0.977154,6.0000,,
8180,2094080,256,0.981441,6.0000,,
8181,2094336,256,0.974983,6.0000,,
8182,2094592,256,0.986497,6.0000,,
8183,2094848,256,0.987817,6.0000,,
8184,2095104,256,0.985901,6.0000,,
8185,2095360,256,0.985043,6.0000,,
8186,2095616,256,0.982899,6.0000,,
8187,2095872,256,0.987136,6.0000,,
8188,2096128,256,0.985543,6.0000,,
8189,2096384,256,0.988700,6.0000,,
8190,2096640,256,0.984396,6.0000,,
8191,2096896,256,0.984478,6.0000,,
8192,2097152,256,0.989937,6.0000,,
8193,2097408,256,0.989218,6.0000,,
8194,2097664,256,0.985377,6.0000,,
8195,2097920,256,0.988256,6.0000,,
8196,2098176,256,0.987427,6.0000,,
8197,2098432,256,0.990763,6.0000,,
8198,2098688,256,0.987536,6.0000,,
8199,2098944,256,0.990028,6.0000,,
8200,2099200,256,0.985992,6.0000,0.994742,6.0000
8201,2099456,256,0.982929,6.0000,,
8202,2099712,256,0.986526,6.0000,,
8203,2099968,256,0.988957,6.0000,,
8204,2100224,256,0.986209,6.0000,,
8205,2100480,256,0.984382,6.0000,,
8206,2100736,256,0.982185,6.0000,,
8207,2100992,256,0.988737,6.0000,,
8208,2101248,256,0.988692,6.0000,,
8209,2101504,256,0.984674,6.0000,,
8210,2101760,256,0.988707,6.0000,,
8211,2102016,256,0.983117,6.0000,,
8212,2102272,256,0.984974,6.0000,,
8213,2102528,256,0.983421,6.0000,,
8214,2102784,256,0.985412,6.0000,,
8215,2103040,256,0.981411,6.0000,,
8216,2103296,256,0.987258,6.0000,,
8217,2103552,256,0.986240,6.0000,,
8218,2103808,256,0.985766,6.0000,,
8219,2104064,256,0.985416,6.0000,,
8220,2104320,256,0.984469,6.0000,,
8221,2104576,256,0.988888,6.0000,,
8222,2104832,256,0.983478,6.0000,,
8223,2105088,256,0.985441,6.0000,,
8224,2105344,256,0.975994,6.0000,,
8225,2105600,256,0.986164,6.0000,,
8226,2105856,256,0.982054,6.0000,,
8227,2106112,256,0.983318,6.0000,,
8228,2106368,256,0.988071,6.0000,,
8229,2106624,256,0.981878,6.0000,,
8230,2106880,256,0.979003,6.0000,,
8231,2107136,256,0.985994,6.0000,,
8232,2107392,256,0.981404,6.0000,,
8233,2107648,256,0.985270,6.0000,,
8234,2107904,256,0.988720,6.0000,,
8235,2108160,256,0.984442,6.0000,,
8236,2108416,256,0.987120,6.0000,,
8237,2108672,256,0.984175,6.0000,,
8238,2108928,256,0.986357,6.0000,,
8239,2109184,256,0.984504,6.0000,,
8240,2109440,256,0.989248,6.0000,,
8241,2109696,256,0.983411,6.0000,,
8242,2109952,256,0.987919,6.0000,,
8243,2110208,256,0.988805,6.0000,,
8244,2110464,256,0.989627,6.0000,,
8245,2110720,256,0.986128,6.0000,,
8246,2110976,256,0.986230,6.0000,,
8247,2111232,256,0.989126,6.0000,,
8248,2111488,256,0.985133,6.0000,,
8249,2111744,256,0.979348,6.0000,,
8250,2112000,256,0.989264,6.0000,,
8251,2112256,256,0.989774,6.0000,,
8252,2112512,256,0.982400,6.0000,,
8253,2112768,256,0.977786,6.0000,,
8254,2113024,256,0.982351,6.0000,,
8255,2113280,256,0.989957,6.0000,,
8256,2113536,256,0.984023,6.0000,,
8257,2113792,256,0.984698,6.0000,,
8258,2114048,256,0.982829,6.0000,,
8259,2114304,256,0.987117,6.0000,,
8260,2114560,256,0.979484,6.0000,,
8261,2114816,256,0.984415,6.0000,,
8262,2115072,256,0.983605,6.0000,,
8263,2115328,256,0.981403,6.0000,,
8264,2115584,256,0.981889,6.0000,,
8265,2115840,256,0.983977,6.0000,,
8266,2116096,256,0.982193,6.0000,,
8267,2116352,256,0.987284,6.0000,,
8268,2116608,256,0.985487,6.0000,,
8269,2116864,256,0.982172,6.0000,,
8270,2117120,256,0.985251,6.0000,,
8271,2117376,256,0.988649,6.0000,,
8272,2117632,256,0.986678,6.0000,,
8273,2117888,256,0.985047,6.0000,,
8274,2118144,256,0.982716,6.0000,,
8275,2118400,256,0.990053,6.0000,,
8276,2118656,256,0.985928,6.0000,,
8277,2118912,256,0.981364,6.0000,,
8278,2119168,256,0.987701,6.0000,,
8279,2119424,256,0.985910,6.0000,,
8280,2119680,256,0.986686,6.0000,,
8281,2119936,256,0.975857,6.0000,,
8282,2120192,256,0.986364,6.0000,,
8283,2120448,256,0.981162,6.0000,,
8284,2120704,256,0.980154,6.0000,,
8285,2120960,256,0.987519,6.0000,,
8286,2121216,256,0.986665,6.0000,,
8287,2121472,256,0.984019,6.0000,,
8288,2121728,256,0.986131,6.0000,,
8289,2121984,256,0.984879,6.0000,,
8290,2122240,256,0.982862,6.0000,,
8291,2122496,256,0.987081,6.0000,,
8292,2122752,256,0.986943,6.0000,,
8293,2123008,256,0.989313,6.0000,,
8294,2123264,256,0.984954,6.0000,,
8295,2123520,256,0.986442,6.0000,,
8296,2123776,256,0.982330,6.0000,,
8297,2124032,256,0.988626,6.0000,,
8298,2124288,256,0.980679,6.0000,,
8299,2124544,256,0.980471,6.0000,,
8300,2124800,256,0.990810,6.0000,0.993935,6.0000
8301,2125056,256,0.981984,6.0000,,
8302,2125312,256,0.981930,6.0000,,
8303,2125568,256,0.988481,6.0000,,
8304,2125824,256,0.987677,6.0000,,
8305,2126080,256,0.986300,6.0000,,
8306,2126336,256,0.984436,6.0000,,
8307,2126592,256,0.990050,6.0000,,
8308,2126848,256,0.988464,6.0000,,
8309,2127104,256,0.990219,6.0000,,
8310,2127360,256,0.986688,6.0000,,
8311,2127616,256,0.987152,6.0000,,
8312,2127872,256,0.986543,6.0000,,
8313,2128128,256,0.986896,6.0000,,
8314,2128384,256,0.981013,6.0000,,
8315,2128640,256,0.988402,6.0000,,
8316,2128896,256,0.985647,6.0000,,
8317,2129152,256,0.985378,6.0000,,
8318,2129408,256,0.986567,6.0000,,
8319,2129664,256,0.985327,6.0000,,
8320,2129920,256,0.988824,6.0000,,
8321,2130176,256,0.988462,6.0000,,
8322,2130432,256,0.987105,6.0000,,
8323,2130688,256,0.981440,6.0000,,
8324,2130944,256,0.983390,6.0000,,
8325,2131200,256,0.985748,6.0000,,
8326,2131456,256,0.985591,6.0000,,
8327,2131712,256,0.985464,6.0000,,
8328,2131968,256,0.985794,6.0000,,
8329,2132224,256,0.987078,6.0000,,
8330,2132480,256,0.986082,6.0000,,
8331,2132736,256,0.987394,6.0000,,
8332,2132992,256,0.984563,6.0000,,
8333,2133248,256,0.989013,6.0000,,
8334,2133504,256,0.975987,6.0000,,
8335,2133760,256,0.984741,6.0000,,
8336,2134016,256,0.986572,6.0000,,
8337,2134272,256,0.986135,6.0000,,
8338,2134528,256,0.979353,6.0000,,
8339,2134784,256,0.987821,6.0000,,
8340,2135040,256,0.986339,6.0000,,
8341,2135296,256,0.986131,6.0000,,
8342,2135552,256,0.987783,6.0000,,
8343,2135808,256,0.988410,6.0000,,
8344,2136064,256,0.987148,6.0000,,
8345,2136320,256,0.980191,6.0000,,
8346,2136576,256,0.988318,6.0000,,
8347,2136832,256,0.987981,6.0000,,
8348,2137088,256,0.982243,6.0000,,
8349,2137344,256,0.989225,6.0000,,
8350,2137600,256,0.986769,6.0000,,
8351,2137856,256,0.990156,6.0000,,
8352,2138112,256,0.988704,6.0000,,
8353,2138368,256,0.977161,6.0000,,
8354,2138624,256,0.986962,6.0000,,
8355,2138880,256,0.988836,6.0000,,
8356,2139136,256,0.987342,6.0000,,
8357,2139392,256,0.981127,6.0000,,
8358,2139648,256,0.987841,6.0000,,
8359,2139904,256,0.986106,6.0000,,
8360,2140160,256,0.982833,6.0000,,
8361,2140416,256,0.988076,6.0000,,
8362,2140672,256,0.985930,6.0000,,
8363,2140928,256,0.985772,6.0000,,
8364,2141184,256,0.986919,6.0000,,
8365,2141440,256,0.985774,6.0000,,
8366,2141696,256,0.982287,6.0000,,
8367,2141952,256,0.986670,6.0000,,
8368,2142208,256,0.980213,6.0000,,
8369,2142464,256,0.981394,6.0000,,
8370,2142720,256,0.987387,6.0000,,
8371,2142976,256,0.985248,6.0000,,
8372,2143232,256,0.985911,6.0000,,
8373,2143488,256,0.985789,6.0000,,
8374,2143744,256,0.984726,6.0000,,
8375,2144000,256,0.985005,6.0000,,
8376,2144256,256,0.988953,6.0000,,
8377,2144512,256,0.981691,6.0000,,
8378,2144768,256,0.985069,6.0000,,
8379,2145024,256,0.990926,6.0000,,
8380,2145280,256,0.984164,6.0000,,
8381,2145536,256,0.985230,6.0000,,
8382,2145792,256,0.987669,6.0000,,
8383,2146048,256,0.988882,6.0000,,
8384,2146304,256,0.990036,6.0000,,
8385,2146560,256,0.986508,6.0000,,
8386,2146816,256,0.985636,6.0000,,
8387,2147072,256,0.985168,6.0000,,
8388,2147328,256,0.989679,6.0000,,
8389,2147584,256,0.982130,6.0000,,
8390,2147840,256,0.986373,6.0000,,
8391,2148096,256,0.985433,6.0000,,
8392,2148352,256,0.988912,6.0000,,
8393,2148608,256,0.983387,6.0000,,
8394,2148864,256,0.987724,6.0000,,
8395,2149120,256,0.988814,6.0000,,
8396,2149376,256,0.986465,6.0000,,
8397,2149632,256,0.989464,6.0000,,
8398,2149888,256,0.988639,6.0000,,
8399,2150144,256,0.987365,6.0000,,
8400,2150400,256,0.985158,6.0000,0.993679,6.0000
8401,2150656,256,0.986678,6.0000,,
8402,2150912,256,0.989223,6.0000,,
8403,2151168,256,0.982156,6.0000,,
8404,2151424,256,0.984390,6.0000,,
8405,2151680,256,0.986505,6.0000,,
8406,2151936,256,0.987307,6.0000,,
8407,2152192,256,0.983170,6.0000,,
8408,2152448,256,0.984767,6.0000,,
8409,2152704,256,0.989202,6.0000,,
8410,2152960,256,0.989599,6.0000,,
8411,2153216,256,0.982133,6.0000,,
8412,2153472,256,0.989862,6.0000,,
8413,2153728,256,0.983559,6.0000,,
8414,2153984,256,0.986750,6.0000,,
8415,2154240,256,0.985293,6.0000,,
8416,2154496,256,0.988327,6.0000,,
8417,2154752,256,0.979772,6.0000,,
8418,2155008,256,0.990283,6.0000,,
8419,2155264,256,0.984980,6.0000,,
8420,2155520,256,0.983773,6.0000,,
8421,2155776,256,0.986276,6.0000,,
8422,2156032,256,0.989628,6.0000,,
8423,2156288,256,0.984948,6.0000,,
8424,2156544,256,0.986472,6.0000,,
8425,2156800,256,0.987055,6.0000,,
8426,2157056,256,0.984136,6.0000,,
8427,2157312,256,0.975592,6.0000,,
8428,2157568,256,0.983780,6.0000,,
8429,2157824,256,0.985599,6.0000,,
8430,2158080,256,0.983058,6.0000,,
8431,2158336,256,0.983435,6.0000,,
8432,2158592,256,0.982983,6.0000,,
8433,2158848,256,0.988350,6.0000,,
8434,2159104,256,0.987749,6.0000,,
8435,2159360,256,0.981712,6.0000,,
8436,2159616,256,0.988708,6.0000,,
8437,2159872,256,0.978495,6.0000,,
8438,2160128,256,0.987651,6.0000,,
8439,2160384,256,0.990446,6.0000,,
8440,2160640,256,0.983793,6.0000,,
8441,2160896,256,0.980177,6.0000,,
8442,2161152,256,0.983023,6.0000,,
8443,2161408,256,0.988825,6.0000,,
8444,2161664,256,0.987592,6.0000,,
8445,2161920,256,0.981032,6.0000,,
8446,2162176,256,0.983736,6.0000,,
8447,2162432,256,0.988526,6.0000,,
8448,2162688,256,0.986905,6.0000,,
8449,2162944,256,0.985256,6.0000,,
8450,2163200,256,0.987329,6.0000,,
8451,2163456,256,0.987068,6.0000,,
8452,2163712,256,0.980170,6.0000,,
8453,2163968,256,0.988394,6.0000,,
8454,2164224,256,0.982998,6.0000,,
8455,2164480,256,0.983415,6.0000,,
8456,2164736,256,0.983335,6.0000,,
8457,2164992,256,0.986409,6.0000,,
8458,2165248,256,0.984037,6.0000,,
8459,2165504,256,0.983863,6.0000,,
8460,2165760,256,0.984155,6.0000,,
8461,2166016,256,0.982412,6.0000,,
8462,2166272,256,0.989226,6.0000,,
8463,2166528,256,0.984486,6.0000,,
8464,2166784,256,0.986912,6.0000,,
8465,2167040,256,0.983263,6.0000,,
8466,2167296,256,0.989613,6.0000,,
8467,2167552,256,0.983504,6.0000,,
8468,2167808,256,0.984825,6.0000,,
8469,2168064,256,0.987840,6.0000,,
8470,2168320,256,0.981994,6.0000,,
8471,2168576,256,0.985562,6.0000,,
8472,2168832,256,0.988217,6.0000,,
8473,2169088,256,0.987458,6.0000,,
8474,2169344,256,0.978489,6.0000,,
8475,2169600,256,0.986729,6.0000,,
8476,2169856,256,0.979629,6.0000,,
8477,2170112,256,0.987983,6.0000,,
8478,2170368,256,0.983593,6.0000,,
8479,2170624,256,0.984172,6.0000,,
8480,2170880,256,0.981838,6.0000,,
8481,2171136,256,0.986509,6.0000,,
8482,2171392,256,0.987234,6.0000,,
8483,2171648,256,0.984049,6.0000,,
8484,2171904,256,0.981382,6.0000,,
8485,2172160,256,0.987693,6.0000,,
8486,2172416,256,0.989346,6.0000,,
8487,2172672,256,0.983840,6.0000,,
8488,2172928,256,0.985928,6.0000,,
8489,2173184,256,0.986331,6.0000,,
8490,2173440,256,0.988732,6.0000,,
8491,2173696,256,0.983468,6.0000,,
8492,2173952,256,0.988226,6.0000,,
8493,2174208,256,0.983498,6.0000,,
8494,2174464,256,0.986992,6.0000,,
8495,2174720,256,0.987917,6.0000,,
8496,2174976,256,0.984502,6.0000,,
8497,2175232,256,0.979984,6.0000,,
8498,2175488,256,0.987162,6.0000,,
8499,2175744,256,0.984228,6.0000,,
8500,2176000,256,0.980515,6.0000,0.993825,6.0000
8501,2176256,256,0.984047,6.0000,,
8502,2176512,256,0.986146,6.0000,,
8503,2176768,256,0.988525,6.0000,,
8504,2177024,256,0.981315,6.0000,,
8505,2177280,256,0.988277,6.0000,,
8506,2177536,256,0.986695,6.0000,,
8507,2177792,256,0.985278,6.0000,,
8508,2178048,256,0.986180,6.0000,,
8509,2178304,256,0.988792,6.0000,,
8510,2178560,256,0.983913,6.0000,,
8511,2178816,256,0.980192,6.0000,,
8512,2179072,256,0.985796,6.0000,,
8513,2179328,256,0.980342,6.0000,,
8514,2179584,256,0.982355,6.0000,,
8515,2179840,256,0.987589,6.0000,,
8516,2180096,256,0.984100,6.0000,,
8517,2180352,256,0.986624,6.0000,,
8518,2180608,256,0.983819,6.0000,,
8519,2180864,256,0.984753,6.0000,,
8520,2181120,256,0.980997,6.0000,,
8521,2181376,256,0.986323,6.0000,,
8522,2181632,256,0.989897,6.0000,,
8523,2181888,256,0.983465,6.0000,,
8524,2182144,256,0.989599,6.0000,,
8525,2182400,256,0.984277,6.0000,,
8526,2182656,256,0.981922,6.0000,,
8527,2182912,256,0.987491,6.0000,,
8528,2183168,256,0.986646,6.0000,,
8529,2183424,256,0.980780,6.0000,,
8530,2183680,256,0.985084,6.0000,,
8531,2183936,256,0.985754,6.0000,,
8532,2184192,256,0.980051,6.0000,,
8533,2184448,256,0.979039,6.0000,,
8534,2184704,256,0.988867,6.0000,,
8535,2184960,256,0.984000,6.0000,,
8536,2185216,256,0.979561,6.0000,,
8537,2185472,256,0.988052,6.0000,,
8538,2185728,256,0.987848,6.0000,,
8539,2185984,256,0.975375,6.0000,,
8540,2186240,256,0.989056,6.0000,,
8541,2186496,256,0.984100,6.0000,,
8542,2186752,256,0.985707,6.0000,,
8543,2187008,256,0.986489,6.0000,,
8544,2187264,256,0.983246,6.0000,,
8545,2187520,256,0.977208,6.0000,,
8546,2187776,256,0.981972,6.0000,,
8547,2188032,256,0.985299,6.0000,,
8548,2188288,256,0.984999,6.0000,,
8549,2188544,256,0.983757,6.0000,,
8550,2188800,256,0.979554,6.0000,,
8551,2189056,256,0.986416,6.0000,,
8552,2189312,256,0.984624,6.0000,,
8553,2189568,256,0.976960,6.0000,,
8554,2189824,256,0.981337,6.0000,,
8555,2190080,256,0.985203,6.0000,,
8556,2190336,256,0.978310,6.0000,,
8557,2190592,256,0.981106,6.0000,,
8558,2190848,256,0.988863,6.0000,,
8559,2191104,256,0.986387,6.0000,,
8560,2191360,256,0.980477,6.0000,,
8561,2191616,256,0.984926,6.0000,,
8562,2191872,256,0.983496,6.0000,,
8563,2192128,256,0.985323,6.0000,,
8564,2192384,256,0.981488,6.0000,,
8565,2192640,256,0.977910,6.0000,,
8566,2192896,256,0.981252,6.0000,,
8567,2193152,256,0.985959,6.0000,,
8568,2193408,256,0.987601,6.0000,,
8569,2193664,256,0.981337,6.0000,,
8570,2193920,256,0.979797,6.0000,,
8571,2194176,256,0.979163,6.0000,,
8572,2194432,256,0.979718,6.0000,,
8573,2194688,256,0.985707,6.0000,,
8574,2194944,256,0.983356,6.0000,,
8575,2195200,256,0.980316,6.0000,,
8576,2195456,256,0.979618,6.0000,,
8577,2195712,256,0.985896,6.0000,,
8578,2195968,256,0.981800,6.0000,,
8579,2196224,256,0.982737,6.0000,,
8580,2196480,256,0.985979,6.0000,,
8581,2196736,256,0.983526,6.0000,,
8582,2196992,256,0.984634,6.0000,,
8583,2197248,256,0.986890,6.0000,,
8584,2197504,256,0.984409,6.0000,,
8585,2197760,256,0.982390,6.0000,,
8586,2198016,256,0.986465,6.0000,,
8587,2198272,256,0.984525,6.0000,,
8588,2198528,256,0.988116,6.0000,,
8589,2198784,256,0.986090,6.0000,,
8590,2199040,256,0.988120,6.0000,,
8591,2199296,256,0.986324,6.0000,,
8592,2199552,256,0.977663,6.0000,,
8593,2199808,256,0.984538,6.0000,,
8594,2200064,256,0.981311,6.0000,,
8595,2200320,256,0.988349,6.0000,,
8596,2200576,256,0.988320,6.0000,,
8597,2200832,256,0.985525,6.0000,,
8598,2201088,256,0.988411,6.0000,,
8599,2201344,256,0.990427,6.0000,,
8600,2201600,256,0.986357,6.0000,0.994021,6.0000
8601,2201856,256,0.983755,6.0000,,
8602,2202112,256,0.982076,6.0000,,
8603,2202368,256,0.988210,6.0000,,
8604,2202624,256,0.987019,6.0000,,
8605,2202880,256,0.987657,6.0000,,
8606,2203136,256,0.986882,6.0000,,
8607,2203392,256,0.982916,6.0000,,
8608,2203648,256,0.989497,6.0000,,
8609,2203904,256,0.984730,6.0000,,
8610,2204160,256,0.984446,6.0000,,
8611,2204416,256,0.990226,6.0000,,
8612,2204672,256,0.982176,6.0000,,
8613,2204928,256,0.987846,6.0000,,
8614,2205184,256,0.988390,6.0000,,
8615,2205440,256,0.982056,6.0000,,
8616,2205696,256,0.991146,6.0000,,
8617,2205952,256,0.988134,6.0000,,
8618,2206208,256,0.989395,6.0000,,
8619,2206464,256,0.985872,6.0000,,
8620,2206720,256,0.984209,6.0000,,
8621,2206976,256,0.990978,6.0000,,
8622,2207232,256,0.983438,6.0000,,
8623,2207488,256,0.987803,6.0000,,
8624,2207744,256,0.987974,6.0000,,
8625,2208000,256,0.989719,6.0000,,
8626,2208256,256,0.982455,6.0000,,
8627,2208512,256,0.977185,6.0000,,
8628,2208768,256,0.981551,6.0000,,
8629,2209024,256,0.988435,6.0000,,
8630,2209280,256,0.987326,6.0000,,
8631,2209536,256,0.977776,6.0000,,
8632,2209792,256,0.985199,6.0000,,
8633,2210048,256,0.978734,6.0000,,
8634,2210304,256,0.985218,6.0000,,
8635,2210560,256,0.984737,6.0000,,
8636,2210816,256,0.984291,6.0000,,
8637,2211072,256,0.986195,6.0000,,
8638,2211328,256,0.988472,6.0000,,
8639,2211584,256,0.982992,6.0000,,
8640,2211840,256,0.978979,6.0000,,
8641,2212096,256,0.983728,6.0000,,
8642,2212352,256,0.982740,6.0000,,
8643,2212608,256,0.983233,6.0000,,
8644,2212864,256,0.983459,6.0000,,
8645,2213120,256,0.983552,6.0000,,
8646,2213376,256,0.985372,6.0000,,
8647,2213632,256,0.978167,6.0000,,
8648,2213888,256,0.984541,6.0000,,
8649,2214144,256,0.983383,6.0000,,
8650,2214400,256,0.986050,6.0000,,
8651,2214656,256,0.982156,6.0000,,
8652,2214912,256,0.987086,6.0000,,
8653,2215168,256,0.975979,6.0000,,
8654,2215424,256,0.985489,6.0000,,
8655,2215680,256,0.986459,6.0000,,
8656,2215936,256,0.985124,6.0000,,
8657,2216192,256,0.985736,6.0000,,
8658,2216448,256,0.986520,6.0000,,
8659,2216704,256,0.986072,6.0000,,
8660,2216960,256,0.984984,6.0000,,
8661,2217216,256,0.988218,6.0000,,
8662,2217472,256,0.988910,6.0000,,
8663,2217728,256,0.986963,6.0000,,
8664,2217984,256,0.985050,6.0000,,
8665,2218240,256,0.990052,6.0000,,
8666,2218496,256,0.982891,6.0000,,
8667,2218752,256,0.984827,6.0000,,
8668,2219008,256,0.984155,6.0000,,
8669,2219264,256,0.988067,6.0000,,
8670,2219520,256,0.986741,6.0000,,
8671,2219776,256,0.983683,6.0000,,
8672,2220032,256,0.987546,6.0000,,
8673,2220288,256,0.983727,6.0000,,
8674,2220544,256,0.987358,6.0000,,
8675,2220800,256,0.989853,6.0000,,
8676,2221056,256,0.985164,6.0000,,
8677,2221312,256,0.980875,6.0000,,
8678,2221568,256,0.980119,6.0000,,
8679,2221824,256,0.984469,6.0000,,
8680,2222080,256,0.986143,6.0000,,
8681,2222336,256,0.985398,6.0000,,
8682,2222592,256,0.986248,6.0000,,
8683,2222848,256,0.980765,6.0000,,
8684,2223104,256,0.987387,6.0000,,
8685,2223360,256,0.986618,6.0000,,
8686,2223616,256,0.987103,6.0000,,
8687,2223872,256,0.983294,6.0000,,
8688,2224128,256,0.981132,6.0000,,
8689,2224384,256,0.984107,6.0000,,
8690,2224640,256,0.985317,6.0000,,
8691,2224896,256,0.989735,6.0000,,
8692,2225152,256,0.984798,6.0000,,
8693,2225408,256,0.985910,6.0000,,
8694,2225664,256,0.988019,6.0000,,
8695,2225920,256,0.978707,6.0000,,
8696,2226176,256,0.984400,6.0000,,
8697,2226432,256,0.987316,6.0000,,
8698,2226688,256,0.982527,6.0000,,
8699,2226944,256,0.987863,6.0000,,
8700,2227200,256,0.986121,6.0000,0.993685,6.0000
8701,2227456,256,0.983577,6.0000,,
8702,2227712,256,0.983568,6.0000,,
8703,2227968,256,0.978592,6.0000,,
8704,2228224,256,0.988397,6.0000,,
8705,2228480,256,0.985324,6.0000,,
8706,2228736,256,0.986614,6.0000,,
8707,2228992,256,0.985343,6.0000,,
8708,2229248,256,0.986753,6.0000,,
8709,2229504,256,0.989142,6.0000,,
8710,2229760,256,0.984389,6.0000,,
8711,2230016,256,0.990069,6.0000,,
8712,2230272,256,0.986186,6.0000,,
8713,2230528,256,0.989393,6.0000,,
8714,2230784,256,0.985472,6.0000,,
8715,2231040,256,0.985503,6.0000,,
8716,2231296,256,0.990329,6.0000,,
8717,2231552,256,0.983811,6.0000,,
8718,2231808,256,0.986570,6.0000,,
8719,2232064,256,0.987335,6.0000,,
8720,2232320,256,0.983311,6.0000,,
8721,2232576,256,0.983322,6.0000,,
8722,2232832,256,0.990699,6.0000,,
8723,2233088,256,0.986132,6.0000,,
8724,2233344,256,0.987057,6.0000,,
8725,2233600,256,0.982676,6.0000,,
8726,2233856,256,0.983338,6.0000,,
8727,2234112,256,0.988615,6.0000,,
8728,2234368,256,0.986793,6.0000,,
8729,2234624,256,0.985400,6.0000,,
8730,2234880,256,0.987255,6.0000,,
8731,2235136,256,0.987011,6.0000,,
8732,2235392,256,0.987404,6.0000,,
8733,2235648,256,0.984287,6.0000,,
8734,2235904,256,0.981549,6.0000,,
8735,2236160,256,0.986863,6.0000,,
8736,2236416,256,0.985020,6.0000,,
8737,2236672,256,0.985926,6.0000,,
8738,2236928,256,0.987827,6.0000,,
8739,2237184,256,0.988804,6.0000,,
8740,2237440,256,0.984034,6.0000,,
8741,2237696,256,0.982750,6.0000,,
8742,2237952,256,0.979618,6.0000,,
8743,2238208,256,0.985340,6.0000,,
8744,2238464,256,0.987846,6.0000,,
8745,2238720,256,0.985004,6.0000,,
8746,2238976,256,0.984513,6.0000,,
8747,2239232,256,0.981925,6.0000,,
8748,2239488,256,0.978980,6.0000,,
8749,2239744,256,0.987572,6.0000,,
8750,2240000,256,0.988780,6.0000,,
8751,2240256,256,0.981115,6.0000,,
8752,2240512,256,0.987319,6.0000,,
8753,2240768,256,0.985469,6.0000,,
8754,2241024,256,0.989855,6.0000,,
8755,2241280,256,0.984747,6.0000,,
8756,2241536,256,0.983460,6.0000,,
8757,2241792,256,0.989380,6.0000,,
8758,2242048,256,0.988940,6.0000,,
8759,2242304,256,0.984499,6.0000,,
8760,2242560,256,0.989516,6.0000,,
8761,2242816,256,0.984673,6.0000,,
8762,2243072,256,0.983635,6.0000,,
8763,2243328,256,0.983769,6.0000,,
8764,2243584,256,0.985711,6.0000,,
8765,2243840,256,0.982563,6.0000,,
8766,2244096,256,0.981889,6.0000,,
8767,2244352,256,0.990523,6.0000,,
8768,2244608,256,0.990638,6.0000,,
8769,2244864,256,0.985617,6.0000,,
8770,2245120,256,0.985915,6.0000,,
8771,2245376,256,0.982675,6.0000,,
8772,2245632,256,0.986874,6.0000,,
8773,2245888,256,0.988614,6.0000,,
8774,2246144,256,0.979613,6.0000,,
8775,2246400,256,0.987028,6.0000,,
8776,2246656,256,0.981016,6.0000,,
8777,2246912,256,0.985895,6.0000,,
8778,2247168,256,0.985074,6.0000,,
8779,2247424,256,0.987321,6.0000,,
8780,2247680,256,0.984586,6.0000,,
8781,2247936,256,0.981484,6.0000,,
8782,2248192,256,0.986742,6.0000,,
8783,2248448,256,0.984775,6.0000,,
8784,2248704,256,0.981323,6.0000,,
8785,2248960,256,0.982924,6.0000,,
8786,2249216,256,0.988473,6.0000,,
8787,2249472,256,0.990529,6.0000,,
8788,2249728,256,0.987915,6.0000,,
8789,2249984,256,0.979040,6.0000,,
8790,2250240,256,0.984132,6.0000,,
8791,2250496,256,0.986364,6.0000,,
8792,2250752,256,0.986049,6.0000,,
8793,2251008,256,0.984854,6.0000,,
8794,2251264,256,0.986342,6.0000,,
8795,2251520,256,0.988991,6.0000,,
8796,2251776,256,0.987255,6.0000,,
8797,2252032,256,0.989594,6.0000,,
8798,2252288,256,0.986715,6.0000,,
8799,2252544,256,0.985311,6.0000,,
8800,2252800,256,0.989616,6.0000,0.994656,6.0000
8801,2253056,256,0.986666,6.0000,,
8802,2253312,256,0.984931,6.0000,,
8803,2253568,256,0.980235,6.0000,,
8804,2253824,256,0.987207,6.0000,,
8805,2254080,256,0.991112,6.0000,,
8806,2254336,256,0.987460,6.0000,,
8807,2254592,256,0.986660,6.0000,,
8808,2254848,256,0.990090,6.0000,,
8809,2255104,256,0.988309,6.0000,,
8810,2255360,256,0.987699,6.0000,,
8811,2255616,256,0.983287,6.0000,,
8812,2255872,256,0.982784,6.0000,,
8813,2256128,256,0.984921,6.0000,,
8814,2256384,256,0.983408,6.0000,,
8815,2256640,256,0.981802,6.0000,,
8816,2256896,256,0.988416,6.0000,,
8817,2257152,256,0.989399,6.0000,,
8818,2257408,256,0.989830,6.0000,,
8819,2257664,256,0.986911,6.0000,,
8820,2257920,256,0.984825,6.0000,,
8821,2258176,256,0.987340,6.0000,,
8822,2258432,256,0.987431,6.0000,,
8823,2258688,256,0.983849,6.0000,,
8824,2258944,256,0.983185,6.0000,,
8825,2259200,256,0.984082,6.0000,,
8826,2259456,256,0.973733,6.0000,,
8827,2259712,256,0.984006,6.0000,,
8828,2259968,256,0.985706,6.0000,,
8829,2260224,256,0.983200,6.0000,,
8830,2260480,256,0.989057,6.0000,,
8831,2260736,256,0.985613,6.0000,,
8832,2260992,256,0.985123,6.0000,,
8833,2261248,256,0.984288,6.0000,,
8834,2261504,256,0.983090,6.0000,,
8835,2261760,256,0.985319,6.0000,,
8836,2262016,256,0.985810,6.0000,,
8837,2262272,256,0.983398,6.0000,,
8838,2262528,256,0.988999,6.0000,,
8839,2262784,256,0.984467,6.0000,,
8840,2263040,256,0.980333,6.0000,,
8841,2263296,256,0.986827,6.0000,,
8842,2263552,256,0.992033,6.0000,,
8843,2263808,256,0.989006,6.0000,,
8844,2264064,256,0.982356,6.0000,,
8845,2264320,256,0.983657,6.0000,,
8846,2264576,256,0.983079,6.0000,,
8847,2264832,256,0.980570,6.0000,,
8848,2265088,256,0.992087,6.0000,,
8849,2265344,256,0.983052,6.0000,,
8850,2265600,256,0.986041,6.0000,,
8851,2265856,256,0.985916,6.0000,,
8852,2266112,256,0.985763,6.0000,,
8853,2266368,256,0.992614,6.0000,,
8854,2266624,256,0.985683,6.0000,,
8855,2266880,256,0.987612,6.0000,,
8856,2267136,256,0.988362,6.0000,,
8857,2267392,256,0.983110,6.0000,,
8858,2267648,256,0.983639,6.0000,,
8859,2267904,256,0.982880,6.0000,,
8860,2268160,256,0.983195,6.0000,,
8861,2268416,256,0.983253,6.0000,,
8862,2268672,256,0.989253,6.0000,,
8863,2268928,256,0.980648,6.0000,,
8864,2269184,256,0.985382,6.0000,,
8865,2269440,256,0.986442,6.0000,,
8866,2269696,256,0.987232,6.0000,,
8867,2269952,256,0.988307,6.0000,,
8868,2270208,256,0.987019,6.0000,,
8869,2270464,256,0.984535,6.0000,,
8870,2270720,256,0.983640,6.0000,,
8871,2270976,256,0.987195,6.0000,,
8872,2271232,256,0.984625,6.0000,,
8873,2271488,256,0.985660,6.0000,,
8874,2271744,256,0.983976,6.0000,,
8875,2272000,256,0.984110,6.0000,,
8876,2272256,256,0.985224,6.0000,,
8877,2272512,256,0.982367,6.0000,,
8878,2272768,256,0.989769,6.0000,,
8879,2273024,256,0.985043,6.0000,,
8880,2273280,256,0.985400,6.0000,,
8881,2273536,256,0.989051,6.0000,,
8882,2273792,256,0.982118,6.0000,,
8883,2274048,256,0.989480,6.0000,,
8884,2274304,256,0.989271,6.0000,,
8885,2274560,256,0.989707,6.0000,,
8886,2274816,256,0.986134,6.0000,,
8887,2275072,256,0.983249,6.0000,,
8888,2275328,256,0.986920,6.0000,,
8889,2275584,256,0.987959,6.0000,,
8890,2275840,256,0.985789,6.0000,,
8891,2276096,256,0.982835,6.0000,,
8892,2276352,256,0.988078,6.0000,,
8893,2276608,256,0.987469,6.0000,,
8894,2276864,256,0.982179,6.0000,,
8895,2277120,256,0.981151,6.0000,,
8896,2277376,256,0.987879,6.0000,,
8897,2277632,256,0.989848,6.0000,,
8898,2277888,256,0.987939,6.0000,,
8899,2278144,256,0.982697,6.0000,,
8900,2278400,256,0.989377,6.0000,0.994023,6.0000
8901,2278656,256,0.982569,6.0000,,
8902,2278912,256,0.982268,6.0000,,
8903,2279168,256,0.989777,6.0000,,
8904,2279424,256,0.987364,6.0000,,
8905,2279680,256,0.986577,6.0000,,
8906,2279936,256,0.985028,6.0000,,
8907,2280192,256,0.988804,6.0000,,
8908,2280448,256,0.982478,6.0000,,
8909,2280704,256,0.990544,6.0000,,
8910,2280960,256,0.982460,6.0000,,
8911,2281216,256,0.985133,6.0000,,
8912,2281472,256,0.989805,6.0000,,
8913,2281728,256,0.990478,6.0000,,
8914,2281984,256,0.985424,6.0000,,
8915,2282240,256,0.987011,6.0000,,
8916,2282496,256,0.985015,6.0000,,
8917,2282752,256,0.985330,6.0000,,
8918,2283008,256,0.989210,6.0000,,
8919,2283264,256,0.982758,6.0000,,
8920,2283520,256,0.988052,6.0000,,
8921,2283776,256,0.986856,6.0000,,
8922,2284032,256,0.983412,6.0000,,
8923,2284288,256,0.986174,6.0000,,
8924,2284544,256,0.982732,6.0000,,
8925,2284800,256,0.986021,6.0000,,
8926,2285056,256,0.984253,6.0000,,
8927,2285312,256,0.990604,6.0000,,
8928,2285568,256,0.985818,6.0000,,
8929,2285824,256,0.987004,6.0000,,
8930,2286080,256,0.987269,6.0000,,
8931,2286336,256,0.984486,6.0000,,
8932,2286592,256,0.990571,6.0000,,
8933,2286848,256,0.986936,6.0000,,
8934,2287104,256,0.988331,6.0000,,
8935,2287360,256,0.980838,6.0000,,
8936,2287616,256,0.985039,6.0000,,
8937,2287872,256,0.990268,6.0000,,
8938,2288128,256,0.980803,6.0000,,
8939,2288384,256,0.985196,6.0000,,
8940,2288640,256,0.982421,6.0000,,
8941,2288896,256,0.989333,6.0000,,
8942,2289152,256,0.987477,6.0000,,
8943,2289408,256,0.986760,6.0000,,
8944,2289664,256,0.985252,6.0000,,
8945,2289920,256,0.981854,6.0000,,
8946,2290176,256,0.982607,6.0000,,
8947,2290432,256,0.983271,6.0000,,
8948,2290688,256,0.981123,6.0000,,
8949,2290944,256,0.985813,6.0000,,
8950,2291200,256,0.988109,6.0000,,
8951,2291456,256,0.978444,6.0000,,
8952,2291712,256,0.985439,6.0000,,
8953,2291968,256,0.987848,6.0000,,
8954,2292224,256,0.982506,6.0000,,
8955,2292480,256,0.987084,6.0000,,
8956,2292736,256,0.985231,6.0000,,
8957,2292992,256,0.979921,6.0000,,
8958,2293248,256,0.979703,6.0000,,
8959,2293504,256,0.984577,6.0000,,
8960,2293760,256,0.985070,6.0000,,
8961,2294016,256,0.978296,6.0000,,
8962,2294272,256,0.982753,6.0000,,
8963,2294528,256,0.989224,6.0000,,
8964,2294784,256,0.983938,6.0000,,
8965,2295040,256,0.985643,6.0000,,
8966,2295296,256,0.984723,6.0000,,
8967,2295552,256,0.984925,6.0000,,
8968,2295808,256,0.985289,6.0000,,
8969,2296064,256,0.985106,6.0000,,
8970,2296320,256,0.983959,6.0000,,
8971,2296576,256,0.981149,6.0000,,
8972,2296832,256,0.985489,6.0000,,
8973,2297088,256,0.986758,6.0000,,
8974,2297344,256,0.989347,6.0000,,
8975,2297600,256,0.987627,6.0000,,
8976,2297856,256,0.989401,6.0000,,
8977,2298112,256,0.980531,6.0000,,
8978,2298368,256,0.984177,6.0000,,
8979,2298624,256,0.983921,6.0000,,
8980,2298880,256,0.986747,6.0000,,
8981,2299136,256,0.987638,6.0000,,
8982,2299392,256,0.984780,6.0000,,
8983,2299648,256,0.987809,6.0000,,
8984,2299904,256,0.986369,6.0000,,
8985,2300160,256,0.988778,6.0000,,
8986,2300416,256,0.987776,6.0000,,
8987,2300672,256,0.987031,6.0000,,
8988,2300928,256,0.983164,6.0000,,
8989,2301184,256,0.981995,6.0000,,
8990,2301440,256,0.988227,6.0000,,
8991,2301696,256,0.987071,6.0000,,
8992,2301952,256,0.988481,6.0000,,
8993,2302208,256,0.986772,6.0000,,
8994,2302464,256,0.988803,6.0000,,
8995,2302720,256,0.991347,6.0000,,
8996,2302976,256,0.990717,6.0000,,
8997,2303232,256,0.990648,6.0000,,
8998,2303488,256,0.983270,6.0000,,
8999,2303744,256,0.983279,6.0000,,
9000,2304000,256,0.985201,6.0000,0.992700,6.0000
9001,2304256,256,0.984470,6.0000,,
9002,2304512,256,0.989333,6.0000,,
9003,2304768,256,0.989955,6.0000,,
9004,2305024,256,0.988560,6.0000,,
9005,2305280,256,0.986301,6.0000,,
9006,2305536,256,0.985170,6.0000,,
9007,2305792,256,0.986169,6.0000,,
9008,2306048,256,0.990065,6.0000,,
9009,2306304,256,0.984339,6.0000,,
9010,2306560,256,0.981665,6.0000,,
9011,2306816,256,0.982985,6.0000,,
9012,2307072,256,0.989164,6.0000,,
9013,2307328,256,0.977567,6.0000,,
9014,2307584,256,0.984234,6.0000,,
9015,2307840,256,0.982725,6.0000,,
9016,2308096,256,0.985382,6.0000,,
9017,2308352,256,0.985786,6.0000,,
9018,2308608,256,0.981023,6.0000,,
9019,2308864,256,0.986380,6.0000,,
9020,2309120,256,0.990341,6.0000,,
9021,2309376,256,0.982449,6.0000,,
9022,2309632,256,0.984080,6.0000,,
9023,2309888,256,0.986142,6.0000,,
9024,2310144,256,0.987913,6.0000,,
9025,2310400,256,0.984131,6.0000,,
9026,2310656,256,0.979477,6.0000,,
9027,2310912,256,0.986443,6.0000,,
9028,2311168,256,0.989308,6.0000,,
9029,2311424,256,0.986626,6.0000,,
9030,2311680,256,0.985935,6.0000,,
9031,2311936,256,0.988419,6.0000,,
9032,2312192,256,0.989226,6.0000,,
9033,2312448,256,0.985109,6.0000,,
9034,2312704,256,0.987175,6.0000,,
9035,2312960,256,0.986449,6.0000,,
9036,2313216,256,0.981120,6.0000,,
9037,2313472,256,0.990778,6.0000,,
9038,2313728,256,0.984629,6.0000,,
9039,2313984,256,0.987212,6.0000,,
9040,2314240,256,0.988519,6.0000,,
9041,2314496,256,0.990072,6.0000,,
9042,2314752,256,0.988406,6.0000,,
9043,2315008,256,0.988867,6.0000,,
9044,2315264,256,0.989891,6.0000,,
9045,2315520,256,0.987295,6.0000,,
9046,2315776,256,0.985730,6.0000,,
9047,2316032,256,0.990461,6.0000,,
9048,2316288,256,0.988961,6.0000,,
9049,2316544,256,0.990169,6.0000,,
9050,2316800,256,0.990742,6.0000,,
9051,2317056,256,0.985513,6.0000,,
9052,2317312,256,0.989503,6.0000,,
9053,2317568,256,0.989035,6.0000,,
9054,2317824,256,0.986529,6.0000,,
9055,2318080,256,0.988050,6.0000,,
9056,2318336,256,0.990234,6.0000,,
9057,2318592,256,0.988216,6.0000,,
9058,2318848,256,0.987779,6.0000,,
9059,2319104,256,0.988219,6.0000,,
9060,2319360,256,0.988106,6.0000,,
9061,2319616,256,0.979103,6.0000,,
9062,2319872,256,0.986599,6.0000,,
9063,2320128,256,0.985352,6.0000,,
9064,2320384,256,0.984556,6.0000,,
9065,2320640,256,0.984493,6.0000,,
9066,2320896,256,0.985483,6.0000,,
9067,2321152,256,0.986863,6.0000,,
9068,2321408,256,0.989859,6.0000,,
9069,2321664,256,0.980325,6.0000,,
9070,2321920,256,0.979206,6.0000,,
9071,2322176,256,0.989522,6.0000,,
9072,2322432,256,0.986747,6.0000,,
9073,2322688,256,0.978215,6.0000,,
9074,2322944,256,0.986565,6.0000,,
9075,2323200,256,0.984605,6.0000,,
9076,2323456,256,0.984811,6.0000,,
9077,2323712,256,0.988231,6.0000,,
9078,2323968,256,0.984073,6.0000,,
9079,2324224,256,0.985072,6.0000,,
9080,2324480,256,0.987622,6.0000,,
9081,2324736,256,0.985258,6.0000,,
9082,2324992,256,0.985419,6.0000,,
9083,2325248,256,0.988967,6.0000,,
9084,2325504,256,0.986469,6.0000,,
9085,2325760,256,0.982888,6.0000,,
9086,2326016,256,0.986702,6.0000,,
9087,2326272,256,0.986381,6.0000,,
9088,2326528,256,0.987575,6.0000,,
9089,2326784,256,0.988453,6.0000,,
9090,2327040,256,0.992150,6.0000,,
9091,2327296,256,0.985149,6.0000,,
9092,2327552,256,0.987514,6.0000,,
9093,2327808,256,0.991459,6.0000,,
9094,2328064,256,0.989982,6.0000,,
9095,2328320,256,0.982700,6.0000,,
9096,2328576,256,0.987755,6.0000,,
9097,2328832,256,0.990153,6.0000,,
9098,2329088,256,0.986633,6.0000,,
9099,2329344,256,0.987236,6.0000,,
9100,2329600,256,0.982753,6.0000,0.995923,6.0000
9101,2329856,256,0.989886,6.0000,,
9102,2330112,256,0.989122,6.0000,,
9103,2330368,256,0.987262,6.0000,,
9104,2330624,256,0.989262,6.0000,,
9105,2330880,256,0.982802,6.0000,,
9106,2331136,256,0.989837,6.0000,,
9107,2331392,256,0.987553,6.0000,,
9108,2331648,256,0.986474,6.0000,,
9109,2331904,256,0.988887,6.0000,,
9110,2332160,256,0.986595,6.0000,,
9111,2332416,256,0.987314,6.0000,,
9112,2332672,256,0.987076,6.0000,,
9113,2332928,256,0.989677,6.0000,,
9114,2333184,256,0.986216,6.0000,,
9115,2333440,256,0.980167,6.0000,,
9116,2333696,256,0.985297,6.0000,,
9117,2333952,256,0.991421,6.0000,,
9118,2334208,256,0.983668,6.0000,,
9119,2334464,256,0.986178,6.0000,,
9120,2334720,256,0.989933,6.0000,,
9121,2334976,256,0.986842,6.0000,,
9122,2335232,256,0.987000,6.0000,,
9123,2335488,256,0.987915,6.0000,,
9124,2335744,256,0.988671,6.0000,,
9125,2336000,256,0.981329,6.0000,,
9126,2336256,256,0.987459,6.0000,,
9127,2336512,256,0.980491,6.0000,,
9128,2336768,256,0.987115,6.0000,,
9129,2337024,256,0.988783,6.0000,,
9130,2337280,256,0.980422,6.0000,,
9131,2337536,256,0.983745,6.0000,,
9132,2337792,256,0.984509,6.0000,,
9133,2338048,256,0.974832,6.0000,,
9134,2338304,256,0.982821,6.0000,,
9135,2338560,256,0.978938,6.0000,,
9136,2338816,256,0.978967,6.0000,,
9137,2339072,256,0.984974,6.0000,,
9138,2339328,256,0.987325,6.0000,,
9139,2339584,256,0.986634,6.0000,,
9140,2339840,256,0.985343,6.0000,,
9141,2340096,256,0.974770,6.0000,,
9142,2340352,256,0.983032,6.0000,,
9143,2340608,256,0.986962,6.0000,,
9144,2340864,256,0.989451,6.0000,,
9145,2341120,256,0.984486,6.0000,,
9146,2341376,256,0.986072,6.0000,,
9147,2341632,256,0.979607,6.0000,,
9148,2341888,256,0.981616,6.0000,,
9149,2342144,256,0.989910,6.0000,,
9150,2342400,256,0.981049,6.0000,,
9151,2342656,256,0.981912,6.0000,,
9152,2342912,256,0.990424,6.0000,,
9153,2343168,256,0.986196,6.0000,,
9154,2343424,256,0.981847,6.0000,,
9155,2343680,256,0.983861,6.0000,,
9156,2343936,256,0.986384,6.0000,,
9157,2344192,256,0.983244,6.0000,,
9158,2344448,256,0.981002,6.0000,,
9159,2344704,256,0.986641,6.0000,,
9160,2344960,256,0.988517,6.0000,,
9161,2345216,256,0.989232,6.0000,,
9162,2345472,256,0.985031,6.0000,,
9163,2345728,256,0.985158,6.0000,,
9164,2345984,256,0.984867,6.0000,,
9165,2346240,256,0.987771,6.0000,,
9166,2346496,256,0.984909,6.0000,,
9167,2346752,256,0.988459,6.0000,,
9168,2347008,256,0.987777,6.0000,,
9169,2347264,256,0.985080,6.0000,,
9170,2347520,256,0.987527,6.0000,,
9171,2347776,256,0.988903,6.0000,,
9172,2348032,256,0.985260,6.0000,,
9173,2348288,256,0.987885,6.0000,,
9174,2348544,256,0.988949,6.0000,,
9175,2348800,256,0.983426,6.0000,,
9176,2349056,256,0.984376,6.0000,,
9177,2349312,256,0.979136,6.0000,,
9178,2349568,256,0.988342,6.0000,,
9179,2349824,256,0.988360,6.0000,,
9180,2350080,256,0.984788,6.0000,,
9181,2350336,256,0.983949,6.0000,,
9182,2350592,256,0.986556,6.0000,,
9183,2350848,256,0.987055,6.0000,,
9184,2351104,256,0.986103,6.0000,,
9185,2351360,256,0.985212,6.0000,,
9186,2351616,256,0.985294,6.0000,,
9187,2351872,256,0.985445,6.0000,,
9188,2352128,256,0.984609,6.0000,,
9189,2352384,256,0.983996,6.0000,,
9190,2352640,256,0.987150,6.0000,,
9191,2352896,256,0.987069,6.0000,,
9192,2353152,256,0.984357,6.0000,,
9193,2353408,256,0.981782,6.0000,,
9194,2353664,256,0.985000,6.0000,,
9195,2353920,256,0.987206,6.0000,,
9196,2354176,256,0.985582,6.0000,,
9197,2354432,256,0.989464,6.0000,,
9198,2354688,256,0.990402,6.0000,,
9199,2354944,256,0.987306,6.0000,,
9200,2355200,256,0.986329,6.0000,0.995417,6.0000
9201,2355456,256,0.987298,6.0000,,
9202,2355712,256,0.982801,6.0000,,
9203,2355968,256,0.986423,6.0000,,
9204,2356224,256,0.987988,6.0000,,
9205,2356480,256,0.990566,6.0000,,
9206,2356736,256,0.990400,6.0000,,
9207,2356992,256,0.986538,6.0000,,
9208,2357248,256,0.982471,6.0000,,
9209,2357504,256,0.980158,6.0000,,
9210,2357760,256,0.984382,6.0000,,
9211,2358016,256,0.980894,6.0000,,
9212,2358272,256,0.982984,6.0000,,
9213,2358528,256,0.986946,6.0000,,
9214,2358784,256,0.987865,6.0000,,
9215,2359040,256,0.984871,6.0000,,
9216,2359296,256,0.980432,6.0000,,
9217,2359552,256,0.989229,6.0000,,
9218,2359808,256,0.986102,6.0000,,
9219,2360064,256,0.986454,6.0000,,
9220,2360320,256,0.987701,6.0000,,
9221,2360576,256,0.985627,6.0000,,
9222,2360832,256,0.988545,6.0000,,
9223,2361088,256,0.987566,6.0000,,
9224,2361344,256,0.990518,6.0000,,
9225,2361600,256,0.990102,6.0000,,
9226,2361856,256,0.982390,6.0000,,
9227,2362112,256,0.990485,6.0000,,
9228,2362368,256,0.988468,6.0000,,
9229,2362624,256,0.990417,6.0000,,
9230,2362880,256,0.988861,6.0000,,
9231,2363136,256,0.984652,6.0000,,
9232,2363392,256,0.979928,6.0000,,
9233,2363648,256,0.989719,6.0000,,
9234,2363904,256,0.983919,6.0000,,
9235,2364160,256,0.987697,6.0000,,
9236,2364416,256,0.987733,6.0000,,
9237,2364672,256,0.988974,6.0000,,
9238,2364928,256,0.990084,6.0000,,
9239,2365184,256,0.991484,6.0000,,
9240,2365440,256,0.987816,6.0000,,
9241,2365696,256,0.982363,6.0000,,
9242,2365952,256,0.984616,6.0000,,
9243,2366208,256,0.991801,6.0000,,
9244,2366464,256,0.987781,6.0000,,
9245,2366720,256,0.984649,6.0000,,
9246,2366976,256,0.989961,6.0000,,
9247,2367232,256,0.989383,6.0000,,
9248,2367488,256,0.991413,6.0000,,
9249,2367744,256,0.986113,6.0000,,
9250,2368000,256,0.991251,6.0000,,
9251,2368256,256,0.986293,6.0000,,
9252,2368512,256,0.980045,6.0000,,
9253,2368768,256,0.987803,6.0000,,
9254,2369024,256,0.987890,6.0000,,
9255,2369280,256,0.988534,6.0000,,
9256,2369536,256,0.980390,6.0000,,
9257,2369792,256,0.988979,6.0000,,
9258,2370048,256,0.988897,6.0000,,
9259,2370304,256,0.981480,6.0000,,
9260,2370560,256,0.982120,6.0000,,
9261,2370816,256,0.989535,6.0000,,
9262,2371072,256,0.988958,6.0000,,
9263,2371328,256,0.979852,6.0000,,
9264,2371584,256,0.982427,6.0000,,
9265,2371840,256,0.982367,6.0000,,
9266,2372096,256,0.989117,6.0000,,
9267,2372352,256,0.985683,6.0000,,
9268,2372608,256,0.990155,6.0000,,
9269,2372864,256,0.989533,6.0000,,
9270,2373120,256,0.988192,6.0000,,
9271,2373376,256,0.982830,6.0000,,
9272,2373632,256,0.986741,6.0000,,
9273,2373888,256,0.985612,6.0000,,
9274,2374144,256,0.981956,6.0000,,
9275,2374400,256,0.989800,6.0000,,
9276,2374656,256,0.988913,6.0000,,
9277,2374912,256,0.990420,6.0000,,
9278,2375168,256,0.986120,6.0000,,
9279,2375424,256,0.986886,6.0000,,
9280,2375680,256,0.984172,6.0000,,
9281,2375936,256,0.989139,6.0000,,
9282,2376192,256,0.989448,6.0000,,
9283,2376448,256,0.977141,6.0000,,
9284,2376704,256,0.985530,6.0000,,
9285,2376960,256,0.984762,6.0000,,
9286,2377216,256,0.989228,6.0000,,
9287,2377472,256,0.985091,6.0000,,
9288,2377728,256,0.982584,6.0000,,
9289,2377984,256,0.984774,6.0000,,
9290,2378240,256,0.980726,6.0000,,
9291,2378496,256,0.987442,6.0000,,
9292,2378752,256,0.988569,6.0000,,
9293,2379008,256,0.988189,6.0000,,
9294,2379264,256,0.985581,6.0000,,
9295,2379520,256,0.991050,6.0000,,
9296,2379776,256,0.979887,6.0000,,
9297,2380032,256,0.988275,6.0000,,
9298,2380288,256,0.982258,6.0000,,
9299,2380544,256,0.985499,6.0000,,
9300,2380800,256,0.982227,6.0000,0.993487,6.0000
9301,2381056,256,0.985776,6.0000,,
9302,2381312,256,0.985467,6.0000,,
9303,2381568,256,0.984187,6.0000,,
9304,2381824,256,0.984165,6.0000,,
9305,2382080,256,0.987544,6.0000,,
9306,2382336,256,0.976586,6.0000,,
9307,2382592,256,0.991145,6.0000,,
9308,2382848,256,0.986627,6.0000,,
9309,2383104,256,0.980349,6.0000,,
9310,2383360,256,0.986979,6.0000,,
9311,2383616,256,0.987026,6.0000,,
9312,2383872,256,0.983521,6.0000,,
9313,2384128,256,0.988232,6.0000,,
9314,2384384,256,0.986092,6.0000,,
9315,2384640,256,0.989011,6.0000,,
9316,2384896,256,0.987429,6.0000,,
9317,2385152,256,0.989483,6.0000,,
9318,2385408,256,0.986386,6.0000,,
9319,2385664,256,0.985582,6.0000,,
9320,2385920,256,0.985236,6.0000,,
9321,2386176,256,0.984264,6.0000,,
9322,2386432,256,0.985477,6.0000,,
9323,2386688,256,0.989376,6.0000,,
9324,2386944,256,0.986453,6.0000,,
9325,2387200,256,0.988642,6.0000,,
9326,2387456,256,0.982640,6.0000,,
9327,2387712,256,0.986578,6.0000,,
9328,2387968,256,0.986390,6.0000,,
9329,2388224,256,0.983784,6.0000,,
9330,2388480,256,0.980020,6.0000,,
9331,2388736,256,0.989942,6.0000,,
9332,2388992,256,0.986037,6.0000,,
9333,2389248,256,0.989742,6.0000,,
9334,2389504,256,0.980987,6.0000,,
9335,2389760,256,0.988155,6.0000,,
9336,2390016,256,0.988855,6.0000,,
9337,2390272,256,0.991913,6.0000,,
9338,2390528,256,0.989097,6.0000,,
9339,2390784,256,0.986689,6.0000,,
9340,2391040,256,0.985442,6.0000,,
9341,2391296,256,0.982969,6.0000,,
9342,2391552,256,0.987273,6.0000,,
9343,2391808,256,0.990420,6.0000,,
9344,2392064,256,0.988244,6.0000,,
9345,2392320,256,0.985519,6.0000,,
9346,2392576,256,0.985291,6.0000,,
9347,2392832,256,0.986123,6.0000,,
9348,2393088,256,0.988524,6.0000,,
9349,2393344,256,0.988606,6.0000,,
9350,2393600,256,0.988369,6.0000,,
9351,2393856,256,0.982449,6.0000,,
9352,2394112,256,0.986735,6.0000,,
9353,2394368,256,0.983121,6.0000,,
9354,2394624,256,0.989387,6.0000,,
9355,2394880,256,0.987369,6.0000,,
9356,2395136,256,0.985638,6.0000,,
9357,2395392,256,0.986808,6.0000,,
9358,2395648,256,0.982479,6.0000,,
9359,2395904,256,0.986767,6.0000,,
9360,2396160,256,0.988140,6.0000,,
9361,2396416,256,0.990209,6.0000,,
9362,2396672,256,0.983609,6.0000,,
9363,2396928,256,0.989178,6.0000,,
9364,2397184,256,0.972519,6.0000,,
9365,2397440,256,0.982163,6.0000,,
9366,2397696,256,0.986572,6.0000,,
9367,2397952,256,0.988074,6.0000,,
9368,2398208,256,0.982112,6.0000,,
9369,2398464,256,0.986121,6.0000,,
9370,2398720,256,0.983662,6.0000,,
9371,2398976,256,0.988061,6.0000,,
9372,2399232,256,0.986114,6.0000,,
9373,2399488,256,0.984839,6.0000,,
9374,2399744,256,0.987504,6.0000,,
9375,2400000,256,0.986439,6.0000,,
9376,2400256,256,0.984630,6.0000,,
9377,2400512,256,0.985779,6.0000,,
9378,2400768,256,0.981557,6.0000,,
9379,2401024,256,0.987734,6.0000,,
9380,2401280,256,0.982984,6.0000,,
9381,2401536,256,0.978530,6.0000,,
9382,2401792,256,0.982839,6.0000,,
9383,2402048,256,0.987065,6.0000,,
9384,2402304,256,0.984784,6.0000,,
9385,2402560,256,0.987826,6.0000,,
9386,2402816,256,0.975413,6.0000,,
9387,2403072,256,0.984256,6.0000,,
9388,2403328,256,0.987764,6.0000,,
9389,2403584,256,0.985203,6.0000,,
9390,2403840,256,0.986709,6.0000,,
9391,2404096,256,0.980522,6.0000,,
9392,2404352,256,0.980799,6.0000,,
9393,2404608,256,0.987427,6.0000,,
9394,2404864,256,0.987604,6.0000,,
9395,2405120,256,0.989391,6.0000,,
9396,2405376,256,0.982902,6.0000,,
9397,2405632,256,0.987689,6.0000,,
9398,2405888,256,0.977184,6.0000,,
9399,2406144,256,0.987476,6.0000,,
9400,2406400,256,0.985926,6.0000,0.992014,6.0000
9401,2406656,256,0.985615,6.0000,,
9402,2406912,256,0.986819,6.0000,,
9403,2407168,256,0.986172,6.0000,,
9404,2407424,256,0.983749,6.0000,,
9405,2407680,256,0.985334,6.0000,,
9406,2407936,256,0.987968,6.0000,,
9407,2408192,256,0.990183,6.0000,,
9408,2408448,256,0.989141,6.0000,,
9409,2408704,256,0.987683,6.0000,,
9410,2408960,256,0.985621,6.0000,,
9411,2409216,256,0.987801,6.0000,,
9412,2409472,256,0.986500,6.0000,,
9413,2409728,256,0.989854,6.0000,,
9414,2409984,256,0.988408,6.0000,,
9415,2410240,256,0.985770,6.0000,,
9416,2410496,256,0.989724,6.0000,,
9417,2410752,256,0.990109,6.0000,,
9418,2411008,256,0.991301,6.0000,,
9419,2411264,256,0.985969,6.0000,,
9420,2411520,256,0.991509,6.0000,,
9421,2411776,256,0.988975,6.0000,,
9422,2412032,256,0.985732,6.0000,,
9423,2412288,256,0.986355,6.0000,,
9424,2412544,256,0.987012,6.0000,,
9425,2412800,256,0.979818,6.0000,,
9426,2413056,256,0.985027,6.0000,,
9427,2413312,256,0.987204,6.0000,,
9428,2413568,256,0.983350,6.0000,,
9429,2413824,256,0.979887,6.0000,,
9430,2414080,256,0.989187,6.0000,,
9431,2414336,256,0.988988,6.0000,,
9432,2414592,256,0.989068,6.0000,,
9433,2414848,256,0.989208,6.0000,,
9434,2415104,256,0.989734,6.0000,,
9435,2415360,256,0.985413,6.0000,,
9436,2415616,256,0.988861,6.0000,,
9437,2415872,256,0.987963,6.0000,,
9438,2416128,256,0.977134,6.0000,,
9439,2416384,256,0.990111,6.0000,,
9440,2416640,256,0.983739,6.0000,,
9441,2416896,256,0.984677,6.0000,,
9442,2417152,256,0.985725,6.0000,,
9443,2417408,256,0.990020,6.0000,,
9444,2417664,256,0.979556,6.0000,,
9445,2417920,256,0.987218,6.0000,,
9446,2418176,256,0.990266,6.0000,,
9447,2418432,256,0.981411,6.0000,,
9448,2418688,256,0.986885,6.0000,,
9449,2418944,256,0.984077,6.0000,,
9450,2419200,256,0.988005,6.0000,,
9451,2419456,256,0.986424,6.0000,,
9452,2419712,256,0.982701,6.0000,,
9453,2419968,256,0.974975,6.0000,,
9454,2420224,256,0.989246,6.0000,,
9455,2420480,256,0.989588,6.0000,,
9456,2420736,256,0.982856,6.0000,,
9457,2420992,256,0.982143,6.0000,,
9458,2421248,256,0.987030,6.0000,,
9459,2421504,256,0.989333,6.0000,,
9460,2421760,256,0.986224,6.0000,,
9461,2422016,256,0.982170,6.0000,,
9462,2422272,256,0.981080,6.0000,,
9463,2422528,256,0.986208,6.0000,,
9464,2422784,256,0.987466,6.0000,,
9465,2423040,256,0.972574,6.0000,,
9466,2423296,256,0.989035,6.0000,,
9467,2423552,256,0.987350,6.0000,,
9468,2423808,256,0.981021,6.0000,,
9469,2424064,256,0.986708,6.0000,,
9470,2424320,256,0.991489,6.0000,,
9471,2424576,256,0.990679,6.0000,,
9472,2424832,256,0.985895,6.0000,,
9473,2425088,256,0.985748,6.0000,,
9474,2425344,256,0.979361,6.0000,,
9475,2425600,256,0.987502,6.0000,,
9476,2425856,256,0.987774,6.0000,,
9477,2426112,256,0.987212,6.0000,,
9478,2426368,256,0.984827,6.0000,,
9479,2426624,256,0.985066,6.0000,,
9480,2426880,256,0.984565,6.0000,,
9481,2427136,256,0.983890,6.0000,,
9482,2427392,256,0.987194,6.0000,,
9483,2427648,256,0.988871,6.0000,,
9484,2427904,256,0.989684,6.0000,,
9485,2428160,256,0.982830,6.0000,,
9486,2428416,256,0.989808,6.0000,,
9487,2428672,256,0.982578,6.0000,,
9488,2428928,256,0.989904,6.0000,,
9489,2429184,256,0.988217,6.0000,,
9490,2429440,256,0.988135,6.0000,,
9491,2429696,256,0.983344,6.0000,,
9492,2429952,256,0.980774,6.0000,,
9493,2430208,256,0.985046,6.0000,,
9494,2430464,256,0.987090,6.0000,,
9495,2430720,256,0.990670,6.0000,,
9496,2430976,256,0.982742,6.0000,,
9497,2431232,256,0.987151,6.0000,,
9498,2431488,256,0.986053,6.0000,,
9499,2431744,256,0.987922,6.0000,,
9500,2432000,256,0.987522,6.0000,0.996085,6.0000
9501,2432256,256,0.986727,6.0000,,
9502,2432512,256,0.984876,6.0000,,
9503,2432768,256,0.987662,6.0000,,
9504,2433024,256,0.982345,6.0000,,
9505,2433280,256,0.984260,6.0000,,
9506,2433536,256,0.989550,6.0000,,
9507,2433792,256,0.987551,6.0000,,
9508,2434048,256,0.990187,6.0000,,
9509,2434304,256,0.989067,6.0000,,
9510,2434560,256,0.987024,6.0000,,
9511,2434816,256,0.983513,6.0000,,
9512,2435072,256,0.978559,6.0000,,
9513,2435328,256,0.989760,6.0000,,
9514,2435584,256,0.989087,6.0000,,
9515,2435840,256,0.984984,6.0000,,
9516,2436096,256,0.986974,6.0000,,
9517,2436352,256,0.990162,6.0000,,
9518,2436608,256,0.989796,6.0000,,
9519,2436864,256,0.984190,6.0000,,
9520,2437120,256,0.981344,6.0000,,
9521,2437376,256,0.983441,6.0000,,
9522,2437632,256,0.980127,6.0000,,
9523,2437888,256,0.981672,6.0000,,
9524,2438144,256,0.984769,6.0000,,
9525,2438400,256,0.988795,6.0000,,
9526,2438656,256,0.982085,6.0000,,
9527,2438912,256,0.984002,6.0000,,
9528,2439168,256,0.987487,6.0000,,
9529,2439424,256,0.989754,6.0000,,
9530,2439680,256,0.980763,6.0000,,
9531,2439936,256,0.989833,6.0000,,
9532,2440192,256,0.982315,6.0000,,
9533,2440448,256,0.989077,6.0000,,
9534,2440704,256,0.986961,6.0000,,
9535,2440960,256,0.982073,6.0000,,
9536,2441216,256,0.987957,6.0000,,
9537,2441472,256,0.983479,6.0000,,
9538,2441728,256,0.981691,6.0000,,
9539,2441984,256,0.988466,6.0000,,
9540,2442240,256,0.989170,6.0000,,
9541,2442496,256,0.987187,6.0000,,
9542,2442752,256,0.983042,6.0000,,
9543,2443008,256,0.989142,6.0000,,
9544,2443264,256,0.981064,6.0000,,
9545,2443520,256,0.987187,6.0000,,
9546,2443776,256,0.986332,6.0000,,
9547,2444032,256,0.989578,6.0000,,
9548,2444288,256,0.988484,6.0000,,
9549,2444544,256,0.986296,6.0000,,
9550,2444800,256,0.983533,6.0000,,
9551,2445056,256,0.982758,6.0000,,
9552,2445312,256,0.991605,6.0000,,
9553,2445568,256,0.984836,6.0000,,
9554,2445824,256,0.982862,6.0000,,
9555,2446080,256,0.982065,6.0000,,
9556,2446336,256,0.982616,6.0000,,
9557,2446592,256,0.985485,6.0000,,
9558,2446848,256,0.987136,6.0000,,
9559,2447104,256,0.986314,6.0000,,
9560,2447360,256,0.988109,6.0000,,
9561,2447616,256,0.988124,6.0000,,
9562,2447872,256,0.984512,6.0000,,
9563,2448128,256,0.987915,6.0000,,
9564,2448384,256,0.989341,6.0000,,
9565,2448640,256,0.982470,6.0000,,
9566,2448896,256,0.990143,6.0000,,
9567,2449152,256,0.989524,6.0000,,
9568,2449408,256,0.990162,6.0000,,
9569,2449664,256,0.986353,6.0000,,
9570,2449920,256,0.991322,6.0000,,
9571,2450176,256,0.991120,6.0000,,
9572,2450432,256,0.983147,6.0000,,
9573,2450688,256,0.990496,6.0000,,
9574,2450944,256,0.990654,6.0000,,
9575,2451200,256,0.985626,6.0000,,
9576,2451456,256,0.981438,6.0000,,
9577,2451712,256,0.988247,6.0000,,
9578,2451968,256,0.989556,6.0000,,
9579,2452224,256,0.987827,6.0000,,
9580,2452480,256,0.987687,6.0000,,
9581,2452736,256,0.988696,6.0000,,
9582,2452992,256,0.987049,6.0000,,
9583,2453248,256,0.984332,6.0000,,
9584,2453504,256,0.989785,6.0000,,
9585,2453760,256,0.987698,6.0000,,
9586,2454016,256,0.988604,6.0000,,
9587,2454272,256,0.987593,6.0000,,
9588,2454528,256,0.991974,6.0000,,
9589,2454784,256,0.988600,6.0000,,
9590,2455040,256,0.985926,6.0000,,
9591,2455296,256,0.990118,6.0000,,
9592,2455552,256,0.987918,6.0000,,
9593,2455808,256,0.986107,6.0000,,
9594,2456064,256,0.985596,6.0000,,
9595,2456320,256,0.986615,6.0000,,
9596,2456576,256,0.986464,6.0000,,
9597,2456832,256,0.986026,6.0000,,
9598,2457088,256,0.987290,6.0000,,
9599,2457344,256,0.985255,6.0000,,
9600,2457600,256,0.984381,6.0000,0.995690,6.0000
9601,2457856,256,0.988337,6.0000,,
9602,2458112,256,0.984200,6.0000,,
9603,2458368,256,0.987402,6.0000,,
9604,2458624,256,0.984266,6.0000,,
9605,2458880,256,0.984548,6.0000,,
9606,2459136,256,0.989480,6.0000,,
9607,2459392,256,0.988622,6.0000,,
9608,2459648,256,0.985642,6.0000,,
9609,2459904,256,0.983064,6.0000,,
9610,2460160,256,0.991220,6.0000,,
9611,2460416,256,0.987195,6.0000,,
9612,2460672,256,0.990948,6.0000,,
9613,2460928,256,0.988634,6.0000,,
9614,2461184,256,0.987944,6.0000,,
9615,2461440,256,0.980434,6.0000,,
9616,2461696,256,0.983690,6.0000,,
9617,2461952,256,0.983755,6.0000,,
9618,2462208,256,0.989383,6.0000,,
9619,2462464,256,0.987968,6.0000,,
9620,2462720,256,0.988608,6.0000,,
9621,2462976,256,0.988213,6.0000,,
9622,2463232,256,0.989795,6.0000,,
9623,2463488,256,0.989242,6.0000,,
9624,2463744,256,0.983715,6.0000,,
9625,2464000,256,0.985753,6.0000,,
9626,2464256,256,0.984604,6.0000,,
9627,2464512,256,0.991019,6.0000,,
9628,2464768,256,0.985536,6.0000,,
9629,2465024,256,0.987432,6.0000,,
9630,2465280,256,0.990491,6.0000,,
9631,2465536,256,0.985214,6.0000,,
9632,2465792,256,0.989648,6.0000,,
9633,2466048,256,0.985122,6.0000,,
9634,2466304,256,0.985295,6.0000,,
9635,2466560,256,0.989528,6.0000,,
9636,2466816,256,0.984664,6.0000,,
9637,2467072,256,0.989402,6.0000,,
9638,2467328,256,0.982959,6.0000,,
9639,2467584,256,0.988013,6.0000,,
9640,2467840,256,0.988216,6.0000,,
9641,2468096,256,0.987310,6.0000,,
9642,2468352,256,0.989783,6.0000,,
9643,2468608,256,0.981717,6.0000,,
9644,2468864,256,0.986326,6.0000,,
9645,2469120,256,0.990082,6.0000,,
9646,2469376,256,0.986167,6.0000,,
9647,2469632,256,0.989196,6.0000,,
9648,2469888,256,0.989910,6.0000,,
9649,2470144,256,0.987977,6.0000,,
9650,2470400,256,0.981123,6.0000,,
9651,2470656,256,0.991583,6.0000,,
9652,2470912,256,0.988010,6.0000,,
9653,2471168,256,0.982182,6.0000,,
9654,2471424,256,0.981068,6.0000,,
9655,2471680,256,0.982664,6.0000,,
9656,2471936,256,0.985290,6.0000,,
9657,2472192,256,0.988457,6.0000,,
9658,2472448,256,0.980816,6.0000,,
9659,2472704,256,0.982843,6.0000,,
9660,2472960,256,0.987604,6.0000,,
9661,2473216,256,0.989819,6.0000,,
9662,2473472,256,0.987438,6.0000,,
9663,2473728,256,0.987035,6.0000,,
9664,2473984,256,0.985858,6.0000,,
9665,2474240,256,0.986825,6.0000,,
9666,2474496,256,0.990569,6.0000,,
9667,2474752,256,0.983686,6.0000,,
9668,2475008,256,0.988162,6.0000,,
9669,2475264,256,0.986869,6.0000,,
9670,2475520,256,0.990424,6.0000,,
9671,2475776,256,0.991014,6.0000,,
9672,2476032,256,0.987447,6.0000,,
9673,2476288,256,0.982053,6.0000,,
9674,2476544,256,0.986918,6.0000,,
9675,2476800,256,0.991516,6.0000,,
9676,2477056,256,0.993143,6.0000,,
9677,2477312,256,0.977175,6.0000,,
9678,2477568,256,0.984266,6.0000,,
9679,2477824,256,0.987000,6.0000,,
9680,2478080,256,0.980573,6.0000,,
9681,2478336,256,0.983701,6.0000,,
9682,2478592,256,0.985658,6.0000,,
9683,2478848,256,0.987100,6.0000,,
9684,2479104,256,0.989216,6.0000,,
9685,2479360,256,0.988004,6.0000,,
9686,2479616,256,0.985329,6.0000,,
9687,2479872,256,0.990304,6.0000,,
9688,2480128,256,0.989603,6.0000,,
9689,2480384,256,0.987284,6.0000,,
9690,2480640,256,0.986799,6.0000,,
9691,2480896,256,0.981475,6.0000,,
9692,2481152,256,0.987745,6.0000,,
9693,2481408,256,0.989940,6.0000,,
9694,2481664,256,0.991397,6.0000,,
9695,2481920,256,0.983116,6.0000,,
9696,2482176,256,0.989870,6.0000,,
9697,2482432,256,0.985497,6.0000,,
9698,2482688,256,0.985027,6.0000,,
9699,2482944,256,0.992050,6.0000,,
9700,2483200,256,0.990320,6.0000,0.995304,6.0000
9701,2483456,256,0.990285,6.0000,,
9702,2483712,256,0.983024,6.0000,,
9703,2483968,256,0.989374,6.0000,,
9704,2484224,256,0.988399,6.0000,,
9705,2484480,256,0.985478,6.0000,,
9706,2484736,256,0.984341,6.0000,,
9707,2484992,256,0.988052,6.0000,,
9708,2485248,256,0.985578,6.0000,,
9709,2485504,256,0.986611,6.0000,,
9710,2485760,256,0.986179,6.0000,,
9711,2486016,256,0.985670,6.0000,,
9712,2486272,256,0.985377,6.0000,,
9713,2486528,256,0.984897,6.0000,,
9714,2486784,256,0.985096,6.0000,,
9715,2487040,256,0.977912,6.0000,,
9716,2487296,256,0.987121,6.0000,,
9717,2487552,256,0.986717,6.0000,,
9718,2487808,256,0.982410,6.0000,,
9719,2488064,256,0.984243,6.0000,,
9720,2488320,256,0.980888,6.0000,,
9721,2488576,256,0.983518,6.0000,,
9722,2488832,256,0.977413,6.0000,,
9723,2489088,256,0.986432,6.0000,,
9724,2489344,256,0.974630,6.0000,,
9725,2489600,256,0.983261,6.0000,,
9726,2489856,256,0.981259,6.0000,,
9727,2490112,256,0.986038,6.0000,,
9728,2490368,256,0.986654,6.0000,,
9729,2490624,256,0.988985,6.0000,,
9730,2490880,256,0.984822,6.0000,,
9731,2491136,256,0.980112,6.0000,,
9732,2491392,256,0.987149,6.0000,,
9733,2491648,256,0.989825,6.0000,,
9734,2491904,256,0.985687,6.0000,,
9735,2492160,256,0.986796,6.0000,,
9736,2492416,256,0.984036,6.0000,,
9737,2492672,256,0.989547,6.0000,,
9738,2492928,256,0.982396,6.0000,,
9739,2493184,256,0.985679,6.0000,,
9740,2493440,256,0.985261,6.0000,,
9741,2493696,256,0.983320,6.0000,,
9742,2493952,256,0.981929,6.0000,,
9743,2494208,256,0.987105,6.0000,,
9744,2494464,256,0.977736,6.0000,,
9745,2494720,256,0.980349,6.0000,,
9746,2494976,256,0.980541,6.0000,,
9747,2495232,256,0.985703,6.0000,,
9748,2495488,256,0.980897,6.0000,,
9749,2495744,256,0.982133,6.0000,,
9750,2496000,256,0.987288,6.0000,,
9751,2496256,256,0.985050,6.0000,,
9752,2496512,256,0.986609,6.0000,,
9753,2496768,256,0.987254,6.0000,,
9754,2497024,256,0.990415,6.0000,,
9755,2497280,256,0.980434,6.0000,,
9756,2497536,256,0.988223,6.0000,,
9757,2497792,256,0.988345,6.0000,,
9758,2498048,256,0.979515,6.0000,,
9759,2498304,256,0.981553,6.0000,,
9760,2498560,256,0.987125,6.0000,,
9761,2498816,256,0.988493,6.0000,,
9762,2499072,256,0.986967,6.0000,,
9763,2499328,256,0.980370,6.0000,,
9764,2499584,256,0.983103,6.0000,,
9765,2499840,256,0.988000,6.0000,,
9766,2500096,256,0.987048,6.0000,,
9767,2500352,256,0.983611,6.0000,,
9768,2500608,256,0.978629,6.0000,,
9769,2500864,256,0.982431,6.0000,,
9770,2501120,256,0.986636,6.0000,,
9771,2501376,256,0.988319,6.0000,,
9772,2501632,256,0.985166,6.0000,,
9773,2501888,256,0.979143,6.0000,,
9774,2502144,256,0.985412,6.0000,,
9775,2502400,256,0.981681,6.0000,,
9776,2502656,256,0.981068,6.0000,,
9777,2502912,256,0.984612,6.0000,,
9778,2503168,256,0.981632,6.0000,,
9779,2503424,256,0.980176,6.0000,,
9780,2503680,256,0.984518,6.0000,,
9781,2503936,256,0.979516,6.0000,,
9782,2504192,256,0.980025,6.0000,,
9783,2504448,256,0.987544,6.0000,,
9784,2504704,256,0.985770,6.0000,,
9785,2504960,256,0.981068,6.0000,,
9786,2505216,256,0.979217,6.0000,,
9787,2505472,256,0.984084,6.0000,,
9788,2505728,256,0.986682,6.0000,,
9789,2505984,256,0.984288,6.0000,,
9790,2506240,256,0.984686,6.0000,,
9791,2506496,256,0.977411,6.0000,,
9792,2506752,256,0.982299,6.0000,,
9793,2507008,256,0.988934,6.0000,,
9794,2507264,256,0.983438,6.0000,,
9795,2507520,256,0.980175,6.0000,,
9796,2507776,256,0.983328,6.0000,,
9797,2508032,256,0.985455,6.0000,,
9798,2508288,256,0.983681,6.0000,,
9799,2508544,256,0.986742,6.0000,,
9800,2508800,256,0.981392,6.0000,0.994623,6.0000
9801,2509056,256,0.984153,6.0000,,
9802,2509312,256,0.987460,6.0000,,
9803,2509568,256,0.989742,6.0000,,
9804,2509824,256,0.985729,6.0000,,
9805,2510080,256,0.986380,6.0000,,
9806,2510336,256,0.984961,6.0000,,
9807,2510592,256,0.988559,6.0000,,
9808,2510848,256,0.976673,6.0000,,
9809,2511104,256,0.983359,6.0000,,
9810,2511360,256,0.977829,6.0000,,
9811,2511616,256,0.989697,6.0000,,
9812,2511872,256,0.990846,6.0000,,
9813,2512128,256,0.990163,6.0000,,
9814,2512384,256,0.983797,6.0000,,
9815,2512640,256,0.988368,6.0000,,
9816,2512896,256,0.981979,6.0000,,
9817,2513152,256,0.988236,6.0000,,
9818,2513408,256,0.989590,6.0000,,
9819,2513664,256,0.987991,6.0000,,
9820,2513920,256,0.987783,6.0000,,
9821,2514176,256,0.984884,6.0000,,
9822,2514432,256,0.983890,6.0000,,
9823,2514688,256,0.985866,6.0000,,
9824,2514944,256,0.988556,6.0000,,
9825,2515200,256,0.990630,6.0000,,
9826,2515456,256,0.981687,6.0000,,
9827,2515712,256,0.989345,6.0000,,
9828,2515968,256,0.984948,6.0000,,
9829,2516224,256,0.987205,6.0000,,
9830,2516480,256,0.989609,6.0000,,
9831,2516736,256,0.989609,6.0000,,
9832,2516992,256,0.987459,6.0000,,
9833,2517248,256,0.982694,6.0000,,
9834,2517504,256,0.988881,6.0000,,
9835,2517760,256,0.988423,6.0000,,
9836,2518016,256,0.986372,6.0000,,
9837,2518272,256,0.988544,6.0000,,
9838,2518528,256,0.989202,6.0000,,
9839,2518784,256,0.986320,6.0000,,
9840,2519040,256,0.987232,6.0000,,
9841,2519296,256,0.988263,6.0000,,
9842,2519552,256,0.988541,6.0000,,
9843,2519808,256,0.990373,6.0000,,
9844,2520064,256,0.986126,6.0000,,
9845,2520320,256,0.990412,6.0000,,
9846,2520576,256,0.985726,6.0000,,
9847,2520832,256,0.986754,6.0000,,
9848,2521088,256,0.985939,6.0000,,
9849,2521344,256,0.989635,6.0000,,
9850,2521600,256,0.985277,6.0000,,
9851,2521856,256,0.983227,6.0000,,
9852,2522112,256,0.984787,6.0000,,
9853,2522368,256,0.985690,6.0000,,
9854,2522624,256,0.987060,6.0000,,
9855,2522880,256,0.986584,6.0000,,
9856,2523136,256,0.983920,6.0000,,
9857,2523392,256,0.983839,6.0000,,
9858,2523648,256,0.989323,6.0000,,
9859,2523904,256,0.990852,6.0000,,
9860,2524160,256,0.979911,6.0000,,
9861,2524416,256,0.986836,6.0000,,
9862,2524672,256,0.988526,6.0000,,
9863,2524928,256,0.982343,6.0000,,
9864,2525184,256,0.986563,6.0000,,
9865,2525440,256,0.982850,6.0000,,
9866,2525696,256,0.983549,6.0000,,
9867,2525952,256,0.980497,6.0000,,
9868,2526208,256,0.987815,6.0000,,
9869,2526464,256,0.986741,6.0000,,
9870,2526720,256,0.985301,6.0000,,
9871,2526976,256,0.989660,6.0000,,
9872,2527232,256,0.988055,6.0000,,
9873,2527488,256,0.982437,6.0000,,
9874,2527744,256,0.985102,6.0000,,
9875,2528000,256,0.988899,6.0000,,
9876,2528256,256,0.989415,6.0000,,
9877,2528512,256,0.987085,6.0000,,
9878,2528768,256,0.980361,6.0000,,
9879,2529024,256,0.982733,6.0000,,
9880,2529280,256,0.985661,6.0000,,
9881,2529536,256,0.983921,6.0000,,
9882,2529792,256,0.983966,6.0000,,
9883,2530048,256,0.985962,6.0000,,
9884,2530304,256,0.978640,6.0000,,
9885,2530560,256,0.989104,6.0000,,
9886,2530816,256,0.982229,6.0000,,
9887,2531072,256,0.984954,6.0000,,
9888,2531328,256,0.987787,6.0000,,
9889,2531584,256,0.985557,6.0000,,
9890,2531840,256,0.990445,6.0000,,
9891,2532096,256,0.989703,6.0000,,
9892,2532352,256,0.981613,6.0000,,
9893,2532608,256,0.984450,6.0000,,
9894,2532864,256,0.985458,6.0000,,
9895,2533120,256,0.985342,6.0000,,
9896,2533376,256,0.983528,6.0000,,
9897,2533632,256,0.985520,6.0000,,
9898,2533888,256,0.987797,6.0000,,
9899,2534144,256,0.983475,6.0000,,
9900,2534400,256,0.987556,6.0000,0.994635,6.0000
9901,2534656,256,0.983394,6.0000,,
9902,2534912,256,0.988042,6.0000,,
9903,2535168,256,0.983509,6.0000,,
9904,2535424,256,0.976024,6.0000,,
9905,2535680,256,0.990564,6.0000,,
9906,2535936,256,0.985876,6.0000,,
9907,2536192,256,0.990220,6.0000,,
9908,2536448,256,0.984399,6.0000,,
9909,2536704,256,0.988736,6.0000,,
9910,2536960,256,0.985862,6.0000,,
9911,2537216,256,0.988080,6.0000,,
9912,2537472,256,0.987966,6.0000,,
9913,2537728,256,0.988210,6.0000,,
9914,2537984,256,0.985886,6.0000,,
9915,2538240,256,0.986853,6.0000,,
9916,2538496,256,0.986890,6.0000,,
9917,2538752,256,0.987070,6.0000,,
9918,2539008,256,0.984805,6.0000,,
9919,2539264,256,0.986375,6.0000,,
9920,2539520,256,0.990152,6.0000,,
9921,2539776,256,0.987684,6.0000,,
9922,2540032,256,0.987950,6.0000,,
9923,2540288,256,0.987269,6.0000,,
9924,2540544,256,0.982989,6.0000,,
9925,2540800,256,0.982716,6.0000,,
9926,2541056,256,0.984230,6.0000,,
9927,2541312,256,0.985241,6.0000,,
9928,2541568,256,0.982598,6.0000,,
9929,2541824,256,0.989589,6.0000,,
9930,2542080,256,0.989334,6.0000,,
9931,2542336,256,0.984394,6.0000,,
9932,2542592,256,0.989101,6.0000,,
9933,2542848,256,0.987598,6.0000,,
9934,2543104,256,0.986233,6.0000,,
9935,2543360,256,0.990576,6.0000,,
9936,2543616,256,0.983915,6.0000,,
9937,2543872,256,0.980585,6.0000,,
9938,2544128,256,0.987944,6.0000,,
9939,2544384,256,0.988728,6.0000,,
9940,2544640,256,0.985750,6.0000,,
9941,2544896,256,0.985065,6.0000,,
9942,2545152,256,0.982813,6.0000,,
9943,2545408,256,0.985271,6.0000,,
9944,2545664,256,0.986902,6.0000,,
9945,2545920,256,0.983526,6.0000,,
9946,2546176,256,0.985775,6.0000,,
9947,2546432,256,0.984922,6.0000,,
9948,2546688,256,0.988294,6.0000,,
9949,2546944,256,0.987130,6.0000,,
9950,2547200,256,0.991623,6.0000,,
9951,2547456,256,0.976310,6.0000,,
9952,2547712,256,0.989717,6.0000,,
9953,2547968,256,0.983078,6.0000,,
9954,2548224,256,0.985559,6.0000,,
9955,2548480,256,0.987585,6.0000,,
9956,2548736,256,0.991141,6.0000,,
9957,2548992,256,0.988280,6.0000,,
9958,2549248,256,0.980163,6.0000,,
9959,2549504,256,0.989968,6.0000,,
9960,2549760,256,0.988344,6.0000,,
9961,2550016,256,0.988719,6.0000,,
9962,2550272,256,0.986082,6.0000,,
9963,2550528,256,0.981702,6.0000,,
9964,2550784,256,0.990904,6.0000,,
9965,2551040,256,0.989097,6.0000,,
9966,2551296,256,0.990110,6.0000,,
9967,2551552,256,0.989347,6.0000,,
9968,2551808,256,0.990162,6.0000,,
9969,2552064,256,0.986041,6.0000,,
9970,2552320,256,0.990884,6.0000,,
9971,2552576,256,0.986954,6.0000,,
9972,2552832,256,0.989300,6.0000,,
9973,2553088,256,0.985754,6.0000,,
9974,2553344,256,0.986505,6.0000,,
9975,2553600,256,0.990161,6.0000,,
9976,2553856,256,0.989624,6.0000,,
9977,2554112,256,0.986192,6.0000,,
9978,2554368,256,0.985966,6.0000,,
9979,2554624,256,0.988347,6.0000,,
9980,2554880,256,0.984398,6.0000,,
9981,2555136,256,0.987874,6.0000,,
9982,2555392,256,0.986891,6.0000,,
9983,2555648,256,0.985059,6.0000,,
9984,2555904,256,0.986085,6.0000,,
9985,2556160,256,0.986983,6.0000,,
9986,2556416,256,0.985041,6.0000,,
9987,2556672,256,0.980030,6.0000,,
9988,2556928,256,0.986406,6.0000,,
9989,2557184,256,0.988743,6.0000,,
9990,2557440,256,0.987535,6.0000,,
9991,2557696,256,0.984646,6.0000,,
9992,2557952,256,0.982441,6.0000,,
9993,2558208,256,0.985763,6.0000,,
9994,2558464,256,0.983678,6.0000,,
9995,2558720,256,0.983301,6.0000,,
9996,2558976,256,0.987067,6.0000,,
9997,2559232,256,0.985393,6.0000,,
9998,2559488,256,0.985753,6.0000,,
9999,2559744,256,0.986082,6.0000,,
10000,2560000,256,0.983624,6.0000,0.993730,6.0000
10001,2560256,256,0.989374,6.0000,,
10002,2560512,256,0.987178,6.0000,,
10003,2560768,256,0.987343,6.0000,,
10004,2561024,256,0.990966,6.0000,,
10005,2561280,256,0.989811,6.0000,,
10006,2561536,256,0.987563,6.0000,,
10007,2561792,256,0.987328,6.0000,,
10008,2562048,256,0.985921,6.0000,,
10009,2562304,256,0.986973,6.0000,,
10010,2562560,256,0.989300,6.0000,,
10011,2562816,256,0.981255,6.0000,,
10012,2563072,256,0.990721,6.0000,,
10013,2563328,256,0.985541,6.0000,,
10014,2563584,256,0.988322,6.0000,,
10015,2563840,256,0.987030,6.0000,,
10016,2564096,256,0.988215,6.0000,,
10017,2564352,256,0.990037,6.0000,,
10018,2564608,256,0.984426,6.0000,,
10019,2564864,256,0.986305,6.0000,,
10020,2565120,256,0.990040,6.0000,,
10021,2565376,256,0.983307,6.0000,,
10022,2565632,256,0.987588,6.0000,,
10023,2565888,256,0.988927,6.0000,,
10024,2566144,256,0.985688,6.0000,,
10025,2566400,256,0.984346,6.0000,,
10026,2566656,256,0.986932,6.0000,,
10027,2566912,256,0.986681,6.0000,,
10028,2567168,256,0.984253,6.0000,,
10029,2567424,256,0.983148,6.0000,,
10030,2567680,256,0.990268,6.0000,,
10031,2567936,256,0.988029,6.0000,,
10032,2568192,256,0.984489,6.0000,,
10033,2568448,256,0.990644,6.0000,,
10034,2568704,256,0.990139,6.0000,,
10035,2568960,256,0.982740,6.0000,,
10036,2569216,256,0.987327,6.0000,,
10037,2569472,256,0.981238,6.0000,,
10038,2569728,256,0.986823,6.0000,,
10039,2569984,256,0.987413,6.0000,,
10040,2570240,256,0.986687,6.0000,,
10041,2570496,256,0.980404,6.0000,,
10042,2570752,256,0.984962,6.0000,,
10043,2571008,256,0.982604,6.0000,,
10044,2571264,256,0.989309,6.0000,,
10045,2571520,256,0.977275,6.0000,,
10046,2571776,256,0.984134,6.0000,,
10047,2572032,256,0.990149,6.0000,,
10048,2572288,256,0.986138,6.0000,,
10049,2572544,256,0.983685,6.0000,,
10050,2572800,256,0.988669,6.0000,,
10051,2573056,256,0.984795,6.0000,,
10052,2573312,256,0.988946,6.0000,,
10053,2573568,256,0.984011,6.0000,,
10054,2573824,256,0.981876,6.0000,,
10055,2574080,256,0.984098,6.0000,,
10056,2574336,256,0.986392,6.0000,,
10057,2574592,256,0.984701,6.0000,,
10058,2574848,256,0.980183,6.0000,,
10059,2575104,256,0.977309,6.0000,,
10060,2575360,256,0.981205,6.0000,,
10061,2575616,256,0.985911,6.0000,,
10062,2575872,256,0.983925,6.0000,,
10063,2576128,256,0.980179,6.0000,,
10064,2576384,256,0.984531,6.0000,,
10065,2576640,256,0.981698,6.0000,,
10066,2576896,256,0.985924,6.0000,,
10067,2577152,256,0.986963,6.0000,,
10068,2577408,256,0.981305,6.0000,,
10069,2577664,256,0.981184,6.0000,,
10070,2577920,256,0.980759,6.0000,,
10071,2578176,256,0.982790,6.0000,,
10072,2578432,256,0.979994,6.0000,,
10073,2578688,256,0.984067,6.0000,,
10074,2578944,256,0.977222,6.0000,,
10075,2579200,256,0.974229,6.0000,,
10076,2579456,256,0.983663,6.0000,,
10077,2579712,256,0.987049,6.0000,,
10078,2579968,256,0.979124,6.0000,,
10079,2580224,256,0.973281,6.0000,,
10080,2580480,256,0.984479,6.0000,,
10081,2580736,256,0.978822,6.0000,,
10082,2580992,256,0.981517,6.0000,,
10083,2581248,256,0.986467,6.0000,,
10084,2581504,256,0.986057,6.0000,,
10085,2581760,256,0.986305,6.0000,,
10086,2582016,256,0.985414,6.0000,,
10087,2582272,256,0.986829,6.0000,,
10088,2582528,256,0.987752,6.0000,,
10089,2582784,256,0.985802,6.0000,,
10090,2583040,256,0.980940,6.0000,,
10091,2583296,256,0.987724,6.0000,,
10092,2583552,256,0.979464,6.0000,,
10093,2583808,256,0.989539,6.0000,,
10094,2584064,256,0.986907,6.0000,,
10095,2584320,256,0.985017,6.0000,,
10096,2584576,256,0.983832,6.0000,,
10097,2584832,256,0.990379,6.0000,,
10098,2585088,256,0.987458,6.0000,,
10099,2585344,256,0.985719,6.0000,,
10100,2585600,256,0.987809,6.0000,0.996208,6.0000
10101,2585856,256,0.987096,6.0000,,
10102,2586112,256,0.984976,6.0000,,
10103,2586368,256,0.990588,6.0000,,
10104,2586624,256,0.988010,6.0000,,
10105,2586880,256,0.990042,6.0000,,
10106,2587136,256,0.984396,6.0000,,
10107,2587392,256,0.987699,6.0000,,
10108,2587648,256,0.990842,6.0000,,
10109,2587904,256,0.989251,6.0000,,
10110,2588160,256,0.986000,6.0000,,
10111,2588416,256,0.987726,6.0000,,
10112,2588672,256,0.985895,6.0000,,
10113,2588928,256,0.985827,6.0000,,
10114,2589184,256,0.986935,6.0000,,
10115,2589440,256,0.989208,6.0000,,
10116,2589696,256,0.988848,6.0000,,
10117,2589952,256,0.986951,6.0000,,
10118,2590208,256,0.991907,6.0000,,
10119,2590464,256,0.981191,6.0000,,
10120,2590720,256,0.988127,6.0000,,
10121,2590976,256,0.989524,6.0000,,
10122,2591232,256,0.983272,6.0000,,
10123,2591488,256,0.986357,6.0000,,
10124,2591744,256,0.987432,6.0000,,
10125,2592000,256,0.984652,6.0000,,
10126,2592256,256,0.986583,6.0000,,
10127,2592512,256,0.977822,6.0000,,
10128,2592768,256,0.979516,6.0000,,
10129,2593024,256,0.983079,6.0000,,
10130,2593280,256,0.984357,6.0000,,
10131,2593536,256,0.988722,6.0000,,
10132,2593792,256,0.986517,6.0000,,
10133,2594048,256,0.989451,6.0000,,
10134,2594304,256,0.986462,6.0000,,
10135,2594560,256,0.983081,6.0000,,
10136,2594816,256,0.987562,6.0000,,
10137,2595072,256,0.982326,6.0000,,
10138,2595328,256,0.987224,6.0000,,
10139,2595584,256,0.980883,6.0000,,
10140,2595840,256,0.984692,6.0000,,
10141,2596096,256,0.986969,6.0000,,
10142,2596352,256,0.989386,6.0000,,
10143,2596608,256,0.988772,6.0000,,
10144,2596864,256,0.988129,6.0000,,
10145,2597120,256,0.985162,6.0000,,
10146,2597376,256,0.983592,6.0000,,
10147,2597632,256,0.985274,6.0000,,
10148,2597888,256,0.986925,6.0000,,
10149,2598144,256,0.984890,6.0000,,
10150,2598400,256,0.987827,6.0000,,
10151,2598656,256,0.985438,6.0000,,
10152,2598912,256,0.985771,6.0000,,
10153,2599168,256,0.988419,6.0000,,
10154,2599424,256,0.989638,6.0000,,
10155,2599680,256,0.989867,6.0000,,
10156,2599936,256,0.988795,6.0000,,
10157,2600192,256,0.981882,6.0000,,
10158,2600448,256,0.982973,6.0000,,
10159,2600704,256,0.988866,6.0000,,
10160,2600960,256,0.989044,6.0000,,
10161,2601216,256,0.988768,6.0000,,
10162,2601472,256,0.988199,6.0000,,
10163,2601728,256,0.983670,6.0000,,
10164,2601984,256,0.988842,6.0000,,
10165,2602240,256,0.989729,6.0000,,
10166,2602496,256,0.983331,6.0000,,
10167,2602752,256,0.987471,6.0000,,
10168,2603008,256,0.987739,6.0000,,
10169,2603264,256,0.986766,6.0000,,
10170,2603520,256,0.984609,6.0000,,
10171,2603776,256,0.982823,6.0000,,
10172,2604032,256,0.989870,6.0000,,
10173,2604288,256,0.978936,6.0000,,
10174,2604544,256,0.985067,6.0000,,
10175,2604800,256,0.985426,6.0000,,
10176,2605056,256,0.989639,6.0000,,
10177,2605312,256,0.985814,6.0000,,
10178,2605568,256,0.988407,6.0000,,
10179,2605824,256,0.990816,6.0000,,
10180,2606080,256,0.991475,6.0000,,
10181,2606336,256,0.988532,6.0000,,
10182,2606592,256,0.988511,6.0000,,
10183,2606848,256,0.988534,6.0000,,
10184,2607104,256,0.988780,6.0000,,
10185,2607360,256,0.988593,6.0000,,
10186,2607616,256,0.985013,6.0000,,
10187,2607872,256,0.987402,6.0000,,
10188,2608128,256,0.989475,6.0000,,
10189,2608384,256,0.984089,6.0000,,
10190,2608640,256,0.986728,6.0000,,
10191,2608896,256,0.987139,6.0000,,
10192,2609152,256,0.987302,6.0000,,
10193,2609408,256,0.990562,6.0000,,
10194,2609664,256,0.988264,6.0000,,
10195,2609920,256,0.986959,6.0000,,
10196,2610176,256,0.984425,6.0000,,
10197,2610432,256,0.986638,6.0000,,
10198,2610688,256,0.990247,6.0000,,
10199,2610944,256,0.988793,6.0000,,
10200,2611200,256,0.983037,6.0000,0.996168,6.0000
10201,2611456,256,0.989832,6.0000,,
10202,2611712,256,0.988277,6.0000,,
10203,2611968,256,0.988610,6.0000,,
10204,2612224,256,0.989777,6.0000,,
10205,2612480,256,0.985420,6.0000,,
10206,2612736,256,0.985291,6.0000,,
10207,2612992,256,0.986249,6.0000,,
10208,2613248,256,0.986941,6.0000,,
10209,2613504,256,0.990903,6.0000,,
10210,2613760,256,0.986818,6.0000,,
10211,2614016,256,0.986583,6.0000,,
10212,2614272,256,0.982947,6.0000,,
10213,2614528,256,0.982833,6.0000,,
10214,2614784,256,0.985242,6.0000,,
10215,2615040,256,0.985226,6.0000,,
10216,2615296,256,0.987965,6.0000,,
10217,2615552,256,0.989079,6.0000,,
10218,2615808,256,0.986588,6.0000,,
10219,2616064,256,0.983924,6.0000,,
10220,2616320,256,0.988354,6.0000,,
10221,2616576,256,0.981145,6.0000,,
10222,2616832,256,0.988593,6.0000,,
10223,2617088,256,0.985118,6.0000,,
10224,2617344,256,0.985436,6.0000,,
10225,2617600,256,0.988168,6.0000,,
10226,2617856,256,0.988113,6.0000,,
10227,2618112,256,0.980843,6.0000,,
10228,2618368,256,0.986183,6.0000,,
10229,2618624,256,0.987921,6.0000,,
10230,2618880,256,0.981740,6.0000,,
10231,2619136,256,0.984917,6.0000,,
10232,2619392,256,0.980038,6.0000,,
10233,2619648,256,0.982719,6.0000,,
10234,2619904,256,0.988090,6.0000,,
10235,2620160,256,0.985562,6.0000,,
10236,2620416,256,0.988045,6.0000,,
10237,2620672,256,0.984806,6.0000,,
10238,2620928,256,0.987567,6.0000,,
10239,2621184,256,0.990216,6.0000,,
10240,2621440,256,0.990712,6.0000,,
10241,2621696,256,0.983432,6.0000,,
10242,2621952,256,0.986141,6.0000,,
10243,2622208,256,0.987192,6.0000,,
10244,2622464,256,0.984996,6.0000,,
10245,2622720,256,0.990214,6.0000,,
10246,2622976,256,0.985239,6.0000,,
10247,2623232,256,0.981517,6.0000,,
10248,2623488,256,0.988903,6.0000,,
10249,2623744,256,0.988306,6.0000,,
10250,2624000,256,0.984141,6.0000,,
10251,2624256,256,0.983477,6.0000,,
10252,2624512,256,0.982426,6.0000,,
10253,2624768,256,0.990504,6.0000,,
10254,2625024,256,0.988585,6.0000,,
10255,2625280,256,0.986823,6.0000,,
10256,2625536,256,0.982605,6.0000,,
10257,2625792,256,0.984889,6.0000,,
10258,2626048,256,0.989361,6.0000,,
10259,2626304,256,0.989356,6.0000,,
10260,2626560,256,0.982083,6.0000,,
10261,2626816,256,0.982419,6.0000,,
10262,2627072,256,0.984221,6.0000,,
10263,2627328,256,0.984499,6.0000,,
10264,2627584,256,0.985304,6.0000,,
10265,2627840,256,0.984001,6.0000,,
10266,2628096,256,0.984180,6.0000,,
10267,2628352,256,0.983974,6.0000,,
10268,2628608,256,0.982882,6.0000,,
10269,2628864,256,0.984349,6.0000,,
10270,2629120,256,0.988085,6.0000,,
10271,2629376,256,0.985788,6.0000,,
10272,2629632,256,0.984739,6.0000,,
10273,2629888,256,0.980847,6.0000,,
10274,2630144,256,0.989541,6.0000,,
10275,2630400,256,0.986527,6.0000,,
10276,2630656,256,0.986317,6.0000,,
10277,2630912,256,0.982617,6.0000,,
10278,2631168,256,0.986547,6.0000,,
10279,2631424,256,0.983558,6.0000,,
10280,2631680,256,0.983859,6.0000,,
10281,2631936,256,0.989121,6.0000,,
10282,2632192,256,0.986965,6.0000,,
10283,2632448,256,0.983856,6.0000,,
10284,2632704,256,0.989796,6.0000,,
10285,2632960,256,0.986345,6.0000,,
10286,2633216,256,0.987607,6.0000,,
10287,2633472,256,0.982536,6.0000,,
10288,2633728,256,0.985310,6.0000,,
10289,2633984,256,0.986251,6.0000,,
10290,2634240,256,0.984365,6.0000,,
10291,2634496,256,0.988578,6.0000,,
10292,2634752,256,0.989311,6.0000,,
10293,2635008,256,0.986634,6.0000,,
10294,2635264,256,0.984893,6.0000,,
10295,2635520,256,0.990234,6.0000,,
10296,2635776,256,0.985544,6.0000,,
10297,2636032,256,0.986032,6.0000,,
10298,2636288,256,0.987320,6.0000,,
10299,2636544,256,0.989213,6.0000,,
10300,2636800,256,0.984436,6.0000,0.996331,6.0000
10301,2637056,256,0.989205,6.0000,,
10302,2637312,256,0.990273,6.0000,,
10303,2637568,256,0.986705,6.0000,,
10304,2637824,256,0.985117,6.0000,,
10305,2638080,256,0.985220,6.0000,,
10306,2638336,256,0.988817,6.0000,,
10307,2638592,256,0.978597,6.0000,,
10308,2638848,256,0.982943,6.0000,,
10309,2639104,256,0.986110,6.0000,,
10310,2639360,256,0.979698,6.0000,,
10311,2639616,256,0.988180,6.0000,,
10312,2639872,256,0.984132,6.0000,,
10313,2640128,256,0.988800,6.0000,,
10314,2640384,256,0.989408,6.0000,,
10315,2640640,256,0.988910,6.0000,,
10316,2640896,256,0.982191,6.0000,,
10317,2641152,256,0.987629,6.0000,,
10318,2641408,256,0.988887,6.0000,,
10319,2641664,256,0.987398,6.0000,,
10320,2641920,256,0.987539,6.0000,,
10321,2642176,256,0.986351,6.0000,,
10322,2642432,256,0.983511,6.0000,,
10323,2642688,256,0.989626,6.0000,,
10324,2642944,256,0.982124,6.0000,,
10325,2643200,256,0.986082,6.0000,,
10326,2643456,256,0.988168,6.0000,,
10327,2643712,256,0.990759,6.0000,,
10328,2643968,256,0.985380,6.0000,,
10329,2644224,256,0.982522,6.0000,,
10330,2644480,256,0.987330,6.0000,,
10331,2644736,256,0.989411,6.0000,,
10332,2644992,256,0.989738,6.0000,,
10333,2645248,256,0.981169,6.0000,,
10334,2645504,256,0.987509,6.0000,,
10335,2645760,256,0.980749,6.0000,,
10336,2646016,256,0.987614,6.0000,,
10337,2646272,256,0.986424,6.0000,,
10338,2646528,256,0.990576,6.0000,,
10339,2646784,256,0.985475,6.0000,,
10340,2647040,256,0.984736,6.0000,,
10341,2647296,256,0.988508,6.0000,,
10342,2647552,256,0.988173,6.0000,,
10343,2647808,256,0.989453,6.0000,,
10344,2648064,256,0.982802,6.0000,,
10345,2648320,256,0.983981,6.0000,,
10346,2648576,256,0.983819,6.0000,,
10347,2648832,256,0.985906,6.0000,,
10348,2649088,256,0.988164,6.0000,,
10349,2649344,256,0.987927,6.0000,,
10350,2649600,256,0.989743,6.0000,,
10351,2649856,256,0.985581,6.0000,,
10352,2650112,256,0.983973,6.0000,,
10353,2650368,256,0.989226,6.0000,,
10354,2650624,256,0.980277,6.0000,,
10355,2650880,256,0.986142,6.0000,,
10356,2651136,256,0.986672,6.0000,,
10357,2651392,256,0.990678,6.0000,,
10358,2651648,256,0.988459,6.0000,,
10359,2651904,256,0.985158,6.0000,,
10360,2652160,256,0.992075,6.0000,,
10361,2652416,256,0.988082,6.0000,,
10362,2652672,256,0.989329,6.0000,,
10363,2652928,256,0.979728,6.0000,,
10364,2653184,256,0.988658,6.0000,,
10365,2653440,256,0.990503,6.0000,,
10366,2653696,256,0.989544,6.0000,,
10367,2653952,256,0.987515,6.0000,,
10368,2654208,256,0.991350,6.0000,,
10369,2654464,256,0.980580,6.0000,,
10370,2654720,256,0.990135,6.0000,,
10371,2654976,256,0.989675,6.0000,,
10372,2655232,256,0.987464,6.0000,,
10373,2655488,256,0.984846,6.0000,,
10374,2655744,256,0.988612,6.0000,,
10375,2656000,256,0.988195,6.0000,,
10376,2656256,256,0.985642,6.0000,,
10377,2656512,256,0.988161,6.0000,,
10378,2656768,256,0.984946,6.0000,,
10379,2657024,256,0.985213,6.0000,,
10380,2657280,256,0.980417,6.0000,,
10381,2657536,256,0.981803,6.0000,,
10382,2657792,256,0.983538,6.0000,,
10383,2658048,256,0.988677,6.0000,,
10384,2658304,256,0.984638,6.0000,,
10385,2658560,256,0.989256,6.0000,,
10386,2658816,256,0.983444,6.0000,,
10387,2659072,256,0.986017,6.0000,,
10388,2659328,256,0.989131,6.0000,,
10389,2659584,256,0.990006,6.0000,,
10390,2659840,256,0.987681,6.0000,,
10391,2660096,256,0.987010,6.0000,,
10392,2660352,256,0.976061,6.0000,,
10393,2660608,256,0.991869,6.0000,,
10394,2660864,256,0.987206,6.0000,,
10395,2661120,256,0.988985,6.0000,,
10396,2661376,256,0.989632,6.0000,,
10397,2661632,256,0.988947,6.0000,,
10398,2661888,256,0.987345,6.0000,,
10399,2662144,256,0.982365,6.0000,,
10400,2662400,256,0.980078,6.0000,0.994349,6.0000
10401,2662656,256,0.986998,6.0000,,
10402,2662912,256,0.985022,6.0000,,
10403,2663168,256,0.979932,6.0000,,
10404,2663424,256,0.988425,6.0000,,
10405,2663680,256,0.980736,6.0000,,
10406,2663936,256,0.973907,6.0000,,
10407,2664192,256,0.986960,6.0000,,
10408,2664448,256,0.989642,6.0000,,
10409,2664704,256,0.986569,6.0000,,
10410,2664960,256,0.988709,6.0000,,
10411,2665216,256,0.986037,6.0000,,
10412,2665472,256,0.985107,6.0000,,
10413,2665728,256,0.988221,6.0000,,
10414,2665984,256,0.985819,6.0000,,
10415,2666240,256,0.986024,6.0000,,
10416,2666496,256,0.991303,6.0000,,
10417,2666752,256,0.978272,6.0000,,
10418,2667008,256,0.983120,6.0000,,
10419,2667264,256,0.989472,6.0000,,
10420,2667520,256,0.989393,6.0000,,
10421,2667776,256,0.984043,6.0000,,
10422,2668032,256,0.990229,6.0000,,
10423,2668288,256,0.987365,6.0000,,
10424,2668544,256,0.984471,6.0000,,
10425,2668800,256,0.983271,6.0000,,
10426,2669056,256,0.988448,6.0000,,
10427,2669312,256,0.985518,6.0000,,
10428,2669568,256,0.986042,6.0000,,
10429,2669824,256,0.985656,6.0000,,
10430,2670080,256,0.989692,6.0000,,
10431,2670336,256,0.984435,6.0000,,
10432,2670592,256,0.987491,6.0000,,
10433,2670848,256,0.991679,6.0000,,
10434,2671104,256,0.984525,6.0000,,
10435,2671360,256,0.981296,6.0000,,
10436,2671616,256,0.987153,6.0000,,
10437,2671872,256,0.988506,6.0000,,
10438,2672128,256,0.987378,6.0000,,
10439,2672384,256,0.988346,6.0000,,
10440,2672640,256,0.988024,6.0000,,
10441,2672896,256,0.987436,6.0000,,
10442,2673152,256,0.985943,6.0000,,
10443,2673408,256,0.985758,6.0000,,
10444,2673664,256,0.986691,6.0000,,
10445,2673920,256,0.988314,6.0000,,
10446,2674176,256,0.989762,6.0000,,
10447,2674432,256,0.989842,6.0000,,
10448,2674688,256,0.984710,6.0000,,
10449,2674944,256,0.990472,6.0000,,
10450,2675200,256,0.984294,6.0000,,
10451,2675456,256,0.988137,6.0000,,
10452,2675712,256,0.984224,6.0000,,
10453,2675968,256,0.992976,6.0000,,
10454,2676224,256,0.985770,6.0000,,
10455,2676480,256,0.990040,6.0000,,
10456,2676736,256,0.982947,6.0000,,
10457,2676992,256,0.984211,6.0000,,
10458,2677248,256,0.985844,6.0000,,
10459,2677504,256,0.990309,6.0000,,
10460,2677760,256,0.988642,6.0000,,
10461,2678016,256,0.981491,6.0000,,
10462,2678272,256,0.985886,6.0000,,
10463,2678528,256,0.986938,6.0000,,
10464,2678784,256,0.986796,6.0000,,
10465,2679040,256,0.989703,6.0000,,
10466,2679296,256,0.984240,6.0000,,
10467,2679552,256,0.990590,6.0000,,
10468,2679808,256,0.986158,6.0000,,
10469,2680064,256,0.983360,6.0000,,
10470,2680320,256,0.986041,6.0000,,
10471,2680576,256,0.989247,6.0000,,
10472,2680832,256,0.983565,6.0000,,
10473,2681088,256,0.985443,6.0000,,
10474,2681344,256,0.980954,6.0000,,
10475,2681600,256,0.984602,6.0000,,
10476,2681856,256,0.987799,6.0000,,
10477,2682112,256,0.986068,6.0000,,
10478,2682368,256,0.985820,6.0000,,
10479,2682624,256,0.976140,6.0000,,
10480,2682880,256,0.982954,6.0000,,
10481,2683136,256,0.989992,6.0000,,
10482,2683392,256,0.985817,6.0000,,
10483,2683648,256,0.985858,6.0000,,
10484,2683904,256,0.981844,6.0000,,
10485,2684160,256,0.984546,6.0000,,
10486,2684416,256,0.983951,6.0000,,
10487,2684672,256,0.988603,6.0000,,
10488,2684928,256,0.982926,6.0000,,
10489,2685184,256,0.985505,6.0000,,
10490,2685440,256,0.985122,6.0000,,
10491,2685696,256,0.982394,6.0000,,
10492,2685952,256,0.984684,6.0000,,
10493,2686208,256,0.984139,6.0000,,
10494,2686464,256,0.986609,6.0000,,
10495,2686720,256,0.984916,6.0000,,
10496,2686976,256,0.985317,6.0000,,
10497,2687232,256,0.976979,6.0000,,
10498,2687488,256,0.986928,6.0000,,
10499,2687744,256,0.982921,6.0000,,
10500,2688000,256,0.984809,6.0000,0.989069,6.0000
10501,2688256,256,0.984197,6.0000,,
10502,2688512,256,0.984082,6.0000,,
10503,2688768,256,0.988849,6.0000,,
10504,2689024,256,0.981359,6.0000,,
10505,2689280,256,0.986316,6.0000,,
10506,2689536,256,0.983664,6.0000,,
10507,2689792,256,0.985697,6.0000,,
10508,2690048,256,0.987490,6.0000,,
10509,2690304,256,0.984552,6.0000,,
10510,2690560,256,0.980122,6.0000,,
10511,2690816,256,0.987078,6.0000,,
10512,2691072,256,0.983642,6.0000,,
10513,2691328,256,0.990180,6.0000,,
10514,2691584,256,0.985424,6.0000,,
10515,2691840,256,0.989612,6.0000,,
10516,2692096,256,0.988076,6.0000,,
10517,2692352,256,0.990347,6.0000,,
10518,2692608,256,0.987811,6.0000,,
10519,2692864,256,0.986567,6.0000,,
10520,2693120,256,0.990057,6.0000,,
10521,2693376,256,0.988419,6.0000,,
10522,2693632,256,0.989306,6.0000,,
10523,2693888,256,0.990953,6.0000,,
10524,2694144,256,0.991661,6.0000,,
10525,2694400,256,0.982756,6.0000,,
10526,2694656,256,0.980234,6.0000,,
10527,2694912,256,0.984649,6.0000,,
10528,2695168,256,0.992075,6.0000,,
10529,2695424,256,0.986259,6.0000,,
10530,2695680,256,0.990710,6.0000,,
10531,2695936,256,0.988593,6.0000,,
10532,2696192,256,0.988819,6.0000,,
10533,2696448,256,0.990529,6.0000,,
10534,2696704,256,0.991794,6.0000,,
10535,2696960,256,0.981951,6.0000,,
10536,2697216,256,0.984873,6.0000,,
10537,2697472,256,0.992132,6.0000,,
10538,2697728,256,0.989286,6.0000,,
10539,2697984,256,0.986308,6.0000,,
10540,2698240,256,0.987050,6.0000,,
10541,2698496,256,0.987860,6.0000,,
10542,2698752,256,0.991502,6.0000,,
10543,2699008,256,0.986114,6.0000,,
10544,2699264,256,0.981372,6.0000,,
10545,2699520,256,0.988695,6.0000,,
10546,2699776,256,0.991418,6.0000,,
10547,2700032,256,0.986985,6.0000,,
10548,2700288,256,0.991492,6.0000,,
10549,2700544,256,0.988108,6.0000,,
10550,2700800,256,0.982007,6.0000,,
10551,2701056,256,0.988939,6.0000,,
10552,2701312,256,0.986217,6.0000,,
10553,2701568,256,0.982921,6.0000,,
10554,2701824,256,0.988736,6.0000,,
10555,2702080,256,0.988208,6.0000,,
10556,2702336,256,0.986154,6.0000,,
10557,2702592,256,0.985864,6.0000,,
10558,2702848,256,0.987093,6.0000,,
10559,2703104,256,0.983175,6.0000,,
10560,2703360,256,0.991099,6.0000,,
10561,2703616,256,0.990110,6.0000,,
10562,2703872,256,0.989719,6.0000,,
10563,2704128,256,0.991576,6.0000,,
10564,2704384,256,0.989691,6.0000,,
10565,2704640,256,0.988814,6.0000,,
10566,2704896,256,0.985422,6.0000,,
10567,2705152,256,0.988741,6.0000,,
10568,2705408,256,0.986780,6.0000,,
10569,2705664,256,0.981681,6.0000,,
10570,2705920,256,0.987815,6.0000,,
10571,2706176,256,0.988582,6.0000,,
10572,2706432,256,0.986025,6.0000,,
10573,2706688,256,0.988639,6.0000,,
10574,2706944,256,0.986126,6.0000,,
10575,2707200,256,0.988784,6.0000,,
10576,2707456,256,0.990565,6.0000,,
10577,2707712,256,0.990804,6.0000,,
10578,2707968,256,0.987789,6.0000,,
10579,2708224,256,0.980244,6.0000,,
10580,2708480,256,0.989964,6.0000,,
10581,2708736,256,0.989660,6.0000,,
10582,2708992,256,0.981704,6.0000,,
10583,2709248,256,0.986650,6.0000,,
10584,2709504,256,0.988565,6.0000,,
10585,2709760,256,0.989983,6.0000,,
10586,2710016,256,0.982218,6.0000,,
10587,2710272,256,0.984063,6.0000,,
10588,2710528,256,0.985065,6.0000,,
10589,2710784,256,0.987700,6.0000,,
10590,2711040,256,0.984143,6.0000,,
10591,2711296,256,0.991086,6.0000,,
10592,2711552,256,0.983310,6.0000,,
10593,2711808,256,0.985513,6.0000,,
10594,2712064,256,0.990660,6.0000,,
10595,2712320,256,0.987306,6.0000,,
10596,2712576,256,0.987749,6.0000,,
10597,2712832,256,0.985039,6.0000,,
10598,2713088,256,0.989555,6.0000,,
10599,2713344,256,0.984483,6.0000,,
10600,2713600,256,0.985189,6.0000,0.993630,6.0000
10601,2713856,256,0.985083,6.0000,,
10602,2714112,256,0.989030,6.0000,,
10603,2714368,256,0.991606,6.0000,,
10604,2714624,256,0.989193,6.0000,,
10605,2714880,256,0.987437,6.0000,,
10606,2715136,256,0.991375,6.0000,,
10607,2715392,256,0.989545,6.0000,,
10608,2715648,256,0.991262,6.0000,,
10609,2715904,256,0.982950,6.0000,,
10610,2716160,256,0.981714,6.0000,,
10611,2716416,256,0.989002,6.0000,,
10612,2716672,256,0.991507,6.0000,,
10613,2716928,256,0.988979,6.0000,,
10614,2717184,256,0.989069,6.0000,,
10615,2717440,256,0.990339,6.0000,,
10616,2717696,256,0.989114,6.0000,,
10617,2717952,256,0.988585,6.0000,,
10618,2718208,256,0.992854,6.0000,,
10619,2718464,256,0.990076,6.0000,,
10620,2718720,256,0.986506,6.0000,,
10621,2718976,256,0.989364,6.0000,,
10622,2719232,256,0.986683,6.0000,,
10623,2719488,256,0.986989,6.0000,,
10624,2719744,256,0.989288,6.0000,,
10625,2720000,256,0.990459,6.0000,,
10626,2720256,256,0.990777,6.0000,,
10627,2720512,256,0.987728,6.0000,,
10628,2720768,256,0.990491,6.0000,,
10629,2721024,256,0.982951,6.0000,,
10630,2721280,256,0.984054,6.0000,,
10631,2721536,256,0.991154,6.0000,,
10632,2721792,256,0.992868,6.0000,,
10633,2722048,256,0.980403,6.0000,,
10634,2722304,256,0.987754,6.0000,,
10635,2722560,256,0.988360,6.0000,,
10636,2722816,256,0.984766,6.0000,,
10637,2723072,256,0.988274,6.0000,,
10638,2723328,256,0.991044,6.0000,,
10639,2723584,256,0.990070,6.0000,,
10640,2723840,256,0.983511,6.0000,,
10641,2724096,256,0.987880,6.0000,,
10642,2724352,256,0.986610,6.0000,,
10643,2724608,256,0.987790,6.0000,,
10644,2724864,256,0.987649,6.0000,,
10645,2725120,256,0.989211,6.0000,,
10646,2725376,256,0.988193,6.0000,,
10647,2725632,256,0.985598,6.0000,,
10648,2725888,256,0.987244,6.0000,,
10649,2726144,256,0.987502,6.0000,,
10650,2726400,256,0.987579,6.0000,,
10651,2726656,256,0.990317,6.0000,,
10652,2726912,256,0.979754,6.0000,,
10653,2727168,256,0.980441,6.0000,,
10654,2727424,256,0.983938,6.0000,,
10655,2727680,256,0.985916,6.0000,,
10656,2727936,256,0.985809,6.0000,,
10657,2728192,256,0.986790,6.0000,,
10658,2728448,256,0.988721,6.0000,,
10659,2728704,256,0.984549,6.0000,,
10660,2728960,256,0.988700,6.0000,,
10661,2729216,256,0.985546,6.0000,,
10662,2729472,256,0.988905,6.0000,,
10663,2729728,256,0.985497,6.0000,,
10664,2729984,256,0.984968,6.0000,,
10665,2730240,256,0.986713,6.0000,,
10666,2730496,256,0.985278,6.0000,,
10667,2730752,256,0.991160,6.0000,,
10668,2731008,256,0.983681,6.0000,,
10669,2731264,256,0.989583,6.0000,,
10670,2731520,256,0.981450,6.0000,,
10671,2731776,256,0.984106,6.0000,,
10672,2732032,256,0.984845,6.0000,,
10673,2732288,256,0.990076,6.0000,,
10674,2732544,256,0.985818,6.0000,,
10675,2732800,256,0.989772,6.0000,,
10676,2733056,256,0.980683,6.0000,,
10677,2733312,256,0.988781,6.0000,,
10678,2733568,256,0.985753,6.0000,,
10679,2733824,256,0.988399,6.0000,,
10680,2734080,256,0.991546,6.0000,,
10681,2734336,256,0.988151,6.0000,,
10682,2734592,256,0.986606,6.0000,,
10683,2734848,256,0.985796,6.0000,,
10684,2735104,256,0.988315,6.0000,,
10685,2735360,256,0.986777,6.0000,,
10686,2735616,256,0.987722,6.0000,,
10687,2735872,256,0.989726,6.0000,,
10688,2736128,256,0.990951,6.0000,,
10689,2736384,256,0.990842,6.0000,,
10690,2736640,256,0.986107,6.0000,,
10691,2736896,256,0.989660,6.0000,,
10692,2737152,256,0.988090,6.0000,,
10693,2737408,256,0.981078,6.0000,,
10694,2737664,256,0.984702,6.0000,,
10695,2737920,256,0.985466,6.0000,,
10696,2738176,256,0.985458,6.0000,,
10697,2738432,256,0.978884,6.0000,,
10698,2738688,256,0.983736,6.0000,,
10699,2738944,256,0.983166,6.0000,,
10700,2739200,256,0.984321,6.0000,0.994535,6.0000
10701,2739456,256,0.988157,6.0000,,
10702,2739712,256,0.989323,6.0000,,
10703,2739968,256,0.989620,6.0000,,
10704,2740224,256,0.985818,6.0000,,
10705,2740480,256,0.988521,6.0000,,
10706,2740736,256,0.989334,6.0000,,
10707,2740992,256,0.987411,6.0000,,
10708,2741248,256,0.987134,6.0000,,
10709,2741504,256,0.986809,6.0000,,
10710,2741760,256,0.983196,6.0000,,
10711,2742016,256,0.985096,6.0000,,
10712,2742272,256,0.986286,6.0000,,
10713,2742528,256,0.986821,6.0000,,
10714,2742784,256,0.991290,6.0000,,
10715,2743040,256,0.986737,6.0000,,
10716,2743296,256,0.985301,6.0000,,
10717,2743552,256,0.983776,6.0000,,
10718,2743808,256,0.987976,6.0000,,
10719,2744064,256,0.982812,6.0000,,
10720,2744320,256,0.990150,6.0000,,
10721,2744576,256,0.986266,6.0000,,
10722,2744832,256,0.987190,6.0000,,
10723,2745088,256,0.981433,6.0000,,
10724,2745344,256,0.982348,6.0000,,
10725,2745600,256,0.982387,6.0000,,
10726,2745856,256,0.989225,6.0000,,
10727,2746112,256,0.987298,6.0000,,
10728,2746368,256,0.985404,6.0000,,
10729,2746624,256,0.988723,6.0000,,
10730,2746880,256,0.982937,6.0000,,
10731,2747136,256,0.984271,6.0000,,
10732,2747392,256,0.985142,6.0000,,
10733,2747648,256,0.980308,6.0000,,
10734,2747904,256,0.986655,6.0000,,
10735,2748160,256,0.987439,6.0000,,
10736,2748416,256,0.975950,6.0000,,
10737,2748672,256,0.990219,6.0000,,
10738,2748928,256,0.981214,6.0000,,
10739,2749184,256,0.989755,6.0000,,
10740,2749440,256,0.979738,6.0000,,
10741,2749696,256,0.985632,6.0000,,
10742,2749952,256,0.986572,6.0000,,
10743,2750208,256,0.984871,6.0000,,
10744,2750464,256,0.985858,6.0000,,
10745,2750720,256,0.989553,6.0000,,
10746,2750976,256,0.986230,6.0000,,
10747,2751232,256,0.983067,6.0000,,
10748,2751488,256,0.986065,6.0000,,
10749,2751744,256,0.987145,6.0000,,
10750,2752000,256,0.990195,6.0000,,
10751,2752256,256,0.989861,6.0000,,
10752,2752512,256,0.989322,6.0000,,
10753,2752768,256,0.987187,6.0000,,
10754,2753024,256,0.988501,6.0000,,
10755,2753280,256,0.984627,6.0000,,
10756,2753536,256,0.989975,6.0000,,
10757,2753792,256,0.988435,6.0000,,
10758,2754048,256,0.988256,6.0000,,
10759,2754304,256,0.985838,6.0000,,
10760,2754560,256,0.988613,6.0000,,
10761,2754816,256,0.988526,6.0000,,
10762,2755072,256,0.989247,6.0000,,
10763,2755328,256,0.983139,6.0000,,
10764,2755584,256,0.983699,6.0000,,
10765,2755840,256,0.981635,6.0000,,
10766,2756096,256,0.985127,6.0000,,
10767,2756352,256,0.987655,6.0000,,
10768,2756608,256,0.986719,6.0000,,
10769,2756864,256,0.985005,6.0000,,
10770,2757120,256,0.988256,6.0000,,
10771,2757376,256,0.987145,6.0000,,
10772,2757632,256,0.986354,6.0000,,
10773,2757888,256,0.982024,6.0000,,
10774,2758144,256,0.986135,6.0000,,
10775,2758400,256,0.984156,6.0000,,
10776,2758656,256,0.988167,6.0000,,
10777,2758912,256,0.984958,6.0000,,
10778,2759168,256,0.982068,6.0000,,
10779,2759424,256,0.984279,6.0000,,
10780,2759680,256,0.985902,6.0000,,
10781,2759936,256,0.988137,6.0000,,
10782,2760192,256,0.985806,6.0000,,
10783,2760448,256,0.988244,6.0000,,
10784,2760704,256,0.985073,6.0000,,
10785,2760960,256,0.985441,6.0000,,
10786,2761216,256,0.989949,6.0000,,
10787,2761472,256,0.990519,6.0000,,
10788,2761728,256,0.990458,6.0000,,
10789,2761984,256,0.983915,6.0000,,
10790,2762240,256,0.983237,6.0000,,
10791,2762496,256,0.984046,6.0000,,
10792,2762752,256,0.986439,6.0000,,
10793,2763008,256,0.989436,6.0000,,
10794,2763264,256,0.988400,6.0000,,
10795,2763520,256,0.987947,6.0000,,
10796,2763776,256,0.988993,6.0000,,
10797,2764032,256,0.987350,6.0000,,
10798,2764288,256,0.986352,6.0000,,
10799,2764544,256,0.990534,6.0000,,
10800,2764800,256,0.989794,6.0000,0.995062,6.0000
10801,2765056,256,0.983921,6.0000,,
10802,2765312,256,0.987142,6.0000,,
10803,2765568,256,0.984693,6.0000,,
10804,2765824,256,0.989230,6.0000,,
10805,2766080,256,0.990932,6.0000,,
10806,2766336,256,0.988948,6.0000,,
10807,2766592,256,0.987190,6.0000,,
10808,2766848,256,0.986988,6.0000,,
10809,2767104,256,0.983993,6.0000,,
10810,2767360,256,0.987901,6.0000,,
10811,2767616,256,0.989871,6.0000,,
10812,2767872,256,0.986433,6.0000,,
10813,2768128,256,0.990453,6.0000,,
10814,2768384,256,0.986048,6.0000,,
10815,2768640,256,0.984439,6.0000,,
10816,2768896,256,0.987733,6.0000,,
10817,2769152,256,0.986145,6.0000,,
10818,2769408,256,0.983641,6.0000,,
10819,2769664,256,0.985491,6.0000,,
10820,2769920,256,0.987129,6.0000,,
10821,2770176,256,0.985259,6.0000,,
10822,2770432,256,0.989410,6.0000,,
10823,2770688,256,0.985061,6.0000,,
10824,2770944,256,0.986040,6.0000,,
10825,2771200,256,0.989512,6.0000,,
10826,2771456,256,0.987401,6.0000,,
10827,2771712,256,0.986548,6.0000,,
10828,2771968,256,0.989677,6.0000,,
10829,2772224,256,0.989324,6.0000,,
10830,2772480,256,0.988853,6.0000,,
10831,2772736,256,0.986609,6.0000,,
10832,2772992,256,0.985921,6.0000,,
10833,2773248,256,0.989194,6.0000,,
10834,2773504,256,0.985268,6.0000,,
10835,2773760,256,0.987480,6.0000,,
10836,2774016,256,0.986789,6.0000,,
10837,2774272,256,0.988710,6.0000,,
10838,2774528,256,0.986995,6.0000,,
10839,2774784,256,0.989878,6.0000,,
10840,2775040,256,0.984816,6.0000,,
10841,2775296,256,0.988688,6.0000,,
10842,2775552,256,0.988281,6.0000,,
10843,2775808,256,0.989345,6.0000,,
10844,2776064,256,0.986677,6.0000,,
10845,2776320,256,0.985286,6.0000,,
10846,2776576,256,0.989368,6.0000,,
10847,2776832,256,0.988228,6.0000,,
10848,2777088,256,0.989336,6.0000,,
10849,2777344,256,0.985515,6.0000,,
10850,2777600,256,0.986889,6.0000,,
10851,2777856,256,0.985990,6.0000,,
10852,2778112,256,0.983914,6.0000,,
10853,2778368,256,0.987685,6.0000,,
10854,2778624,256,0.986484,6.0000,,
10855,2778880,256,0.985501,6.0000,,
10856,2779136,256,0.986353,6.0000,,
10857,2779392,256,0.986592,6.0000,,
10858,2779648,256,0.978297,6.0000,,
10859,2779904,256,0.986715,6.0000,,
10860,2780160,256,0.982937,6.0000,,
10861,2780416,256,0.989408,6.0000,,
10862,2780672,256,0.981943,6.0000,,
10863,2780928,256,0.990042,6.0000,,
10864,2781184,256,0.988280,6.0000,,
10865,2781440,256,0.991513,6.0000,,
10866,2781696,256,0.985597,6.0000,,
10867,2781952,256,0.987672,6.0000,,
10868,2782208,256,0.990888,6.0000,,
10869,2782464,256,0.989082,6.0000,,
10870,2782720,256,0.981369,6.0000,,
10871,2782976,256,0.980662,6.0000,,
10872,2783232,256,0.987438,6.0000,,
10873,2783488,256,0.984803,6.0000,,
10874,2783744,256,0.980280,6.0000,,
10875,2784000,256,0.986346,6.0000,,
10876,2784256,256,0.981872,6.0000,,
10877,2784512,256,0.979676,6.0000,,
10878,2784768,256,0.976284,6.0000,,
10879,2785024,256,0.981603,6.0000,,
10880,2785280,256,0.989515,6.0000,,
10881,2785536,256,0.980003,6.0000,,
10882,2785792,256,0.984966,6.0000,,
10883,2786048,256,0.978760,6.0000,,
10884,2786304,256,0.984057,6.0000,,
10885,2786560,256,0.982829,6.0000,,
10886,2786816,256,0.987440,6.0000,,
10887,2787072,256,0.975813,6.0000,,
10888,2787328,256,0.986842,6.0000,,
10889,2787584,256,0.980254,6.0000,,
10890,2787840,256,0.986039,6.0000,,
10891,2788096,256,0.984531,6.0000,,
10892,2788352,256,0.988594,6.0000,,
10893,2788608,256,0.982460,6.0000,,
10894,2788864,256,0.987657,6.0000,,
10895,2789120,256,0.988265,6.0000,,
10896,2789376,256,0.981731,6.0000,,
10897,2789632,256,0.987884,6.0000,,
10898,2789888,256,0.989833,6.0000,,
10899,2790144,256,0.991747,6.0000,,
10900,2790400,256,0.986716,6.0000,0.996522,6.0000
10901,2790656,256,0.990071,6.0000,,
10902,2790912,256,0.990096,6.0000,,
10903,2791168,256,0.989265,6.0000,,
10904,2791424,256,0.982786,6.0000,,
10905,2791680,256,0.987226,6.0000,,
10906,2791936,256,0.987904,6.0000,,
10907,2792192,256,0.981737,6.0000,,
10908,2792448,256,0.985359,6.0000,,
10909,2792704,256,0.987779,6.0000,,
10910,2792960,256,0.989114,6.0000,,
10911,2793216,256,0.989188,6.0000,,
10912,2793472,256,0.986211,6.0000,,
10913,2793728,256,0.991863,6.0000,,
10914,2793984,256,0.983179,6.0000,,
10915,2794240,256,0.987970,6.0000,,
10916,2794496,256,0.984772,6.0000,,
10917,2794752,256,0.989935,6.0000,,
10918,2795008,256,0.990078,6.0000,,
10919,2795264,256,0.985459,6.0000,,
10920,2795520,256,0.987820,6.0000,,
10921,2795776,256,0.987276,6.0000,,
10922,2796032,256,0.986497,6.0000,,
10923,2796288,256,0.987308,6.0000,,
10924,2796544,256,0.987115,6.0000,,
10925,2796800,256,0.986731,6.0000,,
10926,2797056,256,0.985523,6.0000,,
10927,2797312,256,0.988401,6.0000,,
10928,2797568,256,0.986661,6.0000,,
10929,2797824,256,0.986606,6.0000,,
10930,2798080,256,0.985145,6.0000,,
10931,2798336,256,0.990389,6.0000,,
10932,2798592,256,0.988550,6.0000,,
10933,2798848,256,0.989367,6.0000,,
10934,2799104,256,0.987292,6.0000,,
10935,2799360,256,0.989096,6.0000,,
10936,2799616,256,0.983452,6.0000,,
10937,2799872,256,0.988989,6.0000,,
10938,2800128,256,0.987665,6.0000,,
10939,2800384,256,0.988720,6.0000,,
10940,2800640,256,0.988249,6.0000,,
10941,2800896,256,0.985810,6.0000,,
10942,2801152,256,0.989262,6.0000,,
10943,2801408,256,0.989844,6.0000,,
10944,2801664,256,0.986660,6.0000,,
10945,2801920,256,0.988473,6.0000,,
10946,2802176,256,0.991898,6.0000,,
10947,2802432,256,0.985375,6.0000,,
10948,2802688,256,0.986316,6.0000,,
10949,2802944,256,0.988952,6.0000,,
10950,2803200,256,0.987573,6.0000,,
10951,2803456,256,0.981033,6.0000,,
10952,2803712,256,0.989998,6.0000,,
10953,2803968,256,0.990021,6.0000,,
10954,2804224,256,0.989446,6.0000,,
10955,2804480,256,0.985464,6.0000,,
10956,2804736,256,0.989876,6.0000,,
10957,2804992,256,0.986975,6.0000,,
10958,2805248,256,0.986910,6.0000,,
10959,2805504,256,0.987179,6.0000,,
10960,2805760,256,0.990885,6.0000,,
10961,2806016,256,0.987168,6.0000,,
10962,2806272,256,0.987369,6.0000,,
10963,2806528,256,0.985761,6.0000,,
10964,2806784,256,0.991095,6.0000,,
10965,2807040,256,0.987674,6.0000,,
10966,2807296,256,0.989176,6.0000,,
10967,2807552,256,0.985162,6.0000,,
10968,2807808,256,0.980991,6.0000,,
10969,2808064,256,0.991161,6.0000,,
10970,2808320,256,0.983822,6.0000,,
10971,2808576,256,0.982381,6.0000,,
10972,2808832,256,0.983890,6.0000,,
10973,2809088,256,0.991039,6.0000,,
10974,2809344,256,0.984082,6.0000,,
10975,2809600,256,0.985955,6.0000,,
10976,2809856,256,0.987250,6.0000,,
10977,2810112,256,0.989321,6.0000,,
10978,2810368,256,0.984489,6.0000,,
10979,2810624,256,0.990803,6.0000,,
10980,2810880,256,0.981491,6.0000,,
10981,2811136,256,0.987520,6.0000,,
10982,2811392,256,0.989644,6.0000,,
10983,2811648,256,0.986302,6.0000,,
10984,2811904,256,0.989739,6.0000,,
10985,2812160,256,0.985081,6.0000,,
10986,2812416,256,0.990061,6.0000,,
10987,2812672,256,0.984202,6.0000,,
10988,2812928,256,0.988967,6.0000,,
10989,2813184,256,0.986639,6.0000,,
10990,2813440,256,0.988054,6.0000,,
10991,2813696,256,0.989068,6.0000,,
10992,2813952,256,0.985479,6.0000,,
10993,2814208,256,0.988838,6.0000,,
10994,2814464,256,0.989974,6.0000,,
10995,2814720,256,0.980225,6.0000,,
10996,2814976,256,0.989910,6.0000,,
10997,2815232,256,0.990272,6.0000,,
10998,2815488,256,0.988501,6.0000,,
10999,2815744,256,0.986482,6.0000,,
11000,2816000,256,0.991936,6.0000,0.996428,6.0000
11001,2816256,256,0.988926,6.0000,,
11002,2816512,256,0.983865,6.0000,,
11003,2816768,256,0.990412,6.0000,,
11004,2817024,256,0.988311,6.0000,,
11005,2817280,256,0.985615,6.0000,,
11006,2817536,256,0.991199,6.0000,,
11007,2817792,256,0.983072,6.0000,,
11008,2818048,256,0.990146,6.0000,,
11009,2818304,256,0.987623,6.0000,,
11010,2818560,256,0.985367,6.0000,,
11011,2818816,256,0.985211,6.0000,,
11012,2819072,256,0.982739,6.0000,,
11013,2819328,256,0.989145,6.0000,,
11014,2819584,256,0.978771,6.0000,,
11015,2819840,256,0.984033,6.0000,,
11016,2820096,256,0.989537,6.0000,,
11017,2820352,256,0.986214,6.0000,,
11018,2820608,256,0.985137,6.0000,,
11019,2820864,256,0.990283,6.0000,,
11020,2821120,256,0.989300,6.0000,,
11021,2821376,256,0.989096,6.0000,,
11022,2821632,256,0.991716,6.0000,,
11023,2821888,256,0.988199,6.0000,,
11024,2822144,256,0.992059,6.0000,,
11025,2822400,256,0.990213,6.0000,,
11026,2822656,256,0.985093,6.0000,,
11027,2822912,256,0.989731,6.0000,,
11028,2823168,256,0.990481,6.0000,,
11029,2823424,256,0.987521,6.0000,,
11030,2823680,256,0.989787,6.0000,,
11031,2823936,256,0.991175,6.0000,,
11032,2824192,256,0.986171,6.0000,,
11033,2824448,256,0.990122,6.0000,,
11034,2824704,256,0.990598,6.0000,,
11035,2824960,256,0.987566,6.0000,,
11036,2825216,256,0.988142,6.0000,,
11037,2825472,256,0.988699,6.0000,,
11038,2825728,256,0.989239,6.0000,,
11039,2825984,256,0.984547,6.0000,,
11040,2826240,256,0.990479,6.0000,,
11041,2826496,256,0.985437,6.0000,,
11042,2826752,256,0.983533,6.0000,,
11043,2827008,256,0.988969,6.0000,,
11044,2827264,256,0.986462,6.0000,,
11045,2827520,256,0.989821,6.0000,,
11046,2827776,256,0.981458,6.0000,,
11047,2828032,256,0.989346,6.0000,,
11048,2828288,256,0.984880,6.0000,,
11049,2828544,256,0.987839,6.0000,,
11050,2828800,256,0.988215,6.0000,,
11051,2829056,256,0.988920,6.0000,,
11052,2829312,256,0.988910,6.0000,,
11053,2829568,256,0.989299,6.0000,,
11054,2829824,256,0.987308,6.0000,,
11055,2830080,256,0.990513,6.0000,,
11056,2830336,256,0.991661,6.0000,,
11057,2830592,256,0.986556,6.0000,,
11058,2830848,256,0.988184,6.0000,,
11059,2831104,256,0.987837,6.0000,,
11060,2831360,256,0.985783,6.0000,,
11061,2831616,256,0.990930,6.0000,,
11062,2831872,256,0.983638,6.0000,,
11063,2832128,256,0.985898,6.0000,,
11064,2832384,256,0.983037,6.0000,,
11065,2832640,256,0.985529,6.0000,,
11066,2832896,256,0.986052,6.0000,,
11067,2833152,256,0.984604,6.0000,,
11068,2833408,256,0.984284,6.0000,,
11069,2833664,256,0.987876,6.0000,,
11070,2833920,256,0.985490,6.0000,,
11071,2834176,256,0.984846,6.0000,,
11072,2834432,256,0.989815,6.0000,,
11073,2834688,256,0.989879,6.0000,,
11074,2834944,256,0.987049,6.0000,,
11075,2835200,256,0.987824,6.0000,,
11076,2835456,256,0.986039,6.0000,,
11077,2835712,256,0.986602,6.0000,,
11078,2835968,256,0.984732,6.0000,,
11079,2836224,256,0.981249,6.0000,,
11080,2836480,256,0.985306,6.0000,,
11081,2836736,256,0.989058,6.0000,,
11082,2836992,256,0.985791,6.0000,,
11083,2837248,256,0.985723,6.0000,,
11084,2837504,256,0.984995,6.0000,,
11085,2837760,256,0.984269,6.0000,,
11086,2838016,256,0.987256,6.0000,,
11087,2838272,256,0.981928,6.0000,,
11088,2838528,256,0.989768,6.0000,,
11089,2838784,256,0.988907,6.0000,,
11090,2839040,256,0.989667,6.0000,,
11091,2839296,256,0.983921,6.0000,,
11092,2839552,256,0.975412,6.0000,,
11093,2839808,256,0.983670,6.0000,,
11094,2840064,256,0.980776,6.0000,,
11095,2840320,256,0.980129,6.0000,,
11096,2840576,256,0.984522,6.0000,,
11097,2840832,256,0.985094,6.0000,,
11098,2841088,256,0.986830,6.0000,,
11099,2841344,256,0.986040,6.0000,,
11100,2841600,256,0.985320,6.0000,0.990068,6.0000
11101,2841856,256,0.985300,6.0000,,
11102,2842112,256,0.984308,6.0000,,
11103,2842368,256,0.985986,6.0000,,
11104,2842624,256,0.985795,6.0000,,
11105,2842880,256,0.987962,6.0000,,
11106,2843136,256,0.986781,6.0000,,
11107,2843392,256,0.988579,6.0000,,
11108,2843648,256,0.989666,6.0000,,
11109,2843904,256,0.978042,6.0000,,
11110,2844160,256,0.989793,6.0000,,
11111,2844416,256,0.987145,6.0000,,
11112,2844672,256,0.988999,6.0000,,
11113,2844928,256,0.981371,6.0000,,
11114,2845184,256,0.985881,6.0000,,
11115,2845440,256,0.989223,6.0000,,
11116,2845696,256,0.986943,6.0000,,
11117,2845952,256,0.984434,6.0000,,
11118,2846208,256,0.987099,6.0000,,
11119,2846464,256,0.985350,6.0000,,
11120,2846720,256,0.989241,6.0000,,
11121,2846976,256,0.984084,6.0000,,
11122,2847232,256,0.992476,6.0000,,
11123,2847488,256,0.986908,6.0000,,
11124,2847744,256,0.987038,6.0000,,
11125,2848000,256,0.983482,6.0000,,
11126,2848256,256,0.989474,6.0000,,
11127,2848512,256,0.989541,6.0000,,
11128,2848768,256,0.987751,6.0000,,
11129,2849024,256,0.990510,6.0000,,
11130,2849280,256,0.987242,6.0000,,
11131,2849536,256,0.985435,6.0000,,
11132,2849792,256,0.975370,6.0000,,
11133,2850048,256,0.991286,6.0000,,
11134,2850304,256,0.990640,6.0000,,
11135,2850560,256,0.989143,6.0000,,
11136,2850816,256,0.986539,6.0000,,
11137,2851072,256,0.987595,6.0000,,
11138,2851328,256,0.991368,6.0000,,
11139,2851584,256,0.983312,6.0000,,
11140,2851840,256,0.989543,6.0000,,
11141,2852096,256,0.990975,6.0000,,
11142,2852352,256,0.987040,6.0000,,
11143,2852608,256,0.978773,6.0000,,
11144,2852864,256,0.985077,6.0000,,
11145,2853120,256,0.982429,6.0000,,
11146,2853376,256,0.989539,6.0000,,
11147,2853632,256,0.984741,6.0000,,
11148,2853888,256,0.983222,6.0000,,
11149,2854144,256,0.982723,6.0000,,
11150,2854400,256,0.989863,6.0000,,
11151,2854656,256,0.989574,6.0000,,
11152,2854912,256,0.989107,6.0000,,
11153,2855168,256,0.988730,6.0000,,
11154,2855424,256,0.988911,6.0000,,
11155,2855680,256,0.989241,6.0000,,
11156,2855936,256,0.988619,6.0000,,
11157,2856192,256,0.989845,6.0000,,
11158,2856448,256,0.987415,6.0000,,
11159,2856704,256,0.988083,6.0000,,
11160,2856960,256,0.986745,6.0000,,
11161,2857216,256,0.986731,6.0000,,
11162,2857472,256,0.991344,6.0000,,
11163,2857728,256,0.988782,6.0000,,
11164,2857984,256,0.991662,6.0000,,
11165,2858240,256,0.991987,6.0000,,
11166,2858496,256,0.988053,6.0000,,
11167,2858752,256,0.989358,6.0000,,
11168,2859008,256,0.988354,6.0000,,
11169,2859264,256,0.985475,6.0000,,
11170,2859520,256,0.990412,6.0000,,
11171,2859776,256,0.981450,6.0000,,
11172,2860032,256,0.984862,6.0000,,
11173,2860288,256,0.987392,6.0000,,
11174,2860544,256,0.981692,6.0000,,
11175,2860800,256,0.985141,6.0000,,
11176,2861056,256,0.988189,6.0000,,
11177,2861312,256,0.989616,6.0000,,
11178,2861568,256,0.985085,6.0000,,
11179,2861824,256,0.986953,6.0000,,
11180,2862080,256,0.986548,6.0000,,
11181,2862336,256,0.979757,6.0000,,
11182,2862592,256,0.985188,6.0000,,
11183,2862848,256,0.989416,6.0000,,
11184,2863104,256,0.985354,6.0000,,
11185,2863360,256,0.987578,6.0000,,
11186,2863616,256,0.989191,6.0000,,
11187,2863872,256,0.988571,6.0000,,
11188,2864128,256,0.987743,6.0000,,
11189,2864384,256,0.987809,6.0000,,
11190,2864640,256,0.988515,6.0000,,
11191,2864896,256,0.991918,6.0000,,
11192,2865152,256,0.985097,6.0000,,
11193,2865408,256,0.984893,6.0000,,
11194,2865664,256,0.985808,6.0000,,
11195,2865920,256,0.989155,6.0000,,
11196,2866176,256,0.987520,6.0000,,
11197,2866432,256,0.991185,6.0000,,
11198,2866688,256,0.986267,6.0000,,
11199,2866944,256,0.990797,6.0000,,
11200,2867200,256,0.987952,6.0000,0.995340,6.0000
11201,2867456,256,0.989928,6.0000,,
11202,2867712,256,0.983615,6.0000,,
11203,2867968,256,0.991197,6.0000,,
11204,2868224,256,0.979767,6.0000,,
11205,2868480,256,0.990639,6.0000,,
11206,2868736,256,0.982699,6.0000,,
11207,2868992,256,0.983813,6.0000,,
11208,2869248,256,0.981453,6.0000,,
11209,2869504,256,0.987222,6.0000,,
11210,2869760,256,0.984221,6.0000,,
11211,2870016,256,0.988059,6.0000,,
11212,2870272,256,0.991763,6.0000,,
11213,2870528,256,0.985856,6.0000,,
11214,2870784,256,0.986046,6.0000,,
11215,2871040,256,0.987961,6.0000,,
11216,2871296,256,0.990556,6.0000,,
11217,2871552,256,0.991593,6.0000,,
11218,2871808,256,0.990877,6.0000,,
11219,2872064,256,0.987630,6.0000,,
11220,2872320,256,0.986246,6.0000,,
11221,2872576,256,0.990284,6.0000,,
11222,2872832,256,0.989745,6.0000,,
11223,2873088,256,0.985290,6.0000,,
11224,2873344,256,0.986596,6.0000,,
11225,2873600,256,0.988648,6.0000,,
11226,2873856,256,0.988976,6.0000,,
11227,2874112,256,0.986329,6.0000,,
11228,2874368,256,0.986407,6.0000,,
11229,2874624,256,0.987236,6.0000,,
11230,2874880,256,0.988927,6.0000,,
11231,2875136,256,0.992096,6.0000,,
11232,2875392,256,0.989972,6.0000,,
11233,2875648,256,0.989097,6.0000,,
11234,2875904,256,0.991095,6.0000,,
11235,2876160,256,0.985729,6.0000,,
11236,2876416,256,0.987815,6.0000,,
11237,2876672,256,0.991373,6.0000,,
11238,2876928,256,0.988913,6.0000,,
11239,2877184,256,0.990567,6.0000,,
11240,2877440,256,0.986585,6.0000,,
11241,2877696,256,0.984477,6.0000,,
11242,2877952,256,0.987921,6.0000,,
11243,2878208,256,0.990887,6.0000,,
11244,2878464,256,0.983806,6.0000,,
11245,2878720,256,0.985323,6.0000,,
11246,2878976,256,0.991794,6.0000,,
11247,2879232,256,0.989252,6.0000,,
11248,2879488,256,0.989128,6.0000,,
11249,2879744,256,0.989327,6.0000,,
11250,2880000,256,0.986198,6.0000,,
11251,2880256,256,0.986378,6.0000,,
11252,2880512,256,0.988262,6.0000,,
11253,2880768,256,0.984104,6.0000,,
11254,2881024,256,0.988037,6.0000,,
11255,2881280,256,0.987289,6.0000,,
11256,2881536,256,0.986314,6.0000,,
11257,2881792,256,0.981553,6.0000,,
11258,2882048,256,0.986731,6.0000,,
11259,2882304,256,0.984998,6.0000,,
11260,2882560,256,0.982786,6.0000,,
11261,2882816,256,0.988672,6.0000,,
11262,2883072,256,0.987309,6.0000,,
11263,2883328,256,0.990797,6.0000,,
11264,2883584,256,0.991125,6.0000,,
11265,2883840,256,0.984173,6.0000,,
11266,2884096,256,0.986748,6.0000,,
11267,2884352,256,0.989161,6.0000,,
11268,2884608,256,0.987566,6.0000,,
11269,2884864,256,0.991331,6.0000,,
11270,2885120,256,0.986418,6.0000,,
11271,2885376,256,0.982010,6.0000,,
11272,2885632,256,0.985188,6.0000,,
11273,2885888,256,0.990412,6.0000,,
11274,2886144,256,0.986934,6.0000,,
11275,2886400,256,0.988505,6.0000,,
11276,2886656,256,0.986893,6.0000,,
11277,2886912,256,0.985236,6.0000,,
11278,2887168,256,0.985293,6.0000,,
11279,2887424,256,0.992101,6.0000,,
11280,2887680,256,0.984103,6.0000,,
11281,2887936,256,0.988960,6.0000,,
11282,2888192,256,0.983894,6.0000,,
11283,2888448,256,0.988584,6.0000,,
11284,2888704,256,0.988049,6.0000,,
11285,2888960,256,0.981677,6.0000,,
11286,2889216,256,0.981697,6.0000,,
11287,2889472,256,0.984647,6.0000,,
11288,2889728,256,0.985927,6.0000,,
11289,2889984,256,0.987278,6.0000,,
11290,2890240,256,0.982947,6.0000,,
11291,2890496,256,0.986925,6.0000,,
11292,2890752,256,0.985261,6.0000,,
11293,2891008,256,0.980105,6.0000,,
11294,2891264,256,0.988200,6.0000,,
11295,2891520,256,0.986799,6.0000,,
11296,2891776,256,0.979885,6.0000,,
11297,2892032,256,0.980844,6.0000,,
11298,2892288,256,0.984263,6.0000,,
11299,2892544,256,0.986059,6.0000,,
11300,2892800,256,0.988585,6.0000,0.993065,6.0000
11301,2893056,256,0.983979,6.0000,,
11302,2893312,256,0.983590,6.0000,,
11303,2893568,256,0.980268,6.0000,,
11304,2893824,256,0.985435,6.0000,,
11305,2894080,256,0.988126,6.0000,,
11306,2894336,256,0.976920,6.0000,,
11307,2894592,256,0.974030,6.0000,,
11308,2894848,256,0.978731,6.0000,,
11309,2895104,256,0.984721,6.0000,,
11310,2895360,256,0.985763,6.0000,,
11311,2895616,256,0.985513,6.0000,,
11312,2895872,256,0.978483,6.0000,,
11313,2896128,256,0.981819,6.0000,,
11314,2896384,256,0.988035,6.0000,,
11315,2896640,256,0.986077,6.0000,,
11316,2896896,256,0.988311,6.0000,,
11317,2897152,256,0.988808,6.0000,,
11318,2897408,256,0.985716,6.0000,,
11319,2897664,256,0.986597,6.0000,,
11320,2897920,256,0.992037,6.0000,,
11321,2898176,256,0.990329,6.0000,,
11322,2898432,256,0.987201,6.0000,,
11323,2898688,256,0.987583,6.0000,,
11324,2898944,256,0.989672,6.0000,,
11325,2899200,256,0.989057,6.0000,,
11326,2899456,256,0.988112,6.0000,,
11327,2899712,256,0.989670,6.0000,,
11328,2899968,256,0.987742,6.0000,,
11329,2900224,256,0.988212,6.0000,,
11330,2900480,256,0.983307,6.0000,,
11331,2900736,256,0.986026,6.0000,,
11332,2900992,256,0.985406,6.0000,,
11333,2901248,256,0.986336,6.0000,,
11334,2901504,256,0.987673,6.0000,,
11335,2901760,256,0.988492,6.0000,,
11336,2902016,256,0.981419,6.0000,,
11337,2902272,256,0.986401,6.0000,,
11338,2902528,256,0.990488,6.0000,,
11339,2902784,256,0.986157,6.0000,,
11340,2903040,256,0.986468,6.0000,,
11341,2903296,256,0.986006,6.0000,,
11342,2903552,256,0.984621,6.0000,,
11343,2903808,256,0.985515,6.0000,,
11344,2904064,256,0.987564,6.0000,,
11345,2904320,256,0.988545,6.0000,,
11346,2904576,256,0.984949,6.0000,,
11347,2904832,256,0.988026,6.0000,,
11348,2905088,256,0.993898,6.0000,,
11349,2905344,256,0.990729,6.0000,,
11350,2905600,256,0.985183,6.0000,,
11351,2905856,256,0.984826,6.0000,,
11352,2906112,256,0.990668,6.0000,,
11353,2906368,256,0.985182,6.0000,,
11354,2906624,256,0.987994,6.0000,,
11355,2906880,256,0.989231,6.0000,,
11356,2907136,256,0.984358,6.0000,,
11357,2907392,256,0.985923,6.0000,,
11358,2907648,256,0.986726,6.0000,,
11359,2907904,256,0.986424,6.0000,,
11360,2908160,256,0.985796,6.0000,,
11361,2908416,256,0.988847,6.0000,,
11362,2908672,256,0.981086,6.0000,,
11363,2908928,256,0.984449,6.0000,,
11364,2909184,256,0.987109,6.0000,,
11365,2909440,256,0.984134,6.0000,,
11366,2909696,256,0.989997,6.0000,,
11367,2909952,256,0.986110,6.0000,,
11368,2910208,256,0.990261,6.0000,,
11369,2910464,256,0.991880,6.0000,,
11370,2910720,256,0.986855,6.0000,,
11371,2910976,256,0.984835,6.0000,,
11372,2911232,256,0.986023,6.0000,,
11373,2911488,256,0.987056,6.0000,,
11374,2911744,256,0.988984,6.0000,,
11375,2912000,256,0.986435,6.0000,,
11376,2912256,256,0.986429,6.0000,,
11377,2912512,256,0.985009,6.0000,,
11378,2912768,256,0.989751,6.0000,,
11379,2913024,256,0.988899,6.0000,,
11380,2913280,256,0.986521,6.0000,,
11381,2913536,256,0.991535,6.0000,,
11382,2913792,256,0.987329,6.0000,,
11383,2914048,256,0.982024,6.0000,,
11384,2914304,256,0.985499,6.0000,,
11385,2914560,256,0.986366,6.0000,,
11386,2914816,256,0.987995,6.0000,,
11387,2915072,256,0.990951,6.0000,,
11388,2915328,256,0.986806,6.0000,,
11389,2915584,256,0.990360,6.0000,,
11390,2915840,256,0.984988,6.0000,,
11391,2916096,256,0.989628,6.0000,,
11392,2916352,256,0.985347,6.0000,,
11393,2916608,256,0.987787,6.0000,,
11394,2916864,256,0.988510,6.0000,,
11395,2917120,256,0.988121,6.0000,,
11396,2917376,256,0.981089,6.0000,,
11397,2917632,256,0.987576,6.0000,,
11398,2917888,256,0.986323,6.0000,,
11399,2918144,256,0.987313,6.0000,,
11400,2918400,256,0.984759,6.0000,0.995965,6.0000
11401,2918656,256,0.990315,6.0000,,
11402,2918912,256,0.982423,6.0000,,
11403,2919168,256,0.983514,6.0000,,
11404,2919424,256,0.985418,6.0000,,
11405,2919680,256,0.989333,6.0000,,
11406,2919936,256,0.981549,6.0000,,
11407,2920192,256,0.985706,6.0000,,
11408,2920448,256,0.983482,6.0000,,
11409,2920704,256,0.988265,6.0000,,
11410,2920960,256,0.984791,6.0000,,
11411,2921216,256,0.985889,6.0000,,
11412,2921472,256,0.982707,6.0000,,
11413,2921728,256,0.988848,6.0000,,
11414,2921984,256,0.990031,6.0000,,
11415,2922240,256,0.989028,6.0000,,
11416,2922496,256,0.985687,6.0000,,
11417,2922752,256,0.981746,6.0000,,
11418,2923008,256,0.988745,6.0000,,
11419,2923264,256,0.988028,6.0000,,
11420,2923520,256,0.983149,6.0000,,
11421,2923776,256,0.989672,6.0000,,
11422,2924032,256,0.986439,6.0000,,
11423,2924288,256,0.988947,6.0000,,
11424,2924544,256,0.986473,6.0000,,
11425,2924800,256,0.988058,6.0000,,
11426,2925056,256,0.987456,6.0000,,
11427,2925312,256,0.982731,6.0000,,
11428,2925568,256,0.991148,6.0000,,
11429,2925824,256,0.989476,6.0000,,
11430,2926080,256,0.984480,6.0000,,
11431,2926336,256,0.987123,6.0000,,
11432,2926592,256,0.987806,6.0000,,
11433,2926848,256,0.987905,6.0000,,
11434,2927104,256,0.988862,6.0000,,
11435,2927360,256,0.990315,6.0000,,
11436,2927616,256,0.989652,6.0000,,
11437,2927872,256,0.988163,6.0000,,
11438,2928128,256,0.986136,6.0000,,
11439,2928384,256,0.989947,6.0000,,
11440,2928640,256,0.981737,6.0000,,
11441,2928896,256,0.989078,6.0000,,
11442,2929152,256,0.984247,6.0000,,
11443,2929408,256,0.988405,6.0000,,
11444,2929664,256,0.989733,6.0000,,
11445,2929920,256,0.987651,6.0000,,
11446,2930176,256,0.980300,6.0000,,
11447,2930432,256,0.986551,6.0000,,
11448,2930688,256,0.986511,6.0000,,
11449,2930944,256,0.990774,6.0000,,
11450,2931200,256,0.987035,6.0000,,
11451,2931456,256,0.987185,6.0000,,
11452,2931712,256,0.981100,6.0000,,
11453,2931968,256,0.986887,6.0000,,
11454,2932224,256,0.983864,6.0000,,
11455,2932480,256,0.989736,6.0000,,
11456,2932736,256,0.986292,6.0000,,
11457,2932992,256,0.980588,6.0000,,
11458,2933248,256,0.990728,6.0000,,
11459,2933504,256,0.982189,6.0000,,
11460,2933760,256,0.985123,6.0000,,
11461,2934016,256,0.984278,6.0000,,
11462,2934272,256,0.988080,6.0000,,
11463,2934528,256,0.985051,6.0000,,
11464,2934784,256,0.985064,6.0000,,
11465,2935040,256,0.986196,6.0000,,
11466,2935296,256,0.991256,6.0000,,
11467,2935552,256,0.990336,6.0000,,
11468,2935808,256,0.984177,6.0000,,
11469,2936064,256,0.985721,6.0000,,
11470,2936320,256,0.988968,6.0000,,
11471,2936576,256,0.989014,6.0000,,
11472,2936832,256,0.987456,6.0000,,
11473,2937088,256,0.990040,6.0000,,
11474,2937344,256,0.990875,6.0000,,
11475,2937600,256,0.990087,6.0000,,
11476,2937856,256,0.986163,6.0000,,
11477,2938112,256,0.989601,6.0000,,
11478,2938368,256,0.985095,6.0000,,
11479,2938624,256,0.980140,6.0000,,
11480,2938880,256,0.987197,6.0000,,
11481,2939136,256,0.990122,6.0000,,
11482,2939392,256,0.989963,6.0000,,
11483,2939648,256,0.989062,6.0000,,
11484,2939904,256,0.987668,6.0000,,
11485,2940160,256,0.988241,6.0000,,
11486,2940416,256,0.989275,6.0000,,
11487,2940672,256,0.981816,6.0000,,
11488,2940928,256,0.985719,6.0000,,
11489,2941184,256,0.987630,6.0000,,
11490,2941440,256,0.985282,6.0000,,
11491,2941696,256,0.986875,6.0000,,
11492,2941952,256,0.988136,6.0000,,
11493,2942208,256,0.990843,6.0000,,
11494,2942464,256,0.985938,6.0000,,
11495,2942720,256,0.984002,6.0000,,
11496,2942976,256,0.988333,6.0000,,
11497,2943232,256,0.982026,6.0000,,
11498,2943488,256,0.981601,6.0000,,
11499,2943744,256,0.986838,6.0000,,
11500,2944000,256,0.986584,6.0000,0.994362,6.0000
11501,2944256,256,0.986466,6.0000,,
11502,2944512,256,0.989247,6.0000,,
11503,2944768,256,0.984701,6.0000,,
11504,2945024,256,0.985595,6.0000,,
11505,2945280,256,0.989414,6.0000,,
11506,2945536,256,0.985996,6.0000,,
11507,2945792,256,0.988001,6.0000,,
11508,2946048,256,0.988446,6.0000,,
11509,2946304,256,0.985584,6.0000,,
11510,2946560,256,0.983953,6.0000,,
11511,2946816,256,0.990691,6.0000,,
11512,2947072,256,0.988248,6.0000,,
11513,2947328,256,0.987068,6.0000,,
11514,2947584,256,0.982501,6.0000,,
11515,2947840,256,0.985273,6.0000,,
11516,2948096,256,0.981182,6.0000,,
11517,2948352,256,0.986916,6.0000,,
11518,2948608,256,0.988081,6.0000,,
11519,2948864,256,0.991454,6.0000,,
11520,2949120,256,0.985976,6.0000,,
11521,2949376,256,0.984083,6.0000,,
11522,2949632,256,0.988328,6.0000,,
11523,2949888,256,0.988192,6.0000,,
11524,2950144,256,0.983415,6.0000,,
11525,2950400,256,0.988753,6.0000,,
11526,2950656,256,0.990525,6.0000,,
11527,2950912,256,0.981499,6.0000,,
11528,2951168,256,0.985169,6.0000,,
11529,2951424,256,0.984964,6.0000,,
11530,2951680,256,0.989889,6.0000,,
11531,2951936,256,0.986419,6.0000,,
11532,2952192,256,0.986724,6.0000,,
11533,2952448,256,0.990012,6.0000,,
11534,2952704,256,0.988650,6.0000,,
11535,2952960,256,0.989524,6.0000,,
11536,2953216,256,0.987708,6.0000,,
11537,2953472,256,0.987255,6.0000,,
11538,2953728,256,0.985368,6.0000,,
11539,2953984,256,0.989214,6.0000,,
11540,2954240,256,0.988024,6.0000,,
11541,2954496,256,0.984371,6.0000,,
11542,2954752,256,0.982957,6.0000,,
11543,2955008,256,0.988741,6.0000,,
11544,2955264,256,0.989586,6.0000,,
11545,2955520,256,0.986376,6.0000,,
11546,2955776,256,0.992115,6.0000,,
11547,2956032,256,0.982497,6.0000,,
11548,2956288,256,0.982562,6.0000,,
11549,2956544,256,0.986665,6.0000,,
11550,2956800,256,0.988444,6.0000,,
11551,2957056,256,0.990703,6.0000,,
11552,2957312,256,0.987794,6.0000,,
11553,2957568,256,0.985217,6.0000,,
11554,2957824,256,0.988278,6.0000,,
11555,2958080,256,0.989171,6.0000,,
11556,2958336,256,0.990344,6.0000,,
11557,2958592,256,0.990148,6.0000,,
11558,2958848,256,0.984087,6.0000,,
11559,2959104,256,0.989375,6.0000,,
11560,2959360,256,0.991273,6.0000,,
11561,2959616,256,0.989840,6.0000,,
11562,2959872,256,0.987380,6.0000,,
11563,2960128,256,0.990975,6.0000,,
11564,2960384,256,0.991545,6.0000,,
11565,2960640,256,0.984885,6.0000,,
11566,2960896,256,0.981104,6.0000,,
11567,2961152,256,0.986117,6.0000,,
11568,2961408,256,0.989072,6.0000,,
11569,2961664,256,0.986971,6.0000,,
11570,2961920,256,0.987453,6.0000,,
11571,2962176,256,0.989991,6.0000,,
11572,2962432,256,0.990900,6.0000,,
11573,2962688,256,0.985737,6.0000,,
11574,2962944,256,0.986381,6.0000,,
11575,2963200,256,0.988122,6.0000,,
11576,2963456,256,0.983682,6.0000,,
11577,2963712,256,0.982748,6.0000,,
11578,2963968,256,0.983197,6.0000,,
11579,2964224,256,0.985274,6.0000,,
11580,2964480,256,0.982195,6.0000,,
11581,2964736,256,0.988150,6.0000,,
11582,2964992,256,0.985455,6.0000,,
11583,2965248,256,0.977635,6.0000,,
11584,2965504,256,0.986824,6.0000,,
11585,2965760,256,0.988713,6.0000,,
11586,2966016,256,0.986147,6.0000,,
11587,2966272,256,0.988758,6.0000,,
11588,2966528,256,0.988498,6.0000,,
11589,2966784,256,0.986939,6.0000,,
11590,2967040,256,0.981685,6.0000,,
11591,2967296,256,0.978771,6.0000,,
11592,2967552,256,0.986455,6.0000,,
11593,2967808,256,0.980696,6.0000,,
11594,2968064,256,0.993688,6.0000,,
11595,2968320,256,0.989421,6.0000,,
11596,2968576,256,0.987686,6.0000,,
11597,2968832,256,0.976257,6.0000,,
11598,2969088,256,0.989090,6.0000,,
11599,2969344,256,0.988518,6.0000,,
11600,2969600,256,0.984117,6.0000,0.993185,6.0000
11601,2969856,256,0.984216,6.0000,,
11602,2970112,256,0.992081,6.0000,,
11603,2970368,256,0.989824,6.0000,,
11604,2970624,256,0.981780,6.0000,,
11605,2970880,256,0.986770,6.0000,,
11606,2971136,256,0.984279,6.0000,,
11607,2971392,256,0.987629,6.0000,,
11608,2971648,256,0.986536,6.0000,,
11609,2971904,256,0.987001,6.0000,,
11610,2972160,256,0.985308,6.0000,,
11611,2972416,256,0.989823,6.0000,,
11612,2972672,256,0.986346,6.0000,,
11613,2972928,256,0.981415,6.0000,,
11614,2973184,256,0.988495,6.0000,,
11615,2973440,256,0.983409,6.0000,,
11616,2973696,256,0.988821,6.0000,,
11617,2973952,256,0.986395,6.0000,,
11618,2974208,256,0.985644,6.0000,,
11619,2974464,256,0.986706,6.0000,,
11620,2974720,256,0.987404,6.0000,,
11621,2974976,256,0.986898,6.0000,,
11622,2975232,256,0.988734,6.0000,,
11623,2975488,256,0.982912,6.0000,,
11624,2975744,256,0.985648,6.0000,,
11625,2976000,256,0.988057,6.0000,,
11626,2976256,256,0.991990,6.0000,,
11627,2976512,256,0.987330,6.0000,,
11628,2976768,256,0.988789,6.0000,,
11629,2977024,256,0.988833,6.0000,,
11630,2977280,256,0.990915,6.0000,,
11631,2977536,256,0.984609,6.0000,,
11632,2977792,256,0.986092,6.0000,,
11633,2978048,256,0.989348,6.0000,,
11634,2978304,256,0.990340,6.0000,,
11635,2978560,256,0.984557,6.0000,,
11636,2978816,256,0.990790,6.0000,,
11637,2979072,256,0.985683,6.0000,,
11638,2979328,256,0.989123,6.0000,,
11639,2979584,256,0.988385,6.0000,,
11640,2979840,256,0.987884,6.0000,,
11641,2980096,256,0.990847,6.0000,,
11642,2980352,256,0.991951,6.0000,,
11643,2980608,256,0.985773,6.0000,,
11644,2980864,256,0.990609,6.0000,,
11645,2981120,256,0.985451,6.0000,,
11646,2981376,256,0.983735,6.0000,,
11647,2981632,256,0.984683,6.0000,,
11648,2981888,256,0.985509,6.0000,,
11649,2982144,256,0.989688,6.0000,,
11650,2982400,256,0.991488,6.0000,,
11651,2982656,256,0.992639,6.0000,,
11652,2982912,256,0.991283,6.0000,,
11653,2983168,256,0.988580,6.0000,,
11654,2983424,256,0.986961,6.0000,,
11655,2983680,256,0.989547,6.0000,,
11656,2983936,256,0.983146,6.0000,,
11657,2984192,256,0.992972,6.0000,,
11658,2984448,256,0.986455,6.0000,,
11659,2984704,256,0.988060,6.0000,,
11660,2984960,256,0.986284,6.0000,,
11661,2985216,256,0.983918,6.0000,,
11662,2985472,256,0.991788,6.0000,,
11663,2985728,256,0.989823,6.0000,,
11664,2985984,256,0.983873,6.0000,,
11665,2986240,256,0.982996,6.0000,,
11666,2986496,256,0.991243,6.0000,,
11667,2986752,256,0.981297,6.0000,,
11668,2987008,256,0.988993,6.0000,,
11669,2987264,256,0.982959,6.0000,,
11670,2987520,256,0.989026,6.0000,,
11671,2987776,256,0.990645,6.0000,,
11672,2988032,256,0.990711,6.0000,,
11673,2988288,256,0.989670,6.0000,,
11674,2988544,256,0.985283,6.0000,,
11675,2988800,256,0.986738,6.0000,,
11676,2989056,256,0.987195,6.0000,,
11677,2989312,256,0.986570,6.0000,,
11678,2989568,256,0.990559,6.0000,,
11679,2989824,256,0.983924,6.0000,,
11680,2990080,256,0.983496,6.0000,,
11681,2990336,256,0.989954,6.0000,,
11682,2990592,256,0.991020,6.0000,,
11683,2990848,256,0.986917,6.0000,,
11684,2991104,256,0.984124,6.0000,,
11685,2991360,256,0.982365,6.0000,,
11686,2991616,256,0.983528,6.0000,,
11687,2991872,256,0.987043,6.0000,,
11688,2992128,256,0.985375,6.0000,,
11689,2992384,256,0.987010,6.0000,,
11690,2992640,256,0.987217,6.0000,,
11691,2992896,256,0.982422,6.0000,,
11692,2993152,256,0.989920,6.0000,,
11693,2993408,256,0.985483,6.0000,,
11694,2993664,256,0.985910,6.0000,,
11695,2993920,256,0.982161,6.0000,,
11696,2994176,256,0.984091,6.0000,,
11697,2994432,256,0.985583,6.0000,,
11698,2994688,256,0.985007,6.0000,,
11699,2994944,256,0.987988,6.0000,,
11700,2995200,256,0.985860,6.0000,0.993803,6.0000
11701,2995456,256,0.988219,6.0000,,
11702,2995712,256,0.986191,6.0000,,
11703,2995968,256,0.988665,6.0000,,
11704,2996224,256,0.982544,6.0000,,
11705,2996480,256,0.988306,6.0000,,
11706,2996736,256,0.991713,6.0000,,
11707,2996992,256,0.985172,6.0000,,
11708,2997248,256,0.985665,6.0000,,
11709,2997504,256,0.984192,6.0000,,
11710,2997760,256,0.987376,6.0000,,
11711,2998016,256,0.985449,6.0000,,
11712,2998272,256,0.986875,6.0000,,
11713,2998528,256,0.986166,6.0000,,
11714,2998784,256,0.984321,6.0000,,
11715,2999040,256,0.987697,6.0000,,
11716,2999296,256,0.991364,6.0000,,
11717,2999552,256,0.988781,6.0000,,
11718,2999808,256,0.988768,6.0000,,
11719,3000064,256,0.989395,6.0000,,
11720,3000320,256,0.983688,6.0000,,
11721,3000576,256,0.983062,6.0000,,
11722,3000832,256,0.988181,6.0000,,
11723,3001088,256,0.990436,6.0000,,
11724,3001344,256,0.985067,6.0000,,
11725,3001600,256,0.986940,6.0000,,
11726,3001856,256,0.984838,6.0000,,
11727,3002112,256,0.990816,6.0000,,
11728,3002368,256,0.987711,6.0000,,
11729,3002624,256,0.987979,6.0000,,
11730,3002880,256,0.988788,6.0000,,
11731,3003136,256,0.986658,6.0000,,
11732,3003392,256,0.991350,6.0000,,
11733,3003648,256,0.983543,6.0000,,
11734,3003904,256,0.988492,6.0000,,
11735,3004160,256,0.991105,6.0000,,
11736,3004416,256,0.988708,6.0000,,
11737,3004672,256,0.989940,6.0000,,
11738,3004928,256,0.985961,6.0000,,
11739,3005184,256,0.987262,6.0000,,
11740,3005440,256,0.991622,6.0000,,
11741,3005696,256,0.985990,6.0000,,
11742,3005952,256,0.985051,6.0000,,
11743,3006208,256,0.986437,6.0000,,
11744,3006464,256,0.983695,6.0000,,
11745,3006720,256,0.988713,6.0000,,
11746,3006976,256,0.984853,6.0000,,
11747,3007232,256,0.989968,6.0000,,
11748,3007488,256,0.983839,6.0000,,
11749,3007744,256,0.987300,6.0000,,
11750,3008000,256,0.988645,6.0000,,
11751,3008256,256,0.979382,6.0000,,
11752,3008512,256,0.985471,6.0000,,
11753,3008768,256,0.980862,6.0000,,
11754,3009024,256,0.986542,6.0000,,
11755,3009280,256,0.981193,6.0000,,
11756,3009536,256,0.981751,6.0000,,
11757,3009792,256,0.987072,6.0000,,
11758,3010048,256,0.980332,6.0000,,
11759,3010304,256,0.987735,6.0000,,
11760,3010560,256,0.982584,6.0000,,
11761,3010816,256,0.988991,6.0000,,
11762,3011072,256,0.980950,6.0000,,
11763,3011328,256,0.986929,6.0000,,
11764,3011584,256,0.987580,6.0000,,
11765,3011840,256,0.985814,6.0000,,
11766,3012096,256,0.986814,6.0000,,
11767,3012352,256,0.978754,6.0000,,
11768,3012608,256,0.991132,6.0000,,
11769,3012864,256,0.984996,6.0000,,
11770,3013120,256,0.985416,6.0000,,
11771,3013376,256,0.985964,6.0000,,
11772,3013632,256,0.980530,6.0000,,
11773,3013888,256,0.985815,6.0000,,
11774,3014144,256,0.988608,6.0000,,
11775,3014400,256,0.988477,6.0000,,
11776,3014656,256,0.984451,6.0000,,
11777,3014912,256,0.983603,6.0000,,
11778,3015168,256,0.989289,6.0000,,
11779,3015424,256,0.988895,6.0000,,
11780,3015680,256,0.991596,6.0000,,
11781,3015936,256,0.989912,6.0000,,
11782,3016192,256,0.989594,6.0000,,
11783,3016448,256,0.988857,6.0000,,
11784,3016704,256,0.989702,6.0000,,
11785,3016960,256,0.986015,6.0000,,
11786,3017216,256,0.991946,6.0000,,
11787,3017472,256,0.985889,6.0000,,
11788,3017728,256,0.986309,6.0000,,
11789,3017984,256,0.991512,6.0000,,
11790,3018240,256,0.983386,6.0000,,
11791,3018496,256,0.987491,6.0000,,
11792,3018752,256,0.988693,6.0000,,
11793,3019008,256,0.990917,6.0000,,
11794,3019264,256,0.986619,6.0000,,
11795,3019520,256,0.988210,6.0000,,
11796,3019776,256,0.990457,6.0000,,
11797,3020032,256,0.991941,6.0000,,
11798,3020288,256,0.991358,6.0000,,
11799,3020544,256,0.987587,6.0000,,
11800,3020800,256,0.991218,6.0000,0.996905,6.0000
11801,3021056,256,0.989496,6.0000,,
11802,3021312,256,0.984302,6.0000,,
11803,3021568,256,0.987096,6.0000,,
11804,3021824,256,0.990525,6.0000,,
11805,3022080,256,0.988365,6.0000,,
11806,3022336,256,0.977699,6.0000,,
11807,3022592,256,0.988983,6.0000,,
11808,3022848,256,0.986652,6.0000,,
11809,3023104,256,0.990779,6.0000,,
11810,3023360,256,0.992414,6.0000,,
11811,3023616,256,0.990561,6.0000,,
11812,3023872,256,0.988698,6.0000,,
11813,3024128,256,0.991809,6.0000,,
11814,3024384,256,0.988576,6.0000,,
11815,3024640,256,0.989602,6.0000,,
11816,3024896,256,0.985911,6.0000,,
11817,3025152,256,0.991695,6.0000,,
11818,3025408,256,0.988509,6.0000,,
11819,3025664,256,0.990984,6.0000,,
11820,3025920,256,0.990225,6.0000,,
11821,3026176,256,0.988492,6.0000,,
11822,3026432,256,0.985164,6.0000,,
11823,3026688,256,0.985493,6.0000,,
11824,3026944,256,0.987541,6.0000,,
11825,3027200,256,0.988895,6.0000,,
11826,3027456,256,0.990939,6.0000,,
11827,3027712,256,0.989135,6.0000,,
11828,3027968,256,0.989089,6.0000,,
11829,3028224,256,0.989370,6.0000,,
11830,3028480,256,0.989955,6.0000,,
11831,3028736,256,0.987802,6.0000,,
11832,3028992,256,0.986905,6.0000,,
11833,3029248,256,0.986713,6.0000,,
11834,3029504,256,0.988864,6.0000,,
11835,3029760,256,0.986585,6.0000,,
11836,3030016,256,0.984576,6.0000,,
11837,3030272,256,0.990152,6.0000,,
11838,3030528,256,0.983288,6.0000,,
11839,3030784,256,0.988285,6.0000,,
11840,3031040,256,0.991613,6.0000,,
11841,3031296,256,0.986740,6.0000,,
11842,3031552,256,0.991105,6.0000,,
11843,3031808,256,0.987269,6.0000,,
11844,3032064,256,0.988463,6.0000,,
11845,3032320,256,0.989576,6.0000,,
11846,3032576,256,0.985434,6.0000,,
11847,3032832,256,0.988012,6.0000,,
11848,3033088,256,0.988953,6.0000,,
11849,3033344,256,0.988061,6.0000,,
11850,3033600,256,0.989135,6.0000,,
11851,3033856,256,0.985817,6.0000,,
11852,3034112,256,0.987742,6.0000,,
11853,3034368,256,0.989577,6.0000,,
11854,3034624,256,0.988548,6.0000,,
11855,3034880,256,0.989398,6.0000,,
11856,3035136,256,0.988355,6.0000,,
11857,3035392,256,0.988639,6.0000,,
11858,3035648,256,0.981727,6.0000,,
11859,3035904,256,0.982076,6.0000,,
11860,3036160,256,0.988354,6.0000,,
11861,3036416,256,0.987147,6.0000,,
11862,3036672,256,0.988179,6.0000,,
11863,3036928,256,0.983817,6.0000,,
11864,3037184,256,0.988913,6.0000,,
11865,3037440,256,0.985160,6.0000,,
11866,3037696,256,0.988579,6.0000,,
11867,3037952,256,0.989724,6.0000,,
11868,3038208,256,0.988692,6.0000,,
11869,3038464,256,0.989493,6.0000,,
11870,3038720,256,0.990680,6.0000,,
11871,3038976,256,0.987959,6.0000,,
11872,3039232,256,0.987020,6.0000,,
11873,3039488,256,0.984473,6.0000,,
11874,3039744,256,0.986325,6.0000,,
11875,3040000,256,0.989435,6.0000,,
11876,3040256,256,0.989838,6.0000,,
11877,3040512,256,0.984828,6.0000,,
11878,3040768,256,0.981319,6.0000,,
11879,3041024,256,0.987095,6.0000,,
11880,3041280,256,0.982243,6.0000,,
11881,3041536,256,0.988293,6.0000,,
11882,3041792,256,0.988033,6.0000,,
11883,3042048,256,0.989849,6.0000,,
11884,3042304,256,0.987723,6.0000,,
11885,3042560,256,0.989801,6.0000,,
11886,3042816,256,0.988136,6.0000,,
11887,3043072,256,0.985197,6.0000,,
11888,3043328,256,0.989109,6.0000,,
11889,3043584,256,0.992106,6.0000,,
11890,3043840,256,0.984814,6.0000,,
11891,3044096,256,0.985574,6.0000,,
11892,3044352,256,0.990486,6.0000,,
11893,3044608,256,0.989274,6.0000,,
11894,3044864,256,0.988567,6.0000,,
11895,3045120,256,0.988835,6.0000,,
11896,3045376,256,0.989422,6.0000,,
11897,3045632,256,0.989052,6.0000,,
11898,3045888,256,0.986177,6.0000,,
11899,3046144,256,0.991053,6.0000,,
11900,3046400,256,0.991667,6.0000,0.997112,6.0000
11901,3046656,256,0.990959,6.0000,,
11902,3046912,256,0.988720,6.0000,,
11903,3047168,256,0.991921,6.0000,,
11904,3047424,256,0.985460,6.0000,,
11905,3047680,256,0.990321,6.0000,,
11906,3047936,256,0.989500,6.0000,,
11907,3048192,256,0.977711,6.0000,,
11908,3048448,256,0.989994,6.0000,,
11909,3048704,256,0.987787,6.0000,,
11910,3048960,256,0.982782,6.0000,,
11911,3049216,256,0.985036,6.0000,,
11912,3049472,256,0.991827,6.0000,,
11913,3049728,256,0.990323,6.0000,,
11914,3049984,256,0.986160,6.0000,,
11915,3050240,256,0.988863,6.0000,,
11916,3050496,256,0.986106,6.0000,,
11917,3050752,256,0.986607,6.0000,,
11918,3051008,256,0.989890,6.0000,,
11919,3051264,256,0.989352,6.0000,,
11920,3051520,256,0.988268,6.0000,,
11921,3051776,256,0.985562,6.0000,,
11922,3052032,256,0.990302,6.0000,,
11923,3052288,256,0.988483,6.0000,,
11924,3052544,256,0.982264,6.0000,,
11925,3052800,256,0.982304,6.0000,,
11926,3053056,256,0.984602,6.0000,,
11927,3053312,256,0.988231,6.0000,,
11928,3053568,256,0.983084,6.0000,,
11929,3053824,256,0.989654,6.0000,,
11930,3054080,256,0.988460,6.0000,,
11931,3054336,256,0.988185,6.0000,,
11932,3054592,256,0.985866,6.0000,,
11933,3054848,256,0.987642,6.0000,,
11934,3055104,256,0.987231,6.0000,,
11935,3055360,256,0.986798,6.0000,,
11936,3055616,256,0.990151,6.0000,,
11937,3055872,256,0.984436,6.0000,,
11938,3056128,256,0.985824,6.0000,,
11939,3056384,256,0.985655,6.0000,,
11940,3056640,256,0.989984,6.0000,,
11941,3056896,256,0.987782,6.0000,,
11942,3057152,256,0.987576,6.0000,,
11943,3057408,256,0.981443,6.0000,,
11944,3057664,256,0.985505,6.0000,,
11945,3057920,256,0.990214,6.0000,,
11946,3058176,256,0.986178,6.0000,,
11947,3058432,256,0.989223,6.0000,,
11948,3058688,256,0.989152,6.0000,,
11949,3058944,256,0.986522,6.0000,,
11950,3059200,256,0.987010,6.0000,,
11951,3059456,256,0.988106,6.0000,,
11952,3059712,256,0.986290,6.0000,,
11953,3059968,256,0.985319,6.0000,,
11954,3060224,256,0.990637,6.0000,,
11955,3060480,256,0.989584,6.0000,,
11956,3060736,256,0.988920,6.0000,,
11957,3060992,256,0.984801,6.0000,,
11958,3061248,256,0.988926,6.0000,,
11959,3061504,256,0.984185,6.0000,,
11960,3061760,256,0.991723,6.0000,,
11961,3062016,256,0.992097,6.0000,,
11962,3062272,256,0.991812,6.0000,,
11963,3062528,256,0.990268,6.0000,,
11964,3062784,256,0.989243,6.0000,,
11965,3063040,256,0.987481,6.0000,,
11966,3063296,256,0.992056,6.0000,,
11967,3063552,256,0.990247,6.0000,,
11968,3063808,256,0.990363,6.0000,,
11969,3064064,256,0.987934,6.0000,,
11970,3064320,256,0.992004,6.0000,,
11971,3064576,256,0.992413,6.0000,,
11972,3064832,256,0.985048,6.0000,,
11973,3065088,256,0.987623,6.0000,,
11974,3065344,256,0.989368,6.0000,,
11975,3065600,256,0.989548,6.0000,,
11976,3065856,256,0.992299,6.0000,,
11977,3066112,256,0.986520,6.0000,,
11978,3066368,256,0.991272,6.0000,,
11979,3066624,256,0.989868,6.0000,,
11980,3066880,256,0.991240,6.0000,,
11981,3067136,256,0.989623,6.0000,,
11982,3067392,256,0.984129,6.0000,,
11983,3067648,256,0.984730,6.0000,,
11984,3067904,256,0.985075,6.0000,,
11985,3068160,256,0.988663,6.0000,,
11986,3068416,256,0.988399,6.0000,,
11987,3068672,256,0.989217,6.0000,,
11988,3068928,256,0.987720,6.0000,,
11989,3069184,256,0.989341,6.0000,,
11990,3069440,256,0.987250,6.0000,,
11991,3069696,256,0.990636,6.0000,,
11992,3069952,256,0.986678,6.0000,,
11993,3070208,256,0.989696,6.0000,,
11994,3070464,256,0.983269,6.0000,,
11995,3070720,256,0.988796,6.0000,,
11996,3070976,256,0.983451,6.0000,,
11997,3071232,256,0.978476,6.0000,,
11998,3071488,256,0.988159,6.0000,,
11999,3071744,256,0.990268,6.0000,,
12000,3072000,256,0.988402,6.0000,0.997187,6.0000
12001,3072256,256,0.987236,6.0000,,
12002,3072512,256,0.985839,6.0000,,
12003,3072768,256,0.988265,6.0000,,
12004,3073024,256,0.990766,6.0000,,
12005,3073280,256,0.989171,6.0000,,
12006,3073536,256,0.983509,6.0000,,
12007,3073792,256,0.988627,6.0000,,
12008,3074048,256,0.985936,6.0000,,
12009,3074304,256,0.982130,6.0000,,
12010,3074560,256,0.987465,6.0000,,
12011,3074816,256,0.985057,6.0000,,
12012,3075072,256,0.988854,6.0000,,
12013,3075328,256,0.990385,6.0000,,
12014,3075584,256,0.986236,6.0000,,
12015,3075840,256,0.984740,6.0000,,
12016,3076096,256,0.985257,6.0000,,
12017,3076352,256,0.984891,6.0000,,
12018,3076608,256,0.987328,6.0000,,
12019,3076864,256,0.988703,6.0000,,
12020,3077120,256,0.985182,6.0000,,
12021,3077376,256,0.988014,6.0000,,
12022,3077632,256,0.990183,6.0000,,
12023,3077888,256,0.988422,6.0000,,
12024,3078144,256,0.985471,6.0000,,
12025,3078400,256,0.985495,6.0000,,
12026,3078656,256,0.987035,6.0000,,
12027,3078912,256,0.980860,6.0000,,
12028,3079168,256,0.976691,6.0000,,
12029,3079424,256,0.991037,6.0000,,
12030,3079680,256,0.989146,6.0000,,
12031,3079936,256,0.988495,6.0000,,
12032,3080192,256,0.988078,6.0000,,
12033,3080448,256,0.988693,6.0000,,
12034,3080704,256,0.986890,6.0000,,
12035,3080960,256,0.986642,6.0000,,
12036,3081216,256,0.984172,6.0000,,
12037,3081472,256,0.987334,6.0000,,
12038,3081728,256,0.987965,6.0000,,
12039,3081984,256,0.984068,6.0000,,
12040,3082240,256,0.990678,6.0000,,
12041,3082496,256,0.983747,6.0000,,
12042,3082752,256,0.989427,6.0000,,
12043,3083008,256,0.990582,6.0000,,
12044,3083264,256,0.990973,6.0000,,
12045,3083520,256,0.988706,6.0000,,
12046,3083776,256,0.988098,6.0000,,
12047,3084032,256,0.986914,6.0000,,
12048,3084288,256,0.990157,6.0000,,
12049,3084544,256,0.991995,6.0000,,
12050,3084800,256,0.986889,6.0000,,
12051,3085056,256,0.991192,6.0000,,
12052,3085312,256,0.986687,6.0000,,
12053,3085568,256,0.988577,6.0000,,
12054,3085824,256,0.990305,6.0000,,
12055,3086080,256,0.989031,6.0000,,
12056,3086336,256,0.989576,6.0000,,
12057,3086592,256,0.990187,6.0000,,
12058,3086848,256,0.988170,6.0000,,
12059,3087104,256,0.986395,6.0000,,
12060,3087360,256,0.989328,6.0000,,
12061,3087616,256,0.984789,6.0000,,
12062,3087872,256,0.991673,6.0000,,
12063,3088128,256,0.987260,6.0000,,
12064,3088384,256,0.986459,6.0000,,
12065,3088640,256,0.989055,6.0000,,
12066,3088896,256,0.989262,6.0000,,
12067,3089152,256,0.983900,6.0000,,
12068,3089408,256,0.989236,6.0000,,
12069,3089664,256,0.989087,6.0000,,
12070,3089920,256,0.987125,6.0000,,
12071,3090176,256,0.990198,6.0000,,
12072,3090432,256,0.984385,6.0000,,
12073,3090688,256,0.987759,6.0000,,
12074,3090944,256,0.984704,6.0000,,
12075,3091200,256,0.984850,6.0000,,
12076,3091456,256,0.989689,6.0000,,
12077,3091712,256,0.989527,6.0000,,
12078,3091968,256,0.992712,6.0000,,
12079,3092224,256,0.988261,6.0000,,
12080,3092480,256,0.984889,6.0000,,
12081,3092736,256,0.986604,6.0000,,
12082,3092992,256,0.988106,6.0000,,
12083,3093248,256,0.990894,6.0000,,
12084,3093504,256,0.991369,6.0000,,
12085,3093760,256,0.992178,6.0000,,
12086,3094016,256,0.987250,6.0000,,
12087,3094272,256,0.985360,6.0000,,
12088,3094528,256,0.986414,6.0000,,
12089,3094784,256,0.991664,6.0000,,
12090,3095040,256,0.987753,6.0000,,
12091,3095296,256,0.989952,6.0000,,
12092,3095552,256,0.989066,6.0000,,
12093,3095808,256,0.992062,6.0000,,
12094,3096064,256,0.990798,6.0000,,
12095,3096320,256,0.989728,6.0000,,
12096,3096576,256,0.988378,6.0000,,
12097,3096832,256,0.988145,6.0000,,
12098,3097088,256,0.984947,6.0000,,
12099,3097344,256,0.984555,6.0000,,
12100,3097600,256,0.986699,6.0000,0.995075,6.0000
12101,3097856,256,0.986913,6.0000,,
12102,3098112,256,0.989158,6.0000,,
12103,3098368,256,0.990806,6.0000,,
12104,3098624,256,0.991913,6.0000,,
12105,3098880,256,0.990054,6.0000,,
12106,3099136,256,0.987814,6.0000,,
12107,3099392,256,0.991373,6.0000,,
12108,3099648,256,0.988004,6.0000,,
12109,3099904,256,0.985497,6.0000,,
12110,3100160,256,0.983898,6.0000,,
12111,3100416,256,0.987043,6.0000,,
12112,3100672,256,0.990669,6.0000,,
12113,3100928,256,0.989986,6.0000,,
12114,3101184,256,0.992639,6.0000,,
12115,3101440,256,0.991086,6.0000,,
12116,3101696,256,0.989229,6.0000,,
12117,3101952,256,0.991044,6.0000,,
12118,3102208,256,0.988222,6.0000,,
12119,3102464,256,0.986833,6.0000,,
12120,3102720,256,0.983622,6.0000,,
12121,3102976,256,0.985226,6.0000,,
12122,3103232,256,0.988399,6.0000,,
12123,3103488,256,0.990803,6.0000,,
12124,3103744,256,0.986465,6.0000,,
12125,3104000,256,0.987810,6.0000,,
12126,3104256,256,0.989328,6.0000,,
12127,3104512,256,0.988728,6.0000,,
12128,3104768,256,0.987807,6.0000,,
12129,3105024,256,0.988317,6.0000,,
12130,3105280,256,0.990276,6.0000,,
12131,3105536,256,0.984035,6.0000,,
12132,3105792,256,0.985061,6.0000,,
12133,3106048,256,0.984815,6.0000,,
12134,3106304,256,0.982771,6.0000,,
12135,3106560,256,0.989600,6.0000,,
12136,3106816,256,0.993303,6.0000,,
12137,3107072,256,0.988338,6.0000,,
12138,3107328,256,0.986238,6.0000,,
12139,3107584,256,0.986869,6.0000,,
12140,3107840,256,0.985695,6.0000,,
12141,3108096,256,0.986304,6.0000,,
12142,3108352,256,0.984870,6.0000,,
12143,3108608,256,0.988437,6.0000,,
12144,3108864,256,0.983597,6.0000,,
12145,3109120,256,0.989697,6.0000,,
12146,3109376,256,0.984887,6.0000,,
12147,3109632,256,0.982498,6.0000,,
12148,3109888,256,0.984351,6.0000,,
12149,3110144,256,0.987898,6.0000,,
12150,3110400,256,0.988779,6.0000,,
12151,3110656,256,0.984997,6.0000,,
12152,3110912,256,0.980877,6.0000,,
12153,3111168,256,0.981195,6.0000,,
12154,3111424,256,0.986551,6.0000,,
12155,3111680,256,0.991823,6.0000,,
12156,3111936,256,0.985931,6.0000,,
12157,3112192,256,0.985097,6.0000,,
12158,3112448,256,0.986647,6.0000,,
12159,3112704,256,0.989496,6.0000,,
12160,3112960,256,0.987020,6.0000,,
12161,3113216,256,0.988240,6.0000,,
12162,3113472,256,0.987395,6.0000,,
12163,3113728,256,0.984508,6.0000,,
12164,3113984,256,0.990081,6.0000,,
12165,3114240,256,0.985865,6.0000,,
12166,3114496,256,0.983864,6.0000,,
12167,3114752,256,0.987944,6.0000,,
12168,3115008,256,0.988624,6.0000,,
12169,3115264,256,0.987456,6.0000,,
12170,3115520,256,0.983889,6.0000,,
12171,3115776,256,0.991513,6.0000,,
12172,3116032,256,0.985020,6.0000,,
12173,3116288,256,0.984719,6.0000,,
12174,3116544,256,0.988542,6.0000,,
12175,3116800,256,0.989229,6.0000,,
12176,3117056,256,0.990667,6.0000,,
12177,3117312,256,0.989992,6.0000,,
12178,3117568,256,0.984555,6.0000,,
12179,3117824,256,0.982078,6.0000,,
12180,3118080,256,0.987385,6.0000,,
12181,3118336,256,0.985846,6.0000,,
12182,3118592,256,0.988099,6.0000,,
12183,3118848,256,0.989797,6.0000,,
12184,3119104,256,0.983642,6.0000,,
12185,3119360,256,0.981722,6.0000,,
12186,3119616,256,0.987151,6.0000,,
12187,3119872,256,0.988291,6.0000,,
12188,3120128,256,0.990811,6.0000,,
12189,3120384,256,0.989000,6.0000,,
12190,3120640,256,0.987034,6.0000,,
12191,3120896,256,0.986920,6.0000,,
12192,3121152,256,0.990460,6.0000,,
12193,3121408,256,0.986060,6.0000,,
12194,3121664,256,0.988485,6.0000,,
12195,3121920,256,0.991308,6.0000,,
12196,3122176,256,0.989512,6.0000,,
12197,3122432,256,0.991505,6.0000,,
12198,3122688,256,0.990357,6.0000,,
12199,3122944,256,0.990285,6.0000,,
12200,3123200,256,0.985252,6.0000,0.995044,6.0000
12201,3123456,256,0.986997,6.0000,,
12202,3123712,256,0.989550,6.0000,,
12203,3123968,256,0.990433,6.0000,,
12204,3124224,256,0.986984,6.0000,,
12205,3124480,256,0.983723,6.0000,,
12206,3124736,256,0.988449,6.0000,,
12207,3124992,256,0.986494,6.0000,,
12208,3125248,256,0.991815,6.0000,,
12209,3125504,256,0.986464,6.0000,,
12210,3125760,256,0.983862,6.0000,,
12211,3126016,256,0.988181,6.0000,,
12212,3126272,256,0.987980,6.0000,,
12213,3126528,256,0.985685,6.0000,,
12214,3126784,256,0.982588,6.0000,,
12215,3127040,256,0.991472,6.0000,,
12216,3127296,256,0.985131,6.0000,,
12217,3127552,256,0.977350,6.0000,,
12218,3127808,256,0.983950,6.0000,,
12219,3128064,256,0.986552,6.0000,,
12220,3128320,256,0.987249,6.0000,,
12221,3128576,256,0.984877,6.0000,,
12222,3128832,256,0.990205,6.0000,,
12223,3129088,256,0.981800,6.0000,,
12224,3129344,256,0.982778,6.0000,,
12225,3129600,256,0.985832,6.0000,,
12226,3129856,256,0.988575,6.0000,,
12227,3130112,256,0.983831,6.0000,,
12228,3130368,256,0.988811,6.0000,,
12229,3130624,256,0.987032,6.0000,,
12230,3130880,256,0.984659,6.0000,,
12231,3131136,256,0.984542,6.0000,,
12232,3131392,256,0.986286,6.0000,,
12233,3131648,256,0.983312,6.0000,,
12234,3131904,256,0.987581,6.0000,,
12235,3132160,256,0.983717,6.0000,,
12236,3132416,256,0.987678,6.0000,,
12237,3132672,256,0.984828,6.0000,,
12238,3132928,256,0.988799,6.0000,,
12239,3133184,256,0.988975,6.0000,,
12240,3133440,256,0.986755,6.0000,,
12241,3133696,256,0.983170,6.0000,,
12242,3133952,256,0.987987,6.0000,,
12243,3134208,256,0.989322,6.0000,,
12244,3134464,256,0.985949,6.0000,,
12245,3134720,256,0.989881,6.0000,,
12246,3134976,256,0.982856,6.0000,,
12247,3135232,256,0.984478,6.0000,,
12248,3135488,256,0.983768,6.0000,,
12249,3135744,256,0.993277,6.0000,,
12250,3136000,256,0.989619,6.0000,,
12251,3136256,256,0.986056,6.0000,,
12252,3136512,256,0.989311,6.0000,,
12253,3136768,256,0.990105,6.0000,,
12254,3137024,256,0.987603,6.0000,,
12255,3137280,256,0.979214,6.0000,,
12256,3137536,256,0.982956,6.0000,,
12257,3137792,256,0.986075,6.0000,,
12258,3138048,256,0.987629,6.0000,,
12259,3138304,256,0.988067,6.0000,,
12260,3138560,256,0.987891,6.0000,,
12261,3138816,256,0.992995,6.0000,,
12262,3139072,256,0.985887,6.0000,,
12263,3139328,256,0.987697,6.0000,,
12264,3139584,256,0.989327,6.0000,,
12265,3139840,256,0.986933,6.0000,,
12266,3140096,256,0.979510,6.0000,,
12267,3140352,256,0.989422,6.0000,,
12268,3140608,256,0.986121,6.0000,,
12269,3140864,256,0.980367,6.0000,,
12270,3141120,256,0.991562,6.0000,,
12271,3141376,256,0.987297,6.0000,,
12272,3141632,256,0.985953,6.0000,,
12273,3141888,256,0.985771,6.0000,,
12274,3142144,256,0.991061,6.0000,,
12275,3142400,256,0.987519,6.0000,,
12276,3142656,256,0.987954,6.0000,,
12277,3142912,256,0.987499,6.0000,,
12278,3143168,256,0.986341,6.0000,,
12279,3143424,256,0.991534,6.0000,,
12280,3143680,256,0.985245,6.0000,,
12281,3143936,256,0.990418,6.0000,,
12282,3144192,256,0.989405,6.0000,,
12283,3144448,256,0.989240,6.0000,,
12284,3144704,256,0.989628,6.0000,,
12285,3144960,256,0.989162,6.0000,,
12286,3145216,256,0.986593,6.0000,,
12287,3145472,256,0.987722,6.0000,,
12288,3145728,256,0.985172,6.0000,,
12289,3145984,256,0.987838,6.0000,,
12290,3146240,256,0.985958,6.0000,,
12291,3146496,256,0.985627,6.0000,,
12292,3146752,256,0.987471,6.0000,,
12293,3147008,256,0.980144,6.0000,,
12294,3147264,256,0.984555,6.0000,,
12295,3147520,256,0.986301,6.0000,,
12296,3147776,256,0.987986,6.0000,,
12297,3148032,256,0.991474,6.0000,,
12298,3148288,256,0.984155,6.0000,,
12299,3148544,256,0.987929,6.0000,,
12300,3148800,256,0.989793,6.0000,0.992458,6.0000
12301,3149056,256,0.978402,6.0000,,
12302,3149312,256,0.990492,6.0000,,
12303,3149568,256,0.987397,6.0000,,
12304,3149824,256,0.989504,6.0000,,
12305,3150080,256,0.982757,6.0000,,
12306,3150336,256,0.986624,6.0000,,
12307,3150592,256,0.989851,6.0000,,
12308,3150848,256,0.985160,6.0000,,
12309,3151104,256,0.983091,6.0000,,
12310,3151360,256,0.981513,6.0000,,
12311,3151616,256,0.980343,6.0000,,
12312,3151872,256,0.984813,6.0000,,
12313,3152128,256,0.990563,6.0000,,
12314,3152384,256,0.986291,6.0000,,
12315,3152640,256,0.985825,6.0000,,
12316,3152896,256,0.990206,6.0000,,
12317,3153152,256,0.990394,6.0000,,
12318,3153408,256,0.990868,6.0000,,
12319,3153664,256,0.986158,6.0000,,
12320,3153920,256,0.990202,6.0000,,
12321,3154176,256,0.991219,6.0000,,
12322,3154432,256,0.991415,6.0000,,
12323,3154688,256,0.987870,6.0000,,
12324,3154944,256,0.991235,6.0000,,
12325,3155200,256,0.989151,6.0000,,
12326,3155456,256,0.989768,6.0000,,
12327,3155712,256,0.983246,6.0000,,
12328,3155968,256,0.988732,6.0000,,
12329,3156224,256,0.981654,6.0000,,
12330,3156480,256,0.987984,6.0000,,
12331,3156736,256,0.983493,6.0000,,
12332,3156992,256,0.988930,6.0000,,
12333,3157248,256,0.983693,6.0000,,
12334,3157504,256,0.978430,6.0000,,
12335,3157760,256,0.983387,6.0000,,
12336,3158016,256,0.980506,6.0000,,
12337,3158272,256,0.989950,6.0000,,
12338,3158528,256,0.985500,6.0000,,
12339,3158784,256,0.983160,6.0000,,
12340,3159040,256,0.988443,6.0000,,
12341,3159296,256,0.984835,6.0000,,
12342,3159552,256,0.983360,6.0000,,
12343,3159808,256,0.982874,6.0000,,
12344,3160064,256,0.987585,6.0000,,
12345,3160320,256,0.989095,6.0000,,
12346,3160576,256,0.989920,6.0000,,
12347,3160832,256,0.984546,6.0000,,
12348,3161088,256,0.989751,6.0000,,
12349,3161344,256,0.986537,6.0000,,
12350,3161600,256,0.986990,6.0000,,
12351,3161856,256,0.989597,6.0000,,
12352,3162112,256,0.983477,6.0000,,
12353,3162368,256,0.986346,6.0000,,
12354,3162624,256,0.987163,6.0000,,
12355,3162880,256,0.986201,6.0000,,
12356,3163136,256,0.983814,6.0000,,
12357,3163392,256,0.988188,6.0000,,
12358,3163648,256,0.988059,6.0000,,
12359,3163904,256,0.987944,6.0000,,
12360,3164160,256,0.987786,6.0000,,
12361,3164416,256,0.985500,6.0000,,
12362,3164672,256,0.989583,6.0000,,
12363,3164928,256,0.990890,6.0000,,
12364,3165184,256,0.989410,6.0000,,
12365,3165440,256,0.987700,6.0000,,
12366,3165696,256,0.990809,6.0000,,
12367,3165952,256,0.985923,6.0000,,
12368,3166208,256,0.988309,6.0000,,
12369,3166464,256,0.985539,6.0000,,
12370,3166720,256,0.984840,6.0000,,
12371,3166976,256,0.991278,6.0000,,
12372,3167232,256,0.989140,6.0000,,
12373,3167488,256,0.987967,6.0000,,
12374,3167744,256,0.987521,6.0000,,
12375,3168000,256,0.988812,6.0000,,
12376,3168256,256,0.985947,6.0000,,
12377,3168512,256,0.988877,6.0000,,
12378,3168768,256,0.990506,6.0000,,
12379,3169024,256,0.985621,6.0000,,
12380,3169280,256,0.989471,6.0000,,
12381,3169536,256,0.988643,6.0000,,
12382,3169792,256,0.993201,6.0000,,
12383,3170048,256,0.984346,6.0000,,
12384,3170304,256,0.988247,6.0000,,
12385,3170560,256,0.987688,6.0000,,
12386,3170816,256,0.984662,6.0000,,
12387,3171072,256,0.991300,6.0000,,
12388,3171328,256,0.983552,6.0000,,
12389,3171584,256,0.985675,6.0000,,
12390,3171840,256,0.989490,6.0000,,
12391,3172096,256,0.990280,6.0000,,
12392,3172352,256,0.990421,6.0000,,
12393,3172608,256,0.991206,6.0000,,
12394,3172864,256,0.985896,6.0000,,
12395,3173120,256,0.991203,6.0000,,
12396,3173376,256,0.981853,6.0000,,
12397,3173632,256,0.989065,6.0000,,
12398,3173888,256,0.989205,6.0000,,
12399,3174144,256,0.990274,6.0000,,
12400,3174400,256,0.984834,6.0000,0.995353,6.0000
12401,3174656,256,0.990161,6.0000,,
12402,3174912,256,0.976909,6.0000,,
12403,3175168,256,0.985392,6.0000,,
12404,3175424,256,0.985983,6.0000,,
12405,3175680,256,0.983434,6.0000,,
12406,3175936,256,0.983135,6.0000,,
12407,3176192,256,0.989379,6.0000,,
12408,3176448,256,0.986932,6.0000,,
12409,3176704,256,0.987295,6.0000,,
12410,3176960,256,0.985290,6.0000,,
12411,3177216,256,0.989964,6.0000,,
12412,3177472,256,0.987515,6.0000,,
12413,3177728,256,0.982499,6.0000,,
12414,3177984,256,0.989552,6.0000,,
12415,3178240,256,0.989411,6.0000,,
12416,3178496,256,0.992310,6.0000,,
12417,3178752,256,0.990820,6.0000,,
12418,3179008,256,0.987964,6.0000,,
12419,3179264,256,0.990938,6.0000,,
12420,3179520,256,0.982420,6.0000,,
12421,3179776,256,0.982465,6.0000,,
12422,3180032,256,0.993309,6.0000,,
12423,3180288,256,0.987343,6.0000,,
12424,3180544,256,0.986093,6.0000,,
12425,3180800,256,0.987751,6.0000,,
12426,3181056,256,0.986857,6.0000,,
12427,3181312,256,0.983333,6.0000,,
12428,3181568,256,0.989074,6.0000,,
12429,3181824,256,0.991595,6.0000,,
12430,3182080,256,0.989764,6.0000,,
12431,3182336,256,0.989747,6.0000,,
12432,3182592,256,0.988036,6.0000,,
12433,3182848,256,0.988573,6.0000,,
12434,3183104,256,0.990109,6.0000,,
12435,3183360,256,0.985677,6.0000,,
12436,3183616,256,0.990138,6.0000,,
12437,3183872,256,0.979312,6.0000,,
12438,3184128,256,0.988235,6.0000,,
12439,3184384,256,0.989838,6.0000,,
12440,3184640,256,0.988995,6.0000,,
12441,3184896,256,0.989143,6.0000,,
12442,3185152,256,0.987918,6.0000,,
12443,3185408,256,0.986796,6.0000,,
12444,3185664,256,0.981692,6.0000,,
12445,3185920,256,0.982221,6.0000,,
12446,3186176,256,0.989807,6.0000,,
12447,3186432,256,0.984310,6.0000,,
12448,3186688,256,0.989714,6.0000,,
12449,3186944,256,0.988329,6.0000,,
12450,3187200,256,0.986642,6.0000,,
12451,3187456,256,0.981516,6.0000,,
12452,3187712,256,0.983551,6.0000,,
12453,3187968,256,0.983389,6.0000,,
12454,3188224,256,0.989103,6.0000,,
12455,3188480,256,0.985595,6.0000,,
12456,3188736,256,0.986160,6.0000,,
12457,3188992,256,0.985145,6.0000,,
12458,3189248,256,0.985965,6.0000,,
12459,3189504,256,0.991702,6.0000,,
12460,3189760,256,0.986857,6.0000,,
12461,3190016,256,0.988139,6.0000,,
12462,3190272,256,0.988521,6.0000,,
12463,3190528,256,0.987439,6.0000,,
12464,3190784,256,0.985264,6.0000,,
12465,3191040,256,0.986288,6.0000,,
12466,3191296,256,0.986876,6.0000,,
12467,3191552,256,0.987986,6.0000,,
12468,3191808,256,0.987753,6.0000,,
12469,3192064,256,0.986679,6.0000,,
12470,3192320,256,0.982290,6.0000,,
12471,3192576,256,0.986179,6.0000,,
12472,3192832,256,0.984761,6.0000,,
12473,3193088,256,0.981499,6.0000,,
12474,3193344,256,0.983587,6.0000,,
12475,3193600,256,0.983725,6.0000,,
12476,3193856,256,0.985759,6.0000,,
12477,3194112,256,0.989949,6.0000,,
12478,3194368,256,0.987051,6.0000,,
12479,3194624,256,0.985551,6.0000,,
12480,3194880,256,0.985212,6.0000,,
12481,3195136,256,0.987750,6.0000,,
12482,3195392,256,0.987503,6.0000,,
12483,3195648,256,0.984729,6.0000,,
12484,3195904,256,0.983521,6.0000,,
12485,3196160,256,0.989866,6.0000,,
12486,3196416,256,0.991124,6.0000,,
12487,3196672,256,0.989248,6.0000,,
12488,3196928,256,0.989647,6.0000,,
12489,3197184,256,0.983143,6.0000,,
12490,3197440,256,0.989075,6.0000,,
12491,3197696,256,0.985540,6.0000,,
12492,3197952,256,0.989181,6.0000,,
12493,3198208,256,0.988642,6.0000,,
12494,3198464,256,0.988104,6.0000,,
12495,3198720,256,0.985215,6.0000,,
12496,3198976,256,0.983422,6.0000,,
12497,3199232,256,0.991541,6.0000,,
12498,3199488,256,0.990397,6.0000,,
12499,3199744,256,0.986304,6.0000,,
12500,3200000,256,0.984733,6.0000,0.997023,6.0000
12501,3200256,256,0.984529,6.0000,,
12502,3200512,256,0.988094,6.0000,,
12503,3200768,256,0.989343,6.0000,,
12504,3201024,256,0.990131,6.0000,,
12505,3201280,256,0.988303,6.0000,,
12506,3201536,256,0.987777,6.0000,,
12507,3201792,256,0.987128,6.0000,,
12508,3202048,256,0.991214,6.0000,,
12509,3202304,256,0.989790,6.0000,,
12510,3202560,256,0.989834,6.0000,,
12511,3202816,256,0.990117,6.0000,,
12512,3203072,256,0.986774,6.0000,,
12513,3203328,256,0.983500,6.0000,,
12514,3203584,256,0.991397,6.0000,,
12515,3203840,256,0.989009,6.0000,,
12516,3204096,256,0.989699,6.0000,,
12517,3204352,256,0.985353,6.0000,,
12518,3204608,256,0.988386,6.0000,,
12519,3204864,256,0.988557,6.0000,,
12520,3205120,256,0.989656,6.0000,,
12521,3205376,256,0.987812,6.0000,,
12522,3205632,256,0.987679,6.0000,,
12523,3205888,256,0.982924,6.0000,,
12524,3206144,256,0.988972,6.0000,,
12525,3206400,256,0.987318,6.0000,,
12526,3206656,256,0.985310,6.0000,,
12527,3206912,256,0.991087,6.0000,,
12528,3207168,256,0.983279,6.0000,,
12529,3207424,256,0.991208,6.0000,,
12530,3207680,256,0.990857,6.0000,,
12531,3207936,256,0.988158,6.0000,,
12532,3208192,256,0.983997,6.0000,,
12533,3208448,256,0.988838,6.0000,,
12534,3208704,256,0.990031,6.0000,,
12535,3208960,256,0.986716,6.0000,,
12536,3209216,256,0.985085,6.0000,,
12537,3209472,256,0.986583,6.0000,,
12538,3209728,256,0.982405,6.0000,,
12539,3209984,256,0.987957,6.0000,,
12540,3210240,256,0.986052,6.0000,,
12541,3210496,256,0.988667,6.0000,,
12542,3210752,256,0.983911,6.0000,,
12543,3211008,256,0.985422,6.0000,,
12544,3211264,256,0.987052,6.0000,,
12545,3211520,256,0.986561,6.0000,,
12546,3211776,256,0.985520,6.0000,,
12547,3212032,256,0.985404,6.0000,,
12548,3212288,256,0.985556,6.0000,,
12549,3212544,256,0.987937,6.0000,,
12550,3212800,256,0.982965,6.0000,,
12551,3213056,256,0.985141,6.0000,,
12552,3213312,256,0.980923,6.0000,,
12553,3213568,256,0.990108,6.0000,,
12554,3213824,256,0.980783,6.0000,,
12555,3214080,256,0.987350,6.0000,,
12556,3214336,256,0.986074,6.0000,,
12557,3214592,256,0.990377,6.0000,,
12558,3214848,256,0.986435,6.0000,,
12559,3215104,256,0.989175,6.0000,,
12560,3215360,256,0.985084,6.0000,,
12561,3215616,256,0.982503,6.0000,,
12562,3215872,256,0.986410,6.0000,,
12563,3216128,256,0.987987,6.0000,,
12564,3216384,256,0.984552,6.0000,,
12565,3216640,256,0.984698,6.0000,,
12566,3216896,256,0.980117,6.0000,,
12567,3217152,256,0.986147,6.0000,,
12568,3217408,256,0.987069,6.0000,,
12569,3217664,256,0.987332,6.0000,,
12570,3217920,256,0.980829,6.0000,,
12571,3218176,256,0.986004,6.0000,,
12572,3218432,256,0.989037,6.0000,,
12573,3218688,256,0.990897,6.0000,,
12574,3218944,256,0.987448,6.0000,,
12575,3219200,256,0.983923,6.0000,,
12576,3219456,256,0.976792,6.0000,,
12577,3219712,256,0.982162,6.0000,,
12578,3219968,256,0.990947,6.0000,,
12579,3220224,256,0.979337,6.0000,,
12580,3220480,256,0.986238,6.0000,,
12581,3220736,256,0.984581,6.0000,,
12582,3220992,256,0.988933,6.0000,,
12583,3221248,256,0.987703,6.0000,,
12584,3221504,256,0.986631,6.0000,,
12585,3221760,256,0.983521,6.0000,,
12586,3222016,256,0.987321,6.0000,,
12587,3222272,256,0.986505,6.0000,,
12588,3222528,256,0.986526,6.0000,,
12589,3222784,256,0.982967,6.0000,,
12590,3223040,256,0.978300,6.0000,,
12591,3223296,256,0.989506,6.0000,,
12592,3223552,256,0.983910,6.0000,,
12593,3223808,256,0.985952,6.0000,,
12594,3224064,256,0.986702,6.0000,,
12595,3224320,256,0.988049,6.0000,,
12596,3224576,256,0.985955,6.0000,,
12597,3224832,256,0.984796,6.0000,,
12598,3225088,256,0.983200,6.0000,,
12599,3225344,256,0.984037,6.0000,,
12600,3225600,256,0.987633,6.0000,0.990578,6.0000
12601,3225856,256,0.984854,6.0000,,
12602,3226112,256,0.983214,6.0000,,
12603,3226368,256,0.984154,6.0000,,
12604,3226624,256,0.986870,6.0000,,
12605,3226880,256,0.984465,6.0000,,
12606,3227136,256,0.987454,6.0000,,
12607,3227392,256,0.986096,6.0000,,
12608,3227648,256,0.988108,6.0000,,
12609,3227904,256,0.984156,6.0000,,
12610,3228160,256,0.987796,6.0000,,
12611,3228416,256,0.982834,6.0000,,
12612,3228672,256,0.989480,6.0000,,
12613,3228928,256,0.990605,6.0000,,
12614,3229184,256,0.989151,6.0000,,
12615,3229440,256,0.983509,6.0000,,
12616,3229696,256,0.989974,6.0000,,
12617,3229952,256,0.987241,6.0000,,
12618,3230208,256,0.984457,6.0000,,
12619,3230464,256,0.987803,6.0000,,
12620,3230720,256,0.986180,6.0000,,
12621,3230976,256,0.986976,6.0000,,
12622,3231232,256,0.988714,6.0000,,
12623,3231488,256,0.992446,6.0000,,
12624,3231744,256,0.987579,6.0000,,
12625,3232000,256,0.992469,6.0000,,
12626,3232256,256,0.991455,6.0000,,
12627,3232512,256,0.992273,6.0000,,
12628,3232768,256,0.986714,6.0000,,
12629,3233024,256,0.988089,6.0000,,
12630,3233280,256,0.990210,6.0000,,
12631,3233536,256,0.987394,6.0000,,
12632,3233792,256,0.989741,6.0000,,
12633,3234048,256,0.990599,6.0000,,
12634,3234304,256,0.990584,6.0000,,
12635,3234560,256,0.987952,6.0000,,
12636,3234816,256,0.984566,6.0000,,
12637,3235072,256,0.988774,6.0000,,
12638,3235328,256,0.987378,6.0000,,
12639,3235584,256,0.990453,6.0000,,
12640,3235840,256,0.989583,6.0000,,
12641,3236096,256,0.985286,6.0000,,
12642,3236352,256,0.984041,6.0000,,
12643,3236608,256,0.985856,6.0000,,
12644,3236864,256,0.985289,6.0000,,
12645,3237120,256,0.989507,6.0000,,
12646,3237376,256,0.988179,6.0000,,
12647,3237632,256,0.988173,6.0000,,
12648,3237888,256,0.985226,6.0000,,
12649,3238144,256,0.989441,6.0000,,
12650,3238400,256,0.987735,6.0000,,
12651,3238656,256,0.987718,6.0000,,
12652,3238912,256,0.982210,6.0000,,
12653,3239168,256,0.986693,6.0000,,
12654,3239424,256,0.988628,6.0000,,
12655,3239680,256,0.988555,6.0000,,
12656,3239936,256,0.987291,6.0000,,
12657,3240192,256,0.989386,6.0000,,
12658,3240448,256,0.991064,6.0000,,
12659,3240704,256,0.988307,6.0000,,
12660,3240960,256,0.986017,6.0000,,
12661,3241216,256,0.986917,6.0000,,
12662,3241472,256,0.991289,6.0000,,
12663,3241728,256,0.991872,6.0000,,
12664,3241984,256,0.990756,6.0000,,
12665,3242240,256,0.989497,6.0000,,
12666,3242496,256,0.987850,6.0000,,
12667,3242752,256,0.991448,6.0000,,
12668,3243008,256,0.988690,6.0000,,
12669,3243264,256,0.990332,6.0000,,
12670,3243520,256,0.992977,6.0000,,
12671,3243776,256,0.991037,6.0000,,
12672,3244032,256,0.983566,6.0000,,
12673,3244288,256,0.988471,6.0000,,
12674,3244544,256,0.982941,6.0000,,
12675,3244800,256,0.991079,6.0000,,
12676,3245056,256,0.986970,6.0000,,
12677,3245312,256,0.991412,6.0000,,
12678,3245568,256,0.988128,6.0000,,
12679,3245824,256,0.986545,6.0000,,
12680,3246080,256,0.983383,6.0000,,
12681,3246336,256,0.987292,6.0000,,
12682,3246592,256,0.990729,6.0000,,
12683,3246848,256,0.991343,6.0000,,
12684,3247104,256,0.985880,6.0000,,
12685,3247360,256,0.981808,6.0000,,
12686,3247616,256,0.988088,6.0000,,
12687,3247872,256,0.987673,6.0000,,
12688,3248128,256,0.991486,6.0000,,
12689,3248384,256,0.987019,6.0000,,
12690,3248640,256,0.991657,6.0000,,
12691,3248896,256,0.989793,6.0000,,
12692,3249152,256,0.990430,6.0000,,
12693,3249408,256,0.988976,6.0000,,
12694,3249664,256,0.991642,6.0000,,
12695,3249920,256,0.989200,6.0000,,
12696,3250176,256,0.986578,6.0000,,
12697,3250432,256,0.985125,6.0000,,
12698,3250688,256,0.989601,6.0000,,
12699,3250944,256,0.990492,6.0000,,
12700,3251200,256,0.992240,6.0000,0.996951,6.0000
12701,3251456,256,0.989993,6.0000,,
12702,3251712,256,0.988412,6.0000,,
12703,3251968,256,0.985058,6.0000,,
12704,3252224,256,0.987329,6.0000,,
12705,3252480,256,0.988206,6.0000,,
12706,3252736,256,0.989701,6.0000,,
12707,3252992,256,0.990216,6.0000,,
12708,3253248,256,0.989640,6.0000,,
12709,3253504,256,0.992652,6.0000,,
12710,3253760,256,0.992056,6.0000,,
12711,3254016,256,0.979989,6.0000,,
12712,3254272,256,0.985614,6.0000,,
12713,3254528,256,0.988119,6.0000,,
12714,3254784,256,0.989759,6.0000,,
12715,3255040,256,0.984860,6.0000,,
12716,3255296,256,0.987966,6.0000,,
12717,3255552,256,0.988011,6.0000,,
12718,3255808,256,0.981079,6.0000,,
12719,3256064,256,0.987672,6.0000,,
12720,3256320,256,0.988329,6.0000,,
12721,3256576,256,0.990297,6.0000,,
12722,3256832,256,0.988476,6.0000,,
12723,3257088,256,0.990543,6.0000,,
12724,3257344,256,0.985485,6.0000,,
12725,3257600,256,0.989278,6.0000,,
12726,3257856,256,0.990214,6.0000,,
12727,3258112,256,0.988530,6.0000,,
12728,3258368,256,0.988703,6.0000,,
12729,3258624,256,0.989424,6.0000,,
12730,3258880,256,0.986374,6.0000,,
12731,3259136,256,0.988266,6.0000,,
12732,3259392,256,0.986598,6.0000,,
12733,3259648,256,0.987172,6.0000,,
12734,3259904,256,0.986247,6.0000,,
12735,3260160,256,0.987484,6.0000,,
12736,3260416,256,0.989988,6.0000,,
12737,3260672,256,0.990590,6.0000,,
12738,3260928,256,0.989566,6.0000,,
12739,3261184,256,0.988646,6.0000,,
12740,3261440,256,0.985179,6.0000,,
12741,3261696,256,0.981478,6.0000,,
12742,3261952,256,0.990245,6.0000,,
12743,3262208,256,0.988640,6.0000,,
12744,3262464,256,0.990242,6.0000,,
12745,3262720,256,0.991472,6.0000,,
12746,3262976,256,0.988031,6.0000,,
12747,3263232,256,0.989453,6.0000,,
12748,3263488,256,0.989804,6.0000,,
12749,3263744,256,0.993060,6.0000,,
12750,3264000,256,0.988593,6.0000,,
12751,3264256,256,0.990270,6.0000,,
12752,3264512,256,0.989534,6.0000,,
12753,3264768,256,0.990800,6.0000,,
12754,3265024,256,0.991194,6.0000,,
12755,3265280,256,0.991338,6.0000,,
12756,3265536,256,0.990750,6.0000,,
12757,3265792,256,0.987750,6.0000,,
12758,3266048,256,0.988429,6.0000,,
12759,3266304,256,0.988184,6.0000,,
12760,3266560,256,0.990823,6.0000,,
12761,3266816,256,0.990908,6.0000,,
12762,3267072,256,0.990433,6.0000,,
12763,3267328,256,0.989390,6.0000,,
12764,3267584,256,0.984213,6.0000,,
12765,3267840,256,0.990319,6.0000,,
12766,3268096,256,0.989166,6.0000,,
12767,3268352,256,0.985753,6.0000,,
12768,3268608,256,0.991263,6.0000,,
12769,3268864,256,0.991901,6.0000,,
12770,3269120,256,0.986120,6.0000,,
12771,3269376,256,0.991235,6.0000,,
12772,3269632,256,0.988205,6.0000,,
12773,3269888,256,0.988917,6.0000,,
12774,3270144,256,0.987530,6.0000,,
12775,3270400,256,0.989529,6.0000,,
12776,3270656,256,0.985663,6.0000,,
12777,3270912,256,0.989448,6.0000,,
12778,3271168,256,0.990837,6.0000,,
12779,3271424,256,0.989718,6.0000,,
12780,3271680,256,0.985926,6.0000,,
12781,3271936,256,0.989535,6.0000,,
12782,3272192,256,0.991292,6.0000,,
12783,3272448,256,0.989241,6.0000,,
12784,3272704,256,0.987145,6.0000,,
12785,3272960,256,0.981941,6.0000,,
12786,3273216,256,0.990115,6.0000,,
12787,3273472,256,0.988478,6.0000,,
12788,3273728,256,0.981708,6.0000,,
12789,3273984,256,0.987331,6.0000,,
12790,3274240,256,0.987614,6.0000,,
12791,3274496,256,0.989452,6.0000,,
12792,3274752,256,0.989325,6.0000,,
12793,3275008,256,0.986642,6.0000,,
12794,3275264,256,0.989999,6.0000,,
12795,3275520,256,0.986837,6.0000,,
12796,3275776,256,0.989433,6.0000,,
12797,3276032,256,0.991743,6.0000,,
12798,3276288,256,0.993042,6.0000,,
12799,3276544,256,0.991757,6.0000,,
12800,3276800,256,0.987163,6.0000,0.997946,6.0000
12801,3277056,256,0.989275,6.0000,,
12802,3277312,256,0.987872,6.0000,,
12803,3277568,256,0.990199,6.0000,,
12804,3277824,256,0.989577,6.0000,,
12805,3278080,256,0.986777,6.0000,,
12806,3278336,256,0.985475,6.0000,,
12807,3278592,256,0.991372,6.0000,,
12808,3278848,256,0.988246,6.0000,,
12809,3279104,256,0.988521,6.0000,,
12810,3279360,256,0.989683,6.0000,,
12811,3279616,256,0.988383,6.0000,,
12812,3279872,256,0.987096,6.0000,,
12813,3280128,256,0.991463,6.0000,,
12814,3280384,256,0.988994,6.0000,,
12815,3280640,256,0.985786,6.0000,,
12816,3280896,256,0.988685,6.0000,,
12817,3281152,256,0.990575,6.0000,,
12818,3281408,256,0.988978,6.0000,,
12819,3281664,256,0.987900,6.0000,,
12820,3281920,256,0.990143,6.0000,,
12821,3282176,256,0.992084,6.0000,,
12822,3282432,256,0.988289,6.0000,,
12823,3282688,256,0.985515,6.0000,,
12824,3282944,256,0.991434,6.0000,,
12825,3283200,256,0.989105,6.0000,,
12826,3283456,256,0.981564,6.0000,,
12827,3283712,256,0.989638,6.0000,,
12828,3283968,256,0.990930,6.0000,,
12829,3284224,256,0.991181,6.0000,,
12830,3284480,256,0.986821,6.0000,,
12831,3284736,256,0.990989,6.0000,,
12832,3284992,256,0.990432,6.0000,,
12833,3285248,256,0.987078,6.0000,,
12834,3285504,256,0.991461,6.0000,,
12835,3285760,256,0.990078,6.0000,,
12836,3286016,256,0.986037,6.0000,,
12837,3286272,256,0.991258,6.0000,,
12838,3286528,256,0.991692,6.0000,,
12839,3286784,256,0.992613,6.0000,,
12840,3287040,256,0.984305,6.0000,,
12841,3287296,256,0.987175,6.0000,,
12842,3287552,256,0.991479,6.0000,,
12843,3287808,256,0.990053,6.0000,,
12844,3288064,256,0.982952,6.0000,,
12845,3288320,256,0.986718,6.0000,,
12846,3288576,256,0.993430,6.0000,,
12847,3288832,256,0.987105,6.0000,,
12848,3289088,256,0.991942,6.0000,,
12849,3289344,256,0.990386,6.0000,,
12850,3289600,256,0.991943,6.0000,,
12851,3289856,256,0.990620,6.0000,,
12852,3290112,256,0.982095,6.0000,,
12853,3290368,256,0.991749,6.0000,,
12854,3290624,256,0.985371,6.0000,,
12855,3290880,256,0.992635,6.0000,,
12856,3291136,256,0.990964,6.0000,,
12857,3291392,256,0.988190,6.0000,,
12858,3291648,256,0.988814,6.0000,,
12859,3291904,256,0.983687,6.0000,,
12860,3292160,256,0.986770,6.0000,,
12861,3292416,256,0.989693,6.0000,,
12862,3292672,256,0.984387,6.0000,,
12863,3292928,256,0.990860,6.0000,,
12864,3293184,256,0.988407,6.0000,,
12865,3293440,256,0.983640,6.0000,,
12866,3293696,256,0.986709,6.0000,,
12867,3293952,256,0.990764,6.0000,,
12868,3294208,256,0.988922,6.0000,,
12869,3294464,256,0.987504,6.0000,,
12870,3294720,256,0.991884,6.0000,,
12871,3294976,256,0.987167,6.0000,,
12872,3295232,256,0.988621,6.0000,,
12873,3295488,256,0.985041,6.0000,,
12874,3295744,256,0.990914,6.0000,,
12875,3296000,256,0.988247,6.0000,,
12876,3296256,256,0.983924,6.0000,,
12877,3296512,256,0.989874,6.0000,,
12878,3296768,256,0.989353,6.0000,,
12879,3297024,256,0.986357,6.0000,,
12880,3297280,256,0.981536,6.0000,,
12881,3297536,256,0.988079,6.0000,,
12882,3297792,256,0.984043,6.0000,,
12883,3298048,256,0.988311,6.0000,,
12884,3298304,256,0.991355,6.0000,,
12885,3298560,256,0.986085,6.0000,,
12886,3298816,256,0.987651,6.0000,,
12887,3299072,256,0.991225,6.0000,,
12888,3299328,256,0.990767,6.0000,,
12889,3299584,256,0.990387,6.0000,,
12890,3299840,256,0.985506,6.0000,,
12891,3300096,256,0.990805,6.0000,,
12892,3300352,256,0.989805,6.0000,,
12893,3300608,256,0.983084,6.0000,,
12894,3300864,256,0.988952,6.0000,,
12895,3301120,256,0.987203,6.0000,,
12896,3301376,256,0.986659,6.0000,,
12897,3301632,256,0.992205,6.0000,,
12898,3301888,256,0.986661,6.0000,,
12899,3302144,256,0.982774,6.0000,,
12900,3302400,256,0.987590,6.0000,0.993834,6.0000
12901,3302656,256,0.984859,6.0000,,
12902,3302912,256,0.982708,6.0000,,
12903,3303168,256,0.987458,6.0000,,
12904,3303424,256,0.988255,6.0000,,
12905,3303680,256,0.989639,6.0000,,
12906,3303936,256,0.982737,6.0000,,
12907,3304192,256,0.982805,6.0000,,
12908,3304448,256,0.984308,6.0000,,
12909,3304704,256,0.984326,6.0000,,
12910,3304960,256,0.984056,6.0000,,
12911,3305216,256,0.977149,6.0000,,
12912,3305472,256,0.978454,6.0000,,
12913,3305728,256,0.988596,6.0000,,
12914,3305984,256,0.989021,6.0000,,
12915,3306240,256,0.983750,6.0000,,
12916,3306496,256,0.978892,6.0000,,
12917,3306752,256,0.987792,6.0000,,
12918,3307008,256,0.980725,6.0000,,
12919,3307264,256,0.988262,6.0000,,
12920,3307520,256,0.988677,6.0000,,
12921,3307776,256,0.988996,6.0000,,
12922,3308032,256,0.988439,6.0000,,
12923,3308288,256,0.990046,6.0000,,
12924,3308544,256,0.988449,6.0000,,
12925,3308800,256,0.981614,6.0000,,
12926,3309056,256,0.986854,6.0000,,
12927,3309312,256,0.982242,6.0000,,
12928,3309568,256,0.985749,6.0000,,
12929,3309824,256,0.989083,6.0000,,
12930,3310080,256,0.987728,6.0000,,
12931,3310336,256,0.986255,6.0000,,
12932,3310592,256,0.983970,6.0000,,
12933,3310848,256,0.986178,6.0000,,
12934,3311104,256,0.986326,6.0000,,
12935,3311360,256,0.984521,6.0000,,
12936,3311616,256,0.988883,6.0000,,
12937,3311872,256,0.982893,6.0000,,
12938,3312128,256,0.980564,6.0000,,
12939,3312384,256,0.988063,6.0000,,
12940,3312640,256,0.990945,6.0000,,
12941,3312896,256,0.982474,6.0000,,
12942,3313152,256,0.986404,6.0000,,
12943,3313408,256,0.986243,6.0000,,
12944,3313664,256,0.981744,6.0000,,
12945,3313920,256,0.991410,6.0000,,
12946,3314176,256,0.988808,6.0000,,
12947,3314432,256,0.981211,6.0000,,
12948,3314688,256,0.989227,6.0000,,
12949,3314944,256,0.987361,6.0000,,
12950,3315200,256,0.987204,6.0000,,
12951,3315456,256,0.981872,6.0000,,
12952,3315712,256,0.985777,6.0000,,
12953,3315968,256,0.981600,6.0000,,
12954,3316224,256,0.984971,6.0000,,
12955,3316480,256,0.986791,6.0000,,
12956,3316736,256,0.990476,6.0000,,
12957,3316992,256,0.988705,6.0000,,
12958,3317248,256,0.988027,6.0000,,
12959,3317504,256,0.989940,6.0000,,
12960,3317760,256,0.984435,6.0000,,
12961,3318016,256,0.986584,6.0000,,
12962,3318272,256,0.983009,6.0000,,
12963,3318528,256,0.989546,6.0000,,
12964,3318784,256,0.989110,6.0000,,
12965,3319040,256,0.984582,6.0000,,
12966,3319296,256,0.987384,6.0000,,
12967,3319552,256,0.981210,6.0000,,
12968,3319808,256,0.989134,6.0000,,
12969,3320064,256,0.979176,6.0000,,
12970,3320320,256,0.990806,6.0000,,
12971,3320576,256,0.989878,6.0000,,
12972,3320832,256,0.983727,6.0000,,
12973,3321088,256,0.989773,6.0000,,
12974,3321344,256,0.986170,6.0000,,
12975,3321600,256,0.990577,6.0000,,
12976,3321856,256,0.984380,6.0000,,
12977,3322112,256,0.986398,6.0000,,
12978,3322368,256,0.986622,6.0000,,
12979,3322624,256,0.988805,6.0000,,
12980,3322880,256,0.989265,6.0000,,
12981,3323136,256,0.983910,6.0000,,
12982,3323392,256,0.987921,6.0000,,
12983,3323648,256,0.990977,6.0000,,
12984,3323904,256,0.988752,6.0000,,
12985,3324160,256,0.990250,6.0000,,
12986,3324416,256,0.989868,6.0000,,
12987,3324672,256,0.979491,6.0000,,
12988,3324928,256,0.991783,6.0000,,
12989,3325184,256,0.992694,6.0000,,
12990,3325440,256,0.991018,6.0000,,
12991,3325696,256,0.989878,6.0000,,
12992,3325952,256,0.983966,6.0000,,
12993,3326208,256,0.984662,6.0000,,
12994,3326464,256,0.985769,6.0000,,
12995,3326720,256,0.985603,6.0000,,
12996,3326976,256,0.986101,6.0000,,
12997,3327232,256,0.984971,6.0000,,
12998,3327488,256,0.987479,6.0000,,
12999,3327744,256,0.987128,6.0000,,
13000,3328000,256,0.987002,6.0000,0.995282,6.0000
13001,3328256,256,0.991813,6.0000,,
13002,3328512,256,0.989474,6.0000,,
13003,3328768,256,0.989042,6.0000,,
13004,3329024,256,0.988806,6.0000,,
13005,3329280,256,0.982318,6.0000,,
13006,3329536,256,0.988356,6.0000,,
13007,3329792,256,0.987202,6.0000,,
13008,3330048,256,0.990742,6.0000,,
13009,3330304,256,0.987732,6.0000,,
13010,3330560,256,0.986624,6.0000,,
13011,3330816,256,0.983633,6.0000,,
13012,3331072,256,0.988009,6.0000,,
13013,3331328,256,0.989410,6.0000,,
13014,3331584,256,0.992604,6.0000,,
13015,3331840,256,0.991361,6.0000,,
13016,3332096,256,0.986844,6.0000,,
13017,3332352,256,0.987832,6.0000,,
13018,3332608,256,0.991288,6.0000,,
13019,3332864,256,0.990486,6.0000,,
13020,3333120,256,0.989992,6.0000,,
13021,3333376,256,0.989808,6.0000,,
13022,3333632,256,0.987522,6.0000,,
13023,3333888,256,0.989240,6.0000,,
13024,3334144,256,0.990037,6.0000,,
13025,3334400,256,0.987291,6.0000,,
13026,3334656,256,0.983379,6.0000,,
13027,3334912,256,0.981620,6.0000,,
13028,3335168,256,0.989245,6.0000,,
13029,3335424,256,0.987652,6.0000,,
13030,3335680,256,0.985820,6.0000,,
13031,3335936,256,0.990006,6.0000,,
13032,3336192,256,0.992149,6.0000,,
13033,3336448,256,0.988896,6.0000,,
13034,3336704,256,0.982341,6.0000,,
13035,3336960,256,0.983559,6.0000,,
13036,3337216,256,0.984816,6.0000,,
13037,3337472,256,0.989374,6.0000,,
13038,3337728,256,0.991309,6.0000,,
13039,3337984,256,0.987921,6.0000,,
13040,3338240,256,0.984717,6.0000,,
13041,3338496,256,0.990845,6.0000,,
13042,3338752,256,0.989880,6.0000,,
13043,3339008,256,0.989022,6.0000,,
13044,3339264,256,0.990742,6.0000,,
13045,3339520,256,0.983606,6.0000,,
13046,3339776,256,0.990500,6.0000,,
13047,3340032,256,0.984445,6.0000,,
13048,3340288,256,0.986708,6.0000,,
13049,3340544,256,0.982971,6.0000,,
13050,3340800,256,0.990273,6.0000,,
13051,3341056,256,0.984630,6.0000,,
13052,3341312,256,0.986221,6.0000,,
13053,3341568,256,0.988427,6.0000,,
13054,3341824,256,0.987968,6.0000,,
13055,3342080,256,0.985384,6.0000,,
13056,3342336,256,0.987174,6.0000,,
13057,3342592,256,0.991104,6.0000,,
13058,3342848,256,0.988182,6.0000,,
13059,3343104,256,0.987258,6.0000,,
13060,3343360,256,0.990549,6.0000,,
13061,3343616,256,0.986907,6.0000,,
13062,3343872,256,0.986884,6.0000,,
13063,3344128,256,0.987596,6.0000,,
13064,3344384,256,0.989598,6.0000,,
13065,3344640,256,0.984367,6.0000,,
13066,3344896,256,0.990411,6.0000,,
13067,3345152,256,0.990076,6.0000,,
13068,3345408,256,0.986876,6.0000,,
13069,3345664,256,0.990112,6.0000,,
13070,3345920,256,0.989621,6.0000,,
13071,3346176,256,0.987827,6.0000,,
13072,3346432,256,0.988924,6.0000,,
13073,3346688,256,0.986597,6.0000,,
13074,3346944,256,0.982442,6.0000,,
13075,3347200,256,0.989332,6.0000,,
13076,3347456,256,0.990760,6.0000,,
13077,3347712,256,0.988879,6.0000,,
13078,3347968,256,0.989697,6.0000,,
13079,3348224,256,0.989156,6.0000,,
13080,3348480,256,0.987214,6.0000,,
13081,3348736,256,0.991160,6.0000,,
13082,3348992,256,0.989577,6.0000,,
13083,3349248,256,0.989261,6.0000,,
13084,3349504,256,0.988649,6.0000,,
13085,3349760,256,0.992145,6.0000,,
13086,3350016,256,0.990594,6.0000,,
13087,3350272,256,0.991282,6.0000,,
13088,3350528,256,0.992208,6.0000,,
13089,3350784,256,0.983712,6.0000,,
13090,3351040,256,0.986512,6.0000,,
13091,3351296,256,0.989414,6.0000,,
13092,3351552,256,0.988298,6.0000,,
13093,3351808,256,0.990883,6.0000,,
13094,3352064,256,0.990281,6.0000,,
13095,3352320,256,0.989484,6.0000,,
13096,3352576,256,0.988343,6.0000,,
13097,3352832,256,0.989789,6.0000,,
13098,3353088,256,0.991067,6.0000,,
13099,3353344,256,0.984844,6.0000,,
13100,3353600,256,0.982547,6.0000,0.996554,6.0000
13101,3353856,256,0.993334,6.0000,,
13102,3354112,256,0.992226,6.0000,,
13103,3354368,256,0.991536,6.0000,,
13104,3354624,256,0.990828,6.0000,,
13105,3354880,256,0.985421,6.0000,,
13106,3355136,256,0.991472,6.0000,,
13107,3355392,256,0.989485,6.0000,,
13108,3355648,256,0.982043,6.0000,,
13109,3355904,256,0.989175,6.0000,,
13110,3356160,256,0.989819,6.0000,,
13111,3356416,256,0.988594,6.0000,,
13112,3356672,256,0.990500,6.0000,,
13113,3356928,256,0.989538,6.0000,,
13114,3357184,256,0.989028,6.0000,,
13115,3357440,256,0.985728,6.0000,,
13116,3357696,256,0.991582,6.0000,,
13117,3357952,256,0.988921,6.0000,,
13118,3358208,256,0.986650,6.0000,,
13119,3358464,256,0.989806,6.0000,,
13120,3358720,256,0.985440,6.0000,,
13121,3358976,256,0.988069,6.0000,,
13122,3359232,256,0.984772,6.0000,,
13123,3359488,256,0.987102,6.0000,,
13124,3359744,256,0.987536,6.0000,,
13125,3360000,256,0.982070,6.0000,,
13126,3360256,256,0.987702,6.0000,,
13127,3360512,256,0.986327,6.0000,,
13128,3360768,256,0.987804,6.0000,,
13129,3361024,256,0.981372,6.0000,,
13130,3361280,256,0.989599,6.0000,,
13131,3361536,256,0.984243,6.0000,,
13132,3361792,256,0.985363,6.0000,,
13133,3362048,256,0.987593,6.0000,,
13134,3362304,256,0.983005,6.0000,,
13135,3362560,256,0.991181,6.0000,,
13136,3362816,256,0.986922,6.0000,,
13137,3363072,256,0.990908,6.0000,,
13138,3363328,256,0.989677,6.0000,,
13139,3363584,256,0.989329,6.0000,,
13140,3363840,256,0.986981,6.0000,,
13141,3364096,256,0.991273,6.0000,,
13142,3364352,256,0.989463,6.0000,,
13143,3364608,256,0.982384,6.0000,,
13144,3364864,256,0.986544,6.0000,,
13145,3365120,256,0.983466,6.0000,,
13146,3365376,256,0.987676,6.0000,,
13147,3365632,256,0.991355,6.0000,,
13148,3365888,256,0.986295,6.0000,,
13149,3366144,256,0.990766,6.0000,,
13150,3366400,256,0.992710,6.0000,,
13151,3366656,256,0.991440,6.0000,,
13152,3366912,256,0.990964,6.0000,,
13153,3367168,256,0.988683,6.0000,,
13154,3367424,256,0.989558,6.0000,,
13155,3367680,256,0.989190,6.0000,,
13156,3367936,256,0.981272,6.0000,,
13157,3368192,256,0.990179,6.0000,,
13158,3368448,256,0.989848,6.0000,,
13159,3368704,256,0.990182,6.0000,,
13160,3368960,256,0.988111,6.0000,,
13161,3369216,256,0.991399,6.0000,,
13162,3369472,256,0.989253,6.0000,,
13163,3369728,256,0.991025,6.0000,,
13164,3369984,256,0.989226,6.0000,,
13165,3370240,256,0.986583,6.0000,,
13166,3370496,256,0.990418,6.0000,,
13167,3370752,256,0.987976,6.0000,,
13168,3371008,256,0.990614,6.0000,,
13169,3371264,256,0.988445,6.0000,,
13170,3371520,256,0.989476,6.0000,,
13171,3371776,256,0.991385,6.0000,,
13172,3372032,256,0.988983,6.0000,,
13173,3372288,256,0.991245,6.0000,,
13174,3372544,256,0.987464,6.0000,,
13175,3372800,256,0.993397,6.0000,,
13176,3373056,256,0.988893,6.0000,,
13177,3373312,256,0.987222,6.0000,,
13178,3373568,256,0.992579,6.0000,,
13179,3373824,256,0.989909,6.0000,,
13180,3374080,256,0.989326,6.0000,,
13181,3374336,256,0.987807,6.0000,,
13182,3374592,256,0.989984,6.0000,,
13183,3374848,256,0.986763,6.0000,,
13184,3375104,256,0.987673,6.0000,,
13185,3375360,256,0.988222,6.0000,,
13186,3375616,256,0.989672,6.0000,,
13187,3375872,256,0.988344,6.0000,,
13188,3376128,256,0.990215,6.0000,,
13189,3376384,256,0.986800,6.0000,,
13190,3376640,256,0.988366,6.0000,,
13191,3376896,256,0.990024,6.0000,,
13192,3377152,256,0.987391,6.0000,,
13193,3377408,256,0.989550,6.0000,,
13194,3377664,256,0.988638,6.0000,,
13195,3377920,256,0.991716,6.0000,,
13196,3378176,256,0.989646,6.0000,,
13197,3378432,256,0.992037,6.0000,,
13198,3378688,256,0.986850,6.0000,,
13199,3378944,256,0.988332,6.0000,,
13200,3379200,256,0.990006,6.0000,0.997047,6.0000
13201,3379456,256,0.987667,6.0000,,
13202,3379712,256,0.987576,6.0000,,
13203,3379968,256,0.990363,6.0000,,
13204,3380224,256,0.990422,6.0000,,
13205,3380480,256,0.990898,6.0000,,
13206,3380736,256,0.988243,6.0000,,
13207,3380992,256,0.979629,6.0000,,
13208,3381248,256,0.989300,6.0000,,
13209,3381504,256,0.991327,6.0000,,
13210,3381760,256,0.981531,6.0000,,
13211,3382016,256,0.989332,6.0000,,
13212,3382272,256,0.988889,6.0000,,
13213,3382528,256,0.989098,6.0000,,
13214,3382784,256,0.989739,6.0000,,
13215,3383040,256,0.989559,6.0000,,
13216,3383296,256,0.988193,6.0000,,
13217,3383552,256,0.990524,6.0000,,
13218,3383808,256,0.984311,6.0000,,
13219,3384064,256,0.986527,6.0000,,
13220,3384320,256,0.989944,6.0000,,
13221,3384576,256,0.991146,6.0000,,
13222,3384832,256,0.988198,6.0000,,
13223,3385088,256,0.990024,6.0000,,
13224,3385344,256,0.988687,6.0000,,
13225,3385600,256,0.990989,6.0000,,
13226,3385856,256,0.986945,6.0000,,
13227,3386112,256,0.988934,6.0000,,
13228,3386368,256,0.990486,6.0000,,
13229,3386624,256,0.987181,6.0000,,
13230,3386880,256,0.988886,6.0000,,
13231,3387136,256,0.990699,6.0000,,
13232,3387392,256,0.985788,6.0000,,
13233,3387648,256,0.987434,6.0000,,
13234,3387904,256,0.982396,6.0000,,
13235,3388160,256,0.985197,6.0000,,
13236,3388416,256,0.979012,6.0000,,
13237,3388672,256,0.986337,6.0000,,
13238,3388928,256,0.984549,6.0000,,
13239,3389184,256,0.988481,6.0000,,
13240,3389440,256,0.988478,6.0000,,
13241,3389696,256,0.985353,6.0000,,
13242,3389952,256,0.991268,6.0000,,
13243,3390208,256,0.984865,6.0000,,
13244,3390464,256,0.989622,6.0000,,
13245,3390720,256,0.991114,6.0000,,
13246,3390976,256,0.990722,6.0000,,
13247,3391232,256,0.987542,6.0000,,
13248,3391488,256,0.986454,6.0000,,
13249,3391744,256,0.990011,6.0000,,
13250,3392000,256,0.982538,6.0000,,
13251,3392256,256,0.982161,6.0000,,
13252,3392512,256,0.982583,6.0000,,
13253,3392768,256,0.987528,6.0000,,
13254,3393024,256,0.989332,6.0000,,
13255,3393280,256,0.984089,6.0000,,
13256,3393536,256,0.986928,6.0000,,
13257,3393792,256,0.984125,6.0000,,
13258,3394048,256,0.987210,6.0000,,
13259,3394304,256,0.984236,6.0000,,
13260,3394560,256,0.983579,6.0000,,
13261,3394816,256,0.988694,6.0000,,
13262,3395072,256,0.987756,6.0000,,
13263,3395328,256,0.983451,6.0000,,
13264,3395584,256,0.984505,6.0000,,
13265,3395840,256,0.985748,6.0000,,
13266,3396096,256,0.984542,6.0000,,
13267,3396352,256,0.985778,6.0000,,
13268,3396608,256,0.987814,6.0000,,
13269,3396864,256,0.978826,6.0000,,
13270,3397120,256,0.987945,6.0000,,
13271,3397376,256,0.988801,6.0000,,
13272,3397632,256,0.982731,6.0000,,
13273,3397888,256,0.987713,6.0000,,
13274,3398144,256,0.985488,6.0000,,
13275,3398400,256,0.986592,6.0000,,
13276,3398656,256,0.986319,6.0000,,
13277,3398912,256,0.983697,6.0000,,
13278,3399168,256,0.981418,6.0000,,
13279,3399424,256,0.989890,6.0000,,
13280,3399680,256,0.983071,6.0000,,
13281,3399936,256,0.986888,6.0000,,
13282,3400192,256,0.981235,6.0000,,
13283,3400448,256,0.988355,6.0000,,
13284,3400704,256,0.984722,6.0000,,
13285,3400960,256,0.986244,6.0000,,
13286,3401216,256,0.987343,6.0000,,
13287,3401472,256,0.983767,6.0000,,
13288,3401728,256,0.990123,6.0000,,
13289,3401984,256,0.989907,6.0000,,
13290,3402240,256,0.989396,6.0000,,
13291,3402496,256,0.987227,6.0000,,
13292,3402752,256,0.984831,6.0000,,
13293,3403008,256,0.987056,6.0000,,
13294,3403264,256,0.986401,6.0000,,
13295,3403520,256,0.983764,6.0000,,
13296,3403776,256,0.988916,6.0000,,
13297,3404032,256,0.990158,6.0000,,
13298,3404288,256,0.986801,6.0000,,
13299,3404544,256,0.989731,6.0000,,
13300,3404800,256,0.982030,6.0000,0.994509,6.0000
13301,3405056,256,0.986368,6.0000,,
13302,3405312,256,0.988184,6.0000,,
13303,3405568,256,0.987769,6.0000,,
13304,3405824,256,0.990864,6.0000,,
13305,3406080,256,0.989671,6.0000,,
13306,3406336,256,0.985211,6.0000,,
13307,3406592,256,0.989721,6.0000,,
13308,3406848,256,0.982079,6.0000,,
13309,3407104,256,0.990576,6.0000,,
13310,3407360,256,0.987658,6.0000,,
13311,3407616,256,0.991693,6.0000,,
13312,3407872,256,0.987211,6.0000,,
13313,3408128,256,0.990680,6.0000,,
13314,3408384,256,0.989828,6.0000,,
13315,3408640,256,0.987949,6.0000,,
13316,3408896,256,0.990678,6.0000,,
13317,3409152,256,0.992335,6.0000,,
13318,3409408,256,0.991388,6.0000,,
13319,3409664,256,0.986755,6.0000,,
13320,3409920,256,0.987183,6.0000,,
13321,3410176,256,0.983140,6.0000,,
13322,3410432,256,0.989989,6.0000,,
13323,3410688,256,0.986796,6.0000,,
13324,3410944,256,0.987558,6.0000,,
13325,3411200,256,0.990435,6.0000,,
13326,3411456,256,0.988021,6.0000,,
13327,3411712,256,0.988196,6.0000,,
13328,3411968,256,0.990719,6.0000,,
13329,3412224,256,0.988788,6.0000,,
13330,3412480,256,0.987788,6.0000,,
13331,3412736,256,0.987498,6.0000,,
13332,3412992,256,0.987580,6.0000,,
13333,3413248,256,0.990751,6.0000,,
13334,3413504,256,0.992006,6.0000,,
13335,3413760,256,0.991166,6.0000,,
13336,3414016,256,0.992184,6.0000,,
13337,3414272,256,0.993563,6.0000,,
13338,3414528,256,0.984664,6.0000,,
13339,3414784,256,0.987979,6.0000,,
13340,3415040,256,0.984945,6.0000,,
13341,3415296,256,0.988537,6.0000,,
13342,3415552,256,0.981975,6.0000,,
13343,3415808,256,0.989983,6.0000,,
13344,3416064,256,0.991889,6.0000,,
13345,3416320,256,0.990707,6.0000,,
13346,3416576,256,0.986506,6.0000,,
13347,3416832,256,0.990421,6.0000,,
13348,3417088,256,0.980409,6.0000,,
13349,3417344,256,0.985528,6.0000,,
13350,3417600,256,0.990181,6.0000,,
13351,3417856,256,0.986662,6.0000,,
13352,3418112,256,0.987731,6.0000,,
13353,3418368,256,0.986836,6.0000,,
13354,3418624,256,0.991906,6.0000,,
13355,3418880,256,0.990906,6.0000,,
13356,3419136,256,0.985257,6.0000,,
13357,3419392,256,0.988928,6.0000,,
13358,3419648,256,0.987423,6.0000,,
13359,3419904,256,0.991649,6.0000,,
13360,3420160,256,0.988308,6.0000,,
13361,3420416,256,0.991580,6.0000,,
13362,3420672,256,0.989933,6.0000,,
13363,3420928,256,0.984342,6.0000,,
13364,3421184,256,0.989757,6.0000,,
13365,3421440,256,0.990885,6.0000,,
13366,3421696,256,0.989644,6.0000,,
13367,3421952,256,0.985193,6.0000,,
13368,3422208,256,0.984958,6.0000,,
13369,3422464,256,0.986744,6.0000,,
13370,3422720,256,0.990464,6.0000,,
13371,3422976,256,0.987018,6.0000,,
13372,3423232,256,0.988305,6.0000,,
13373,3423488,256,0.989369,6.0000,,
13374,3423744,256,0.991002,6.0000,,
13375,3424000,256,0.990338,6.0000,,
13376,3424256,256,0.988987,6.0000,,
13377,3424512,256,0.989162,6.0000,,
13378,3424768,256,0.988226,6.0000,,
13379,3425024,256,0.986921,6.0000,,
13380,3425280,256,0.990626,6.0000,,
13381,3425536,256,0.989364,6.0000,,
13382,3425792,256,0.991141,6.0000,,
13383,3426048,256,0.985672,6.0000,,
13384,3426304,256,0.991860,6.0000,,
13385,3426560,256,0.989477,6.0000,,
13386,3426816,256,0.990356,6.0000,,
13387,3427072,256,0.980874,6.0000,,
13388,3427328,256,0.989118,6.0000,,
13389,3427584,256,0.991619,6.0000,,
13390,3427840,256,0.987477,6.0000,,
13391,3428096,256,0.987600,6.0000,,
13392,3428352,256,0.988902,6.0000,,
13393,3428608,256,0.990647,6.0000,,
13394,3428864,256,0.990507,6.0000,,
13395,3429120,256,0.984899,6.0000,,
13396,3429376,256,0.988615,6.0000,,
13397,3429632,256,0.988485,6.0000,,
13398,3429888,256,0.988028,6.0000,,
13399,3430144,256,0.984207,6.0000,,
13400,3430400,256,0.991752,6.0000,0.997163,6.0000
13401,3430656,256,0.988901,6.0000,,
13402,3430912,256,0.987573,6.0000,,
13403,3431168,256,0.990838,6.0000,,
13404,3431424,256,0.992652,6.0000,,
13405,3431680,256,0.985844,6.0000,,
13406,3431936,256,0.984701,6.0000,,
13407,3432192,256,0.985306,6.0000,,
13408,3432448,256,0.983337,6.0000,,
13409,3432704,256,0.990490,6.0000,,
13410,3432960,256,0.985769,6.0000,,
13411,3433216,256,0.985757,6.0000,,
13412,3433472,256,0.989549,6.0000,,
13413,3433728,256,0.990525,6.0000,,
13414,3433984,256,0.985278,6.0000,,
13415,3434240,256,0.984587,6.0000,,
13416,3434496,256,0.990688,6.0000,,
13417,3434752,256,0.990134,6.0000,,
13418,3435008,256,0.992629,6.0000,,
13419,3435264,256,0.992495,6.0000,,
13420,3435520,256,0.989059,6.0000,,
13421,3435776,256,0.984314,6.0000,,
13422,3436032,256,0.987219,6.0000,,
13423,3436288,256,0.988724,6.0000,,
13424,3436544,256,0.989439,6.0000,,
13425,3436800,256,0.986964,6.0000,,
13426,3437056,256,0.984786,6.0000,,
13427,3437312,256,0.988270,6.0000,,
13428,3437568,256,0.985467,6.0000,,
13429,3437824,256,0.991063,6.0000,,
13430,3438080,256,0.986590,6.0000,,
13431,3438336,256,0.990730,6.0000,,
13432,3438592,256,0.984169,6.0000,,
13433,3438848,256,0.990022,6.0000,,
13434,3439104,256,0.986414,6.0000,,
13435,3439360,256,0.989560,6.0000,,
13436,3439616,256,0.988960,6.0000,,
13437,3439872,256,0.986714,6.0000,,
13438,3440128,256,0.987990,6.0000,,
13439,3440384,256,0.986957,6.0000,,
13440,3440640,256,0.991235,6.0000,,
13441,3440896,256,0.987874,6.0000,,
13442,3441152,256,0.986468,6.0000,,
13443,3441408,256,0.991701,6.0000,,
13444,3441664,256,0.988610,6.0000,,
13445,3441920,256,0.985501,6.0000,,
13446,3442176,256,0.989998,6.0000,,
13447,3442432,256,0.988350,6.0000,,
13448,3442688,256,0.990392,6.0000,,
13449,3442944,256,0.988966,6.0000,,
13450,3443200,256,0.992213,6.0000,,
13451,3443456,256,0.985807,6.0000,,
13452,3443712,256,0.991837,6.0000,,
13453,3443968,256,0.992412,6.0000,,
13454,3444224,256,0.989628,6.0000,,
13455,3444480,256,0.989686,6.0000,,
13456,3444736,256,0.988123,6.0000,,
13457,3444992,256,0.992102,6.0000,,
13458,3445248,256,0.991127,6.0000,,
13459,3445504,256,0.990505,6.0000,,
13460,3445760,256,0.986583,6.0000,,
13461,3446016,256,0.989793,6.0000,,
13462,3446272,256,0.989551,6.0000,,
13463,3446528,256,0.989311,6.0000,,
13464,3446784,256,0.990738,6.0000,,
13465,3447040,256,0.983333,6.0000,,
13466,3447296,256,0.989503,6.0000,,
13467,3447552,256,0.986564,6.0000,,
13468,3447808,256,0.989211,6.0000,,
13469,3448064,256,0.981445,6.0000,,
13470,3448320,256,0.991541,6.0000,,
13471,3448576,256,0.987445,6.0000,,
13472,3448832,256,0.991093,6.0000,,
13473,3449088,256,0.988344,6.0000,,
13474,3449344,256,0.991169,6.0000,,
13475,3449600,256,0.989440,6.0000,,
13476,3449856,256,0.988029,6.0000,,
13477,3450112,256,0.990736,6.0000,,
13478,3450368,256,0.988286,6.0000,,
13479,3450624,256,0.990373,6.0000,,
13480,3450880,256,0.991033,6.0000,,
13481,3451136,256,0.990181,6.0000,,
13482,3451392,256,0.986390,6.0000,,
13483,3451648,256,0.987973,6.0000,,
13484,3451904,256,0.991276,6.0000,,
13485,3452160,256,0.990152,6.0000,,
13486,3452416,256,0.987150,6.0000,,
13487,3452672,256,0.990301,6.0000,,
13488,3452928,256,0.983120,6.0000,,
13489,3453184,256,0.988801,6.0000,,
13490,3453440,256,0.991140,6.0000,,
13491,3453696,256,0.983635,6.0000,,
13492,3453952,256,0.980661,6.0000,,
13493,3454208,256,0.986032,6.0000,,
13494,3454464,256,0.989871,6.0000,,
13495,3454720,256,0.987221,6.0000,,
13496,3454976,256,0.978655,6.0000,,
13497,3455232,256,0.985337,6.0000,,
13498,3455488,256,0.987613,6.0000,,
13499,3455744,256,0.988511,6.0000,,
13500,3456000,256,0.991745,6.0000,0.994336,6.0000
13501,3456256,256,0.987945,6.0000,,
13502,3456512,256,0.988785,6.0000,,
13503,3456768,256,0.990059,6.0000,,
13504,3457024,256,0.986069,6.0000,,
13505,3457280,256,0.989054,6.0000,,
13506,3457536,256,0.990841,6.0000,,
13507,3457792,256,0.989448,6.0000,,
13508,3458048,256,0.989111,6.0000,,
13509,3458304,256,0.988652,6.0000,,
13510,3458560,256,0.991011,6.0000,,
13511,3458816,256,0.989313,6.0000,,
13512,3459072,256,0.988690,6.0000,,
13513,3459328,256,0.991766,6.0000,,
13514,3459584,256,0.987804,6.0000,,
13515,3459840,256,0.989962,6.0000,,
13516,3460096,256,0.987917,6.0000,,
13517,3460352,256,0.991862,6.0000,,
13518,3460608,256,0.988334,6.0000,,
13519,3460864,256,0.986852,6.0000,,
13520,3461120,256,0.990429,6.0000,,
13521,3461376,256,0.990352,6.0000,,
13522,3461632,256,0.991120,6.0000,,
13523,3461888,256,0.988151,6.0000,,
13524,3462144,256,0.990690,6.0000,,
13525,3462400,256,0.989139,6.0000,,
13526,3462656,256,0.985944,6.0000,,
13527,3462912,256,0.985647,6.0000,,
13528,3463168,256,0.985025,6.0000,,
13529,3463424,256,0.990082,6.0000,,
13530,3463680,256,0.990115,6.0000,,
13531,3463936,256,0.986534,6.0000,,
13532,3464192,256,0.990821,6.0000,,
13533,3464448,256,0.990038,6.0000,,
13534,3464704,256,0.989428,6.0000,,
13535,3464960,256,0.991475,6.0000,,
13536,3465216,256,0.992181,6.0000,,
13537,3465472,256,0.981297,6.0000,,
13538,3465728,256,0.989635,6.0000,,
13539,3465984,256,0.985216,6.0000,,
13540,3466240,256,0.988007,6.0000,,
13541,3466496,256,0.982479,6.0000,,
13542,3466752,256,0.987952,6.0000,,
13543,3467008,256,0.990862,6.0000,,
13544,3467264,256,0.984922,6.0000,,
13545,3467520,256,0.991258,6.0000,,
13546,3467776,256,0.989839,6.0000,,
13547,3468032,256,0.991823,6.0000,,
13548,3468288,256,0.990999,6.0000,,
13549,3468544,256,0.987806,6.0000,,
13550,3468800,256,0.987545,6.0000,,
13551,3469056,256,0.986637,6.0000,,
13552,3469312,256,0.988049,6.0000,,
13553,3469568,256,0.989576,6.0000,,
13554,3469824,256,0.990234,6.0000,,
13555,3470080,256,0.985231,6.0000,,
13556,3470336,256,0.989018,6.0000,,
13557,3470592,256,0.987948,6.0000,,
13558,3470848,256,0.983149,6.0000,,
13559,3471104,256,0.989728,6.0000,,
13560,3471360,256,0.983979,6.0000,,
13561,3471616,256,0.989681,6.0000,,
13562,3471872,256,0.987213,6.0000,,
13563,3472128,256,0.982512,6.0000,,
13564,3472384,256,0.989990,6.0000,,
13565,3472640,256,0.987598,6.0000,,
13566,3472896,256,0.990356,6.0000,,
13567,3473152,256,0.988310,6.0000,,
13568,3473408,256,0.988926,6.0000,,
13569,3473664,256,0.982616,6.0000,,
13570,3473920,256,0.989982,6.0000,,
13571,3474176,256,0.992032,6.0000,,
13572,3474432,256,0.987925,6.0000,,
13573,3474688,256,0.985168,6.0000,,
13574,3474944,256,0.990337,6.0000,,
13575,3475200,256,0.991331,6.0000,,
13576,3475456,256,0.988091,6.0000,,
13577,3475712,256,0.986274,6.0000,,
13578,3475968,256,0.990237,6.0000,,
13579,3476224,256,0.991178,6.0000,,
13580,3476480,256,0.988481,6.0000,,
13581,3476736,256,0.986526,6.0000,,
13582,3476992,256,0.987780,6.0000,,
13583,3477248,256,0.989257,6.0000,,
13584,3477504,256,0.986537,6.0000,,
13585,3477760,256,0.988896,6.0000,,
13586,3478016,256,0.985658,6.0000,,
13587,3478272,256,0.986822,6.0000,,
13588,3478528,256,0.980989,6.0000,,
13589,3478784,256,0.984679,6.0000,,
13590,3479040,256,0.987847,6.0000,,
13591,3479296,256,0.988213,6.0000,,
13592,3479552,256,0.980389,6.0000,,
13593,3479808,256,0.978457,6.0000,,
13594,3480064,256,0.987707,6.0000,,
13595,3480320,256,0.983015,6.0000,,
13596,3480576,256,0.985608,6.0000,,
13597,3480832,256,0.990362,6.0000,,
13598,3481088,256,0.987757,6.0000,,
13599,3481344,256,0.985314,6.0000,,
13600,3481600,256,0.982913,6.0000,0.994628,6.0000
13601,3481856,256,0.988271,6.0000,,
13602,3482112,256,0.985229,6.0000,,
13603,3482368,256,0.976197,6.0000,,
13604,3482624,256,0.986493,6.0000,,
13605,3482880,256,0.986469,6.0000,,
13606,3483136,256,0.986953,6.0000,,
13607,3483392,256,0.988043,6.0000,,
13608,3483648,256,0.987744,6.0000,,
13609,3483904,256,0.983084,6.0000,,
13610,3484160,256,0.983446,6.0000,,
13611,3484416,256,0.986456,6.0000,,
13612,3484672,256,0.990998,6.0000,,
13613,3484928,256,0.986931,6.0000,,
13614,3485184,256,0.985418,6.0000,,
13615,3485440,256,0.983245,6.0000,,
13616,3485696,256,0.986238,6.0000,,
13617,3485952,256,0.991785,6.0000,,
13618,3486208,256,0.990198,6.0000,,
13619,3486464,256,0.988285,6.0000,,
13620,3486720,256,0.990122,6.0000,,
13621,3486976,256,0.986762,6.0000,,
13622,3487232,256,0.988260,6.0000,,
13623,3487488,256,0.989565,6.0000,,
13624,3487744,256,0.991313,6.0000,,
13625,3488000,256,0.990323,6.0000,,
13626,3488256,256,0.988322,6.0000,,
13627,3488512,256,0.989256,6.0000,,
13628,3488768,256,0.990453,6.0000,,
13629,3489024,256,0.992565,6.0000,,
13630,3489280,256,0.987682,6.0000,,
13631,3489536,256,0.990844,6.0000,,
13632,3489792,256,0.985812,6.0000,,
13633,3490048,256,0.991881,6.0000,,
13634,3490304,256,0.989810,6.0000,,
13635,3490560,256,0.987284,6.0000,,
13636,3490816,256,0.987956,6.0000,,
13637,3491072,256,0.987417,6.0000,,
13638,3491328,256,0.990499,6.0000,,
13639,3491584,256,0.988250,6.0000,,
13640,3491840,256,0.986255,6.0000,,
13641,3492096,256,0.987117,6.0000,,
13642,3492352,256,0.983841,6.0000,,
13643,3492608,256,0.983811,6.0000,,
13644,3492864,256,0.988350,6.0000,,
13645,3493120,256,0.982947,6.0000,,
13646,3493376,256,0.990098,6.0000,,
13647,3493632,256,0.984282,6.0000,,
13648,3493888,256,0.986751,6.0000,,
13649,3494144,256,0.972143,6.0000,,
13650,3494400,256,0.983724,6.0000,,
13651,3494656,256,0.985747,6.0000,,
13652,3494912,256,0.981957,6.0000,,
13653,3495168,256,0.982442,6.0000,,
13654,3495424,256,0.985941,6.0000,,
13655,3495680,256,0.985940,6.0000,,
13656,3495936,256,0.985417,6.0000,,
13657,3496192,256,0.987908,6.0000,,
13658,3496448,256,0.979156,6.0000,,
13659,3496704,256,0.981972,6.0000,,
13660,3496960,256,0.979521,6.0000,,
13661,3497216,256,0.978626,6.0000,,
13662,3497472,256,0.976762,6.0000,,
13663,3497728,256,0.976343,6.0000,,
13664,3497984,256,0.986047,6.0000,,
13665,3498240,256,0.987502,6.0000,,
13666,3498496,256,0.979470,6.0000,,
13667,3498752,256,0.972749,6.0000,,
13668,3499008,256,0.980858,6.0000,,
13669,3499264,256,0.982988,6.0000,,
13670,3499520,256,0.986024,6.0000,,
13671,3499776,256,0.975889,6.0000,,
13672,3500032,256,0.986170,6.0000,,
13673,3500288,256,0.988677,6.0000,,
13674,3500544,256,0.988426,6.0000,,
13675,3500800,256,0.984273,6.0000,,
13676,3501056,256,0.987046,6.0000,,
13677,3501312,256,0.985008,6.0000,,
13678,3501568,256,0.987705,6.0000,,
13679,3501824,256,0.986331,6.0000,,
13680,3502080,256,0.983668,6.0000,,
13681,3502336,256,0.985031,6.0000,,
13682,3502592,256,0.981751,6.0000,,
13683,3502848,256,0.987173,6.0000,,
13684,3503104,256,0.985773,6.0000,,
13685,3503360,256,0.985066,6.0000,,
13686,3503616,256,0.989143,6.0000,,
13687,3503872,256,0.987324,6.0000,,
13688,3504128,256,0.987401,6.0000,,
13689,3504384,256,0.988447,6.0000,,
13690,3504640,256,0.988605,6.0000,,
13691,3504896,256,0.986463,6.0000,,
13692,3505152,256,0.987321,6.0000,,
13693,3505408,256,0.986360,6.0000,,
13694,3505664,256,0.986618,6.0000,,
13695,3505920,256,0.986017,6.0000,,
13696,3506176,256,0.989620,6.0000,,
13697,3506432,256,0.985238,6.0000,,
13698,3506688,256,0.984687,6.0000,,
13699,3506944,256,0.987252,6.0000,,
13700,3507200,256,0.990507,6.0000,0.996106,6.0000
13701,3507456,256,0.991138,6.0000,,
13702,3507712,256,0.989583,6.0000,,
13703,3507968,256,0.989146,6.0000,,
13704,3508224,256,0.988476,6.0000,,
13705,3508480,256,0.989984,6.0000,,
13706,3508736,256,0.990855,6.0000,,
13707,3508992,256,0.991974,6.0000,,
13708,3509248,256,0.988432,6.0000,,
13709,3509504,256,0.991437,6.0000,,
13710,3509760,256,0.987971,6.0000,,
13711,3510016,256,0.986607,6.0000,,
13712,3510272,256,0.990398,6.0000,,
13713,3510528,256,0.990675,6.0000,,
13714,3510784,256,0.993068,6.0000,,
13715,3511040,256,0.989823,6.0000,,
13716,3511296,256,0.986562,6.0000,,
13717,3511552,256,0.987323,6.0000,,
13718,3511808,256,0.988718,6.0000,,
13719,3512064,256,0.988227,6.0000,,
13720,3512320,256,0.990249,6.0000,,
13721,3512576,256,0.985107,6.0000,,
13722,3512832,256,0.992136,6.0000,,
13723,3513088,256,0.986983,6.0000,,
13724,3513344,256,0.988820,6.0000,,
13725,3513600,256,0.987066,6.0000,,
13726,3513856,256,0.984644,6.0000,,
13727,3514112,256,0.988540,6.0000,,
13728,3514368,256,0.990583,6.0000,,
13729,3514624,256,0.987061,6.0000,,
13730,3514880,256,0.986843,6.0000,,
13731,3515136,256,0.984458,6.0000,,
13732,3515392,256,0.989220,6.0000,,
13733,3515648,256,0.988159,6.0000,,
13734,3515904,256,0.987857,6.0000,,
13735,3516160,256,0.990316,6.0000,,
13736,3516416,256,0.989439,6.0000,,
13737,3516672,256,0.988751,6.0000,,
13738,3516928,256,0.989574,6.0000,,
13739,3517184,256,0.992525,6.0000,,
13740,3517440,256,0.990294,6.0000,,
13741,3517696,256,0.989063,6.0000,,
13742,3517952,256,0.983795,6.0000,,
13743,3518208,256,0.987557,6.0000,,
13744,3518464,256,0.987665,6.0000,,
13745,3518720,256,0.991050,6.0000,,
13746,3518976,256,0.987758,6.0000,,
13747,3519232,256,0.986626,6.0000,,
13748,3519488,256,0.991203,6.0000,,
13749,3519744,256,0.988671,6.0000,,
13750,3520000,256,0.990501,6.0000,,
13751,3520256,256,0.991362,6.0000,,
13752,3520512,256,0.991462,6.0000,,
13753,3520768,256,0.988976,6.0000,,
13754,3521024,256,0.989306,6.0000,,
13755,3521280,256,0.988305,6.0000,,
13756,3521536,256,0.987292,6.0000,,
13757,3521792,256,0.980923,6.0000,,
13758,3522048,256,0.985291,6.0000,,
13759,3522304,256,0.987013,6.0000,,
13760,3522560,256,0.986658,6.0000,,
13761,3522816,256,0.990578,6.0000,,
13762,3523072,256,0.985016,6.0000,,
13763,3523328,256,0.990489,6.0000,,
13764,3523584,256,0.987557,6.0000,,
13765,3523840,256,0.984958,6.0000,,
13766,3524096,256,0.991623,6.0000,,
13767,3524352,256,0.990440,6.0000,,
13768,3524608,256,0.990237,6.0000,,
13769,3524864,256,0.987789,6.0000,,
13770,3525120,256,0.989910,6.0000,,
13771,3525376,256,0.984873,6.0000,,
13772,3525632,256,0.993139,6.0000,,
13773,3525888,256,0.991928,6.0000,,
13774,3526144,256,0.985790,6.0000,,
13775,3526400,256,0.991942,6.0000,,
13776,3526656,256,0.988395,6.0000,,
13777,3526912,256,0.989566,6.0000,,
13778,3527168,256,0.989682,6.0000,,
13779,3527424,256,0.992568,6.0000,,
13780,3527680,256,0.992229,6.0000,,
13781,3527936,256,0.986096,6.0000,,
13782,3528192,256,0.989856,6.0000,,
13783,3528448,256,0.990159,6.0000,,
13784,3528704,256,0.985571,6.0000,,
13785,3528960,256,0.987768,6.0000,,
13786,3529216,256,0.987788,6.0000,,
13787,3529472,256,0.991354,6.0000,,
13788,3529728,256,0.990320,6.0000,,
13789,3529984,256,0.986408,6.0000,,
13790,3530240,256,0.991579,6.0000,,
13791,3530496,256,0.990763,6.0000,,
13792,3530752,256,0.989472,6.0000,,
13793,3531008,256,0.986050,6.0000,,
13794,3531264,256,0.989447,6.0000,,
13795,3531520,256,0.989324,6.0000,,
13796,3531776,256,0.988226,6.0000,,
13797,3532032,256,0.988666,6.0000,,
13798,3532288,256,0.990560,6.0000,,
13799,3532544,256,0.988360,6.0000,,
13800,3532800,256,0.988413,6.0000,0.997220,6.0000
13801,3533056,256,0.988676,6.0000,,
13802,3533312,256,0.986987,6.0000,,
13803,3533568,256,0.983756,6.0000,,
13804,3533824,256,0.991581,6.0000,,
13805,3534080,256,0.982169,6.0000,,
13806,3534336,256,0.989980,6.0000,,
13807,3534592,256,0.989851,6.0000,,
13808,3534848,256,0.988454,6.0000,,
13809,3535104,256,0.989900,6.0000,,
13810,3535360,256,0.991246,6.0000,,
13811,3535616,256,0.984564,6.0000,,
13812,3535872,256,0.989459,6.0000,,
13813,3536128,256,0.988957,6.0000,,
13814,3536384,256,0.984269,6.0000,,
13815,3536640,256,0.985620,6.0000,,
13816,3536896,256,0.984894,6.0000,,
13817,3537152,256,0.988070,6.0000,,
13818,3537408,256,0.992090,6.0000,,
13819,3537664,256,0.990800,6.0000,,
13820,3537920,256,0.992122,6.0000,,
13821,3538176,256,0.989534,6.0000,,
13822,3538432,256,0.990596,6.0000,,
13823,3538688,256,0.991013,6.0000,,
13824,3538944,256,0.987403,6.0000,,
13825,3539200,256,0.990039,6.0000,,
13826,3539456,256,0.988715,6.0000,,
13827,3539712,256,0.988157,6.0000,,
13828,3539968,256,0.989405,6.0000,,
13829,3540224,256,0.988147,6.0000,,
13830,3540480,256,0.989656,6.0000,,
13831,3540736,256,0.989091,6.0000,,
13832,3540992,256,0.983056,6.0000,,
13833,3541248,256,0.980438,6.0000,,
13834,3541504,256,0.986568,6.0000,,
13835,3541760,256,0.983369,6.0000,,
13836,3542016,256,0.991104,6.0000,,
13837,3542272,256,0.987265,6.0000,,
13838,3542528,256,0.986753,6.0000,,
13839,3542784,256,0.988683,6.0000,,
13840,3543040,256,0.987234,6.0000,,
13841,3543296,256,0.989795,6.0000,,
13842,3543552,256,0.989129,6.0000,,
13843,3543808,256,0.991083,6.0000,,
13844,3544064,256,0.985805,6.0000,,
13845,3544320,256,0.986298,6.0000,,
13846,3544576,256,0.982295,6.0000,,
13847,3544832,256,0.987046,6.0000,,
13848,3545088,256,0.975838,6.0000,,
13849,3545344,256,0.991423,6.0000,,
13850,3545600,256,0.989052,6.0000,,
13851,3545856,256,0.983760,6.0000,,
13852,3546112,256,0.988577,6.0000,,
13853,3546368,256,0.982337,6.0000,,
13854,3546624,256,0.989900,6.0000,,
13855,3546880,256,0.984864,6.0000,,
13856,3547136,256,0.987316,6.0000,,
13857,3547392,256,0.987849,6.0000,,
13858,3547648,256,0.989814,6.0000,,
13859,3547904,256,0.990142,6.0000,,
13860,3548160,256,0.987336,6.0000,,
13861,3548416,256,0.991604,6.0000,,
13862,3548672,256,0.988748,6.0000,,
13863,3548928,256,0.975922,6.0000,,
13864,3549184,256,0.985686,6.0000,,
13865,3549440,256,0.987488,6.0000,,
13866,3549696,256,0.983630,6.0000,,
13867,3549952,256,0.981484,6.0000,,
13868,3550208,256,0.978888,6.0000,,
13869,3550464,256,0.987941,6.0000,,
13870,3550720,256,0.988457,6.0000,,
13871,3550976,256,0.990333,6.0000,,
13872,3551232,256,0.989242,6.0000,,
13873,3551488,256,0.986998,6.0000,,
13874,3551744,256,0.987759,6.0000,,
13875,3552000,256,0.983730,6.0000,,
13876,3552256,256,0.981402,6.0000,,
13877,3552512,256,0.989593,6.0000,,
13878,3552768,256,0.983865,6.0000,,
13879,3553024,256,0.987461,6.0000,,
13880,3553280,256,0.990722,6.0000,,
13881,3553536,256,0.987973,6.0000,,
13882,3553792,256,0.984722,6.0000,,
13883,3554048,256,0.982480,6.0000,,
13884,3554304,256,0.989924,6.0000,,
13885,3554560,256,0.985945,6.0000,,
13886,3554816,256,0.988881,6.0000,,
13887,3555072,256,0.986826,6.0000,,
13888,3555328,256,0.986760,6.0000,,
13889,3555584,256,0.990746,6.0000,,
13890,3555840,256,0.985921,6.0000,,
13891,3556096,256,0.991056,6.0000,,
13892,3556352,256,0.988919,6.0000,,
13893,3556608,256,0.988971,6.0000,,
13894,3556864,256,0.989569,6.0000,,
13895,3557120,256,0.985727,6.0000,,
13896,3557376,256,0.987402,6.0000,,
13897,3557632,256,0.988695,6.0000,,
13898,3557888,256,0.989326,6.0000,,
13899,3558144,256,0.992045,6.0000,,
13900,3558400,256,0.985871,6.0000,0.995312,6.0000
13901,3558656,256,0.990013,6.0000,,
13902,3558912,256,0.989476,6.0000,,
13903,3559168,256,0.992120,6.0000,,
13904,3559424,256,0.990812,6.0000,,
13905,3559680,256,0.987201,6.0000,,
13906,3559936,256,0.991133,6.0000,,
13907,3560192,256,0.986753,6.0000,,
13908,3560448,256,0.991980,6.0000,,
13909,3560704,256,0.988775,6.0000,,
13910,3560960,256,0.990492,6.0000,,
13911,3561216,256,0.989259,6.0000,,
13912,3561472,256,0.991688,6.0000,,
13913,3561728,256,0.990411,6.0000,,
13914,3561984,256,0.989622,6.0000,,
13915,3562240,256,0.988502,6.0000,,
13916,3562496,256,0.990878,6.0000,,
13917,3562752,256,0.988882,6.0000,,
13918,3563008,256,0.988850,6.0000,,
13919,3563264,256,0.992147,6.0000,,
13920,3563520,256,0.987534,6.0000,,
13921,3563776,256,0.990466,6.0000,,
13922,3564032,256,0.991667,6.0000,,
13923,3564288,256,0.988582,6.0000,,
13924,3564544,256,0.986947,6.0000,,
13925,3564800,256,0.990175,6.0000,,
13926,3565056,256,0.988591,6.0000,,
13927,3565312,256,0.990156,6.0000,,
13928,3565568,256,0.989528,6.0000,,
13929,3565824,256,0.985656,6.0000,,
13930,3566080,256,0.985121,6.0000,,
13931,3566336,256,0.989858,6.0000,,
13932,3566592,256,0.987252,6.0000,,
13933,3566848,256,0.990391,6.0000,,
13934,3567104,256,0.987263,6.0000,,
13935,3567360,256,0.989740,6.0000,,
13936,3567616,256,0.990963,6.0000,,
13937,3567872,256,0.985424,6.0000,,
13938,3568128,256,0.991617,6.0000,,
13939,3568384,256,0.989408,6.0000,,
13940,3568640,256,0.985657,6.0000,,
13941,3568896,256,0.984388,6.0000,,
13942,3569152,256,0.987845,6.0000,,
13943,3569408,256,0.987219,6.0000,,
13944,3569664,256,0.988059,6.0000,,
13945,3569920,256,0.989012,6.0000,,
13946,3570176,256,0.988550,6.0000,,
13947,3570432,256,0.988472,6.0000,,
13948,3570688,256,0.990370,6.0000,,
13949,3570944,256,0.988122,6.0000,,
13950,3571200,256,0.986569,6.0000,,
13951,3571456,256,0.987948,6.0000,,
13952,3571712,256,0.987549,6.0000,,
13953,3571968,256,0.985380,6.0000,,
13954,3572224,256,0.984825,6.0000,,
13955,3572480,256,0.989497,6.0000,,
13956,3572736,256,0.985115,6.0000,,
13957,3572992,256,0.991609,6.0000,,
13958,3573248,256,0.987652,6.0000,,
13959,3573504,256,0.984141,6.0000,,
13960,3573760,256,0.980985,6.0000,,
13961,3574016,256,0.990950,6.0000,,
13962,3574272,256,0.990282,6.0000,,
13963,3574528,256,0.982946,6.0000,,
13964,3574784,256,0.986290,6.0000,,
13965,3575040,256,0.980094,6.0000,,
13966,3575296,256,0.987344,6.0000,,
13967,3575552,256,0.986040,6.0000,,
13968,3575808,256,0.989238,6.0000,,
13969,3576064,256,0.984401,6.0000,,
13970,3576320,256,0.986560,6.0000,,
13971,3576576,256,0.982716,6.0000,,
13972,3576832,256,0.988295,6.0000,,
13973,3577088,256,0.984723,6.0000,,
13974,3577344,256,0.988268,6.0000,,
13975,3577600,256,0.985900,6.0000,,
13976,3577856,256,0.980586,6.0000,,
13977,3578112,256,0.990303,6.0000,,
13978,3578368,256,0.987383,6.0000,,
13979,3578624,256,0.984356,6.0000,,
13980,3578880,256,0.985535,6.0000,,
13981,3579136,256,0.985338,6.0000,,
13982,3579392,256,0.984620,6.0000,,
13983,3579648,256,0.988148,6.0000,,
13984,3579904,256,0.986913,6.0000,,
13985,3580160,256,0.990767,6.0000,,
13986,3580416,256,0.988759,6.0000,,
13987,3580672,256,0.991401,6.0000,,
13988,3580928,256,0.986202,6.0000,,
13989,3581184,256,0.986521,6.0000,,
13990,3581440,256,0.986629,6.0000,,
13991,3581696,256,0.986921,6.0000,,
13992,3581952,256,0.984391,6.0000,,
13993,3582208,256,0.989576,6.0000,,
13994,3582464,256,0.985354,6.0000,,
13995,3582720,256,0.984301,6.0000,,
13996,3582976,256,0.985768,6.0000,,
13997,3583232,256,0.988519,6.0000,,
13998,3583488,256,0.986463,6.0000,,
13999,3583744,256,0.990209,6.0000,,
14000,3584000,256,0.988163,6.0000,0.995497,6.0000
14001,3584256,256,0.987073,6.0000,,
14002,3584512,256,0.988138,6.0000,,
14003,3584768,256,0.989942,6.0000,,
14004,3585024,256,0.990476,6.0000,,
14005,3585280,256,0.988171,6.0000,,
14006,3585536,256,0.986888,6.0000,,
14007,3585792,256,0.988936,6.0000,,
14008,3586048,256,0.990706,6.0000,,
14009,3586304,256,0.991791,6.0000,,
14010,3586560,256,0.989057,6.0000,,
14011,3586816,256,0.992595,6.0000,,
14012,3587072,256,0.987369,6.0000,,
14013,3587328,256,0.977442,6.0000,,
14014,3587584,256,0.986231,6.0000,,
14015,3587840,256,0.990492,6.0000,,
14016,3588096,256,0.990929,6.0000,,
14017,3588352,256,0.987246,6.0000,,
14018,3588608,256,0.987386,6.0000,,
14019,3588864,256,0.990136,6.0000,,
14020,3589120,256,0.991069,6.0000,,
14021,3589376,256,0.991144,6.0000,,
14022,3589632,256,0.992272,6.0000,,
14023,3589888,256,0.989800,6.0000,,
14024,3590144,256,0.988353,6.0000,,
14025,3590400,256,0.986184,6.0000,,
14026,3590656,256,0.984552,6.0000,,
14027,3590912,256,0.992934,6.0000,,
14028,3591168,256,0.991659,6.0000,,
14029,3591424,256,0.989623,6.0000,,
14030,3591680,256,0.991082,6.0000,,
14031,3591936,256,0.987591,6.0000,,
14032,3592192,256,0.991017,6.0000,,
14033,3592448,256,0.987916,6.0000,,
14034,3592704,256,0.989703,6.0000,,
14035,3592960,256,0.990513,6.0000,,
14036,3593216,256,0.994063,6.0000,,
14037,3593472,256,0.991213,6.0000,,
14038,3593728,256,0.987012,6.0000,,
14039,3593984,256,0.990496,6.0000,,
14040,3594240,256,0.987716,6.0000,,
14041,3594496,256,0.984376,6.0000,,
14042,3594752,256,0.986146,6.0000,,
14043,3595008,256,0.989184,6.0000,,
14044,3595264,256,0.989766,6.0000,,
14045,3595520,256,0.990898,6.0000,,
14046,3595776,256,0.989022,6.0000,,
14047,3596032,256,0.989838,6.0000,,
14048,3596288,256,0.989110,6.0000,,
14049,3596544,256,0.991011,6.0000,,
14050,3596800,256,0.987951,6.0000,,
14051,3597056,256,0.983209,6.0000,,
14052,3597312,256,0.988717,6.0000,,
14053,3597568,256,0.985912,6.0000,,
14054,3597824,256,0.986278,6.0000,,
14055,3598080,256,0.988921,6.0000,,
14056,3598336,256,0.989161,6.0000,,
14057,3598592,256,0.991463,6.0000,,
14058,3598848,256,0.981550,6.0000,,
14059,3599104,256,0.990815,6.0000,,
14060,3599360,256,0.988524,6.0000,,
14061,3599616,256,0.988319,6.0000,,
14062,3599872,256,0.989588,6.0000,,
14063,3600128,256,0.988584,6.0000,,
14064,3600384,256,0.988091,6.0000,,
14065,3600640,256,0.985419,6.0000,,
14066,3600896,256,0.985423,6.0000,,
14067,3601152,256,0.990665,6.0000,,
14068,3601408,256,0.981253,6.0000,,
14069,3601664,256,0.987730,6.0000,,
14070,3601920,256,0.989319,6.0000,,
14071,3602176,256,0.978055,6.0000,,
14072,3602432,256,0.979935,6.0000,,
14073,3602688,256,0.985025,6.0000,,
14074,3602944,256,0.986874,6.0000,,
14075,3603200,256,0.977301,6.0000,,
14076,3603456,256,0.981443,6.0000,,
14077,3603712,256,0.988031,6.0000,,
14078,3603968,256,0.984125,6.0000,,
14079,3604224,256,0.982451,6.0000,,
14080,3604480,256,0.985147,6.0000,,
14081,3604736,256,0.984478,6.0000,,
14082,3604992,256,0.982380,6.0000,,
14083,3605248,256,0.985562,6.0000,,
14084,3605504,256,0.983823,6.0000,,
14085,3605760,256,0.987291,6.0000,,
14086,3606016,256,0.990068,6.0000,,
14087,3606272,256,0.992108,6.0000,,
14088,3606528,256,0.986774,6.0000,,
14089,3606784,256,0.987928,6.0000,,
14090,3607040,256,0.990620,6.0000,,
14091,3607296,256,0.990751,6.0000,,
14092,3607552,256,0.991778,6.0000,,
14093,3607808,256,0.989577,6.0000,,
14094,3608064,256,0.977090,6.0000,,
14095,3608320,256,0.987946,6.0000,,
14096,3608576,256,0.990784,6.0000,,
14097,3608832,256,0.988581,6.0000,,
14098,3609088,256,0.980134,6.0000,,
14099,3609344,256,0.986322,6.0000,,
14100,3609600,256,0.990715,6.0000,0.994630,6.0000
14101,3609856,256,0.989789,6.0000,,
14102,3610112,256,0.992346,6.0000,,
14103,3610368,256,0.985435,6.0000,,
14104,3610624,256,0.988061,6.0000,,
14105,3610880,256,0.986875,6.0000,,
14106,3611136,256,0.989898,6.0000,,
14107,3611392,256,0.985417,6.0000,,
14108,3611648,256,0.985098,6.0000,,
14109,3611904,256,0.984846,6.0000,,
14110,3612160,256,0.983094,6.0000,,
14111,3612416,256,0.992036,6.0000,,
14112,3612672,256,0.988186,6.0000,,
14113,3612928,256,0.983794,6.0000,,
14114,3613184,256,0.983606,6.0000,,
14115,3613440,256,0.982259,6.0000,,
14116,3613696,256,0.990896,6.0000,,
14117,3613952,256,0.987989,6.0000,,
14118,3614208,256,0.990153,6.0000,,
14119,3614464,256,0.990102,6.0000,,
14120,3614720,256,0.989241,6.0000,,
14121,3614976,256,0.990816,6.0000,,
14122,3615232,256,0.982770,6.0000,,
14123,3615488,256,0.986228,6.0000,,
14124,3615744,256,0.989159,6.0000,,
14125,3616000,256,0.986912,6.0000,,
14126,3616256,256,0.983986,6.0000,,
14127,3616512,256,0.988266,6.0000,,
14128,3616768,256,0.991428,6.0000,,
14129,3617024,256,0.987881,6.0000,,
14130,3617280,256,0.987959,6.0000,,
14131,3617536,256,0.986272,6.0000,,
14132,3617792,256,0.990031,6.0000,,
14133,3618048,256,0.991400,6.0000,,
14134,3618304,256,0.987946,6.0000,,
14135,3618560,256,0.988997,6.0000,,
14136,3618816,256,0.990116,6.0000,,
14137,3619072,256,0.988376,6.0000,,
14138,3619328,256,0.982909,6.0000,,
14139,3619584,256,0.983811,6.0000,,
14140,3619840,256,0.987592,6.0000,,
14141,3620096,256,0.992044,6.0000,,
14142,3620352,256,0.988681,6.0000,,
14143,3620608,256,0.986879,6.0000,,
14144,3620864,256,0.987507,6.0000,,
14145,3621120,256,0.991392,6.0000,,
14146,3621376,256,0.987721,6.0000,,
14147,3621632,256,0.991871,6.0000,,
14148,3621888,256,0.990290,6.0000,,
14149,3622144,256,0.991084,6.0000,,
14150,3622400,256,0.986475,6.0000,,
14151,3622656,256,0.987369,6.0000,,
14152,3622912,256,0.990108,6.0000,,
14153,3623168,256,0.989403,6.0000,,
14154,3623424,256,0.988916,6.0000,,
14155,3623680,256,0.989901,6.0000,,
14156,3623936,256,0.991691,6.0000,,
14157,3624192,256,0.991186,6.0000,,
14158,3624448,256,0.988167,6.0000,,
14159,3624704,256,0.986049,6.0000,,
14160,3624960,256,0.990410,6.0000,,
14161,3625216,256,0.987554,6.0000,,
14162,3625472,256,0.987617,6.0000,,
14163,3625728,256,0.992579,6.0000,,
14164,3625984,256,0.987508,6.0000,,
14165,3626240,256,0.987090,6.0000,,
14166,3626496,256,0.986676,6.0000,,
14167,3626752,256,0.989990,6.0000,,
14168,3627008,256,0.984947,6.0000,,
14169,3627264,256,0.990291,6.0000,,
14170,3627520,256,0.986489,6.0000,,
14171,3627776,256,0.985821,6.0000,,
14172,3628032,256,0.991809,6.0000,,
14173,3628288,256,0.991862,6.0000,,
14174,3628544,256,0.985296,6.0000,,
14175,3628800,256,0.986529,6.0000,,
14176,3629056,256,0.990905,6.0000,,
14177,3629312,256,0.991222,6.0000,,
14178,3629568,256,0.986561,6.0000,,
14179,3629824,256,0.986327,6.0000,,
14180,3630080,256,0.985393,6.0000,,
14181,3630336,256,0.988820,6.0000,,
14182,3630592,256,0.991323,6.0000,,
14183,3630848,256,0.985254,6.0000,,
14184,3631104,256,0.986720,6.0000,,
14185,3631360,256,0.991467,6.0000,,
14186,3631616,256,0.987194,6.0000,,
14187,3631872,256,0.982329,6.0000,,
14188,3632128,256,0.985529,6.0000,,
14189,3632384,256,0.986949,6.0000,,
14190,3632640,256,0.988680,6.0000,,
14191,3632896,256,0.983681,6.0000,,
14192,3633152,256,0.987971,6.0000,,
14193,3633408,256,0.987972,6.0000,,
14194,3633664,256,0.991587,6.0000,,
14195,3633920,256,0.986105,6.0000,,
14196,3634176,256,0.986354,6.0000,,
14197,3634432,256,0.985146,6.0000,,
14198,3634688,256,0.986953,6.0000,,
14199,3634944,256,0.990215,6.0000,,
14200,3635200,256,0.980522,6.0000,0.990470,6.0000
14201,3635456,256,0.979637,6.0000,,
14202,3635712,256,0.986343,6.0000,,
14203,3635968,256,0.988062,6.0000,,
14204,3636224,256,0.983362,6.0000,,
14205,3636480,256,0.981254,6.0000,,
14206,3636736,256,0.985367,6.0000,,
14207,3636992,256,0.988673,6.0000,,
14208,3637248,256,0.986118,6.0000,,
14209,3637504,256,0.987218,6.0000,,
14210,3637760,256,0.988562,6.0000,,
14211,3638016,256,0.986891,6.0000,,
14212,3638272,256,0.987267,6.0000,,
14213,3638528,256,0.986298,6.0000,,
14214,3638784,256,0.982772,6.0000,,
14215,3639040,256,0.989163,6.0000,,
14216,3639296,256,0.990939,6.0000,,
14217,3639552,256,0.992139,6.0000,,
14218,3639808,256,0.990692,6.0000,,
14219,3640064,256,0.990041,6.0000,,
14220,3640320,256,0.992216,6.0000,,
14221,3640576,256,0.990231,6.0000,,
14222,3640832,256,0.992573,6.0000,,
14223,3641088,256,0.985826,6.0000,,
14224,3641344,256,0.990326,6.0000,,
14225,3641600,256,0.990770,6.0000,,
14226,3641856,256,0.986984,6.0000,,
14227,3642112,256,0.991835,6.0000,,
14228,3642368,256,0.987345,6.0000,,
14229,3642624,256,0.986989,6.0000,,
14230,3642880,256,0.989739,6.0000,,
14231,3643136,256,0.989702,6.0000,,
14232,3643392,256,0.989961,6.0000,,
14233,3643648,256,0.988223,6.0000,,
14234,3643904,256,0.988250,6.0000,,
14235,3644160,256,0.983785,6.0000,,
14236,3644416,256,0.991402,6.0000,,
14237,3644672,256,0.989837,6.0000,,
14238,3644928,256,0.987485,6.0000,,
14239,3645184,256,0.986851,6.0000,,
14240,3645440,256,0.984596,6.0000,,
14241,3645696,256,0.987300,6.0000,,
14242,3645952,256,0.982032,6.0000,,
14243,3646208,256,0.987916,6.0000,,
14244,3646464,256,0.987544,6.0000,,
14245,3646720,256,0.984524,6.0000,,
14246,3646976,256,0.984288,6.0000,,
14247,3647232,256,0.979774,6.0000,,
14248,3647488,256,0.985172,6.0000,,
14249,3647744,256,0.983336,6.0000,,
14250,3648000,256,0.981716,6.0000,,
14251,3648256,256,0.989327,6.0000,,
14252,3648512,256,0.983530,6.0000,,
14253,3648768,256,0.988384,6.0000,,
14254,3649024,256,0.989047,6.0000,,
14255,3649280,256,0.981446,6.0000,,
14256,3649536,256,0.988316,6.0000,,
14257,3649792,256,0.985553,6.0000,,
14258,3650048,256,0.987291,6.0000,,
14259,3650304,256,0.987006,6.0000,,
14260,3650560,256,0.989585,6.0000,,
14261,3650816,256,0.984875,6.0000,,
14262,3651072,256,0.988711,6.0000,,
14263,3651328,256,0.980325,6.0000,,
14264,3651584,256,0.986698,6.0000,,
14265,3651840,256,0.988154,6.0000,,
14266,3652096,256,0.987162,6.0000,,
14267,3652352,256,0.989072,6.0000,,
14268,3652608,256,0.984401,6.0000,,
14269,3652864,256,0.990993,6.0000,,
14270,3653120,256,0.988040,6.0000,,
14271,3653376,256,0.986823,6.0000,,
14272,3653632,256,0.985782,6.0000,,
14273,3653888,256,0.989645,6.0000,,
14274,3654144,256,0.990021,6.0000,,
14275,3654400,256,0.988834,6.0000,,
14276,3654656,256,0.990416,6.0000,,
14277,3654912,256,0.989742,6.0000,,
14278,3655168,256,0.989166,6.0000,,
14279,3655424,256,0.986248,6.0000,,
14280,3655680,256,0.988726,6.0000,,
14281,3655936,256,0.985482,6.0000,,
14282,3656192,256,0.993771,6.0000,,
14283,3656448,256,0.988804,6.0000,,
14284,3656704,256,0.989029,6.0000,,
14285,3656960,256,0.991869,6.0000,,
14286,3657216,256,0.988933,6.0000,,
14287,3657472,256,0.987055,6.0000,,
14288,3657728,256,0.991919,6.0000,,
14289,3657984,256,0.987231,6.0000,,
14290,3658240,256,0.988264,6.0000,,
14291,3658496,256,0.988141,6.0000,,
14292,3658752,256,0.990907,6.0000,,
14293,3659008,256,0.988843,6.0000,,
14294,3659264,256,0.987930,6.0000,,
14295,3659520,256,0.990683,6.0000,,
14296,3659776,256,0.988881,6.0000,,
14297,3660032,256,0.992198,6.0000,,
14298,3660288,256,0.992450,6.0000,,
14299,3660544,256,0.989760,6.0000,,
14300,3660800,256,0.988518,6.0000,0.997046,6.0000
14301,3661056,256,0.986236,6.0000,,
14302,3661312,256,0.986736,6.0000,,
14303,3661568,256,0.986710,6.0000,,
14304,3661824,256,0.992058,6.0000,,
14305,3662080,256,0.988291,6.0000,,
14306,3662336,256,0.991235,6.0000,,
14307,3662592,256,0.987558,6.0000,,
14308,3662848,256,0.991226,6.0000,,
14309,3663104,256,0.991061,6.0000,,
14310,3663360,256,0.988122,6.0000,,
14311,3663616,256,0.987136,6.0000,,
14312,3663872,256,0.983274,6.0000,,
14313,3664128,256,0.989649,6.0000,,
14314,3664384,256,0.986337,6.0000,,
14315,3664640,256,0.984650,6.0000,,
14316,3664896,256,0.977058,6.0000,,
14317,3665152,256,0.988940,6.0000,,
14318,3665408,256,0.985310,6.0000,,
14319,3665664,256,0.990761,6.0000,,
14320,3665920,256,0.982271,6.0000,,
14321,3666176,256,0.989103,6.0000,,
14322,3666432,256,0.984811,6.0000,,
14323,3666688,256,0.988256,6.0000,,
14324,3666944,256,0.988474,6.0000,,
14325,3667200,256,0.986120,6.0000,,
14326,3667456,256,0.984528,6.0000,,
14327,3667712,256,0.990331,6.0000,,
14328,3667968,256,0.987214,6.0000,,
14329,3668224,256,0.990883,6.0000,,
14330,3668480,256,0.991291,6.0000,,
14331,3668736,256,0.989901,6.0000,,
14332,3668992,256,0.988510,6.0000,,
14333,3669248,256,0.986306,6.0000,,
14334,3669504,256,0.990951,6.0000,,
14335,3669760,256,0.991994,6.0000,,
14336,3670016,256,0.991511,6.0000,,
14337,3670272,256,0.986626,6.0000,,
14338,3670528,256,0.986605,6.0000,,
14339,3670784,256,0.990218,6.0000,,
14340,3671040,256,0.989249,6.0000,,
14341,3671296,256,0.990585,6.0000,,
14342,3671552,256,0.984760,6.0000,,
14343,3671808,256,0.990338,6.0000,,
14344,3672064,256,0.978945,6.0000,,
14345,3672320,256,0.985334,6.0000,,
14346,3672576,256,0.989375,6.0000,,
14347,3672832,256,0.990552,6.0000,,
14348,3673088,256,0.989077,6.0000,,
14349,3673344,256,0.990002,6.0000,,
14350,3673600,256,0.981231,6.0000,,
14351,3673856,256,0.989667,6.0000,,
14352,3674112,256,0.990861,6.0000,,
14353,3674368,256,0.987221,6.0000,,
14354,3674624,256,0.991109,6.0000,,
14355,3674880,256,0.987903,6.0000,,
14356,3675136,256,0.989989,6.0000,,
14357,3675392,256,0.992357,6.0000,,
14358,3675648,256,0.982265,6.0000,,
14359,3675904,256,0.984083,6.0000,,
14360,3676160,256,0.988157,6.0000,,
14361,3676416,256,0.987783,6.0000,,
14362,3676672,256,0.988263,6.0000,,
14363,3676928,256,0.989450,6.0000,,
14364,3677184,256,0.982423,6.0000,,
14365,3677440,256,0.991883,6.0000,,
14366,3677696,256,0.988423,6.0000,,
14367,3677952,256,0.991314,6.0000,,
14368,3678208,256,0.991750,6.0000,,
14369,3678464,256,0.980852,6.0000,,
14370,3678720,256,0.991001,6.0000,,
14371,3678976,256,0.987761,6.0000,,
14372,3679232,256,0.991478,6.0000,,
14373,3679488,256,0.988188,6.0000,,
14374,3679744,256,0.988181,6.0000,,
14375,3680000,256,0.992243,6.0000,,
14376,3680256,256,0.985948,6.0000,,
14377,3680512,256,0.989636,6.0000,,
14378,3680768,256,0.987505,6.0000,,
14379,3681024,256,0.988862,6.0000,,
14380,3681280,256,0.981332,6.0000,,
14381,3681536,256,0.986201,6.0000,,
14382,3681792,256,0.991904,6.0000,,
14383,3682048,256,0.989957,6.0000,,
14384,3682304,256,0.988715,6.0000,,
14385,3682560,256,0.991768,6.0000,,
14386,3682816,256,0.985101,6.0000,,
14387,3683072,256,0.992675,6.0000,,
14388,3683328,256,0.993043,6.0000,,
14389,3683584,256,0.986839,6.0000,,
14390,3683840,256,0.991925,6.0000,,
14391,3684096,256,0.987702,6.0000,,
14392,3684352,256,0.990758,6.0000,,
14393,3684608,256,0.983879,6.0000,,
14394,3684864,256,0.988171,6.0000,,
14395,3685120,256,0.991646,6.0000,,
14396,3685376,256,0.988954,6.0000,,
14397,3685632,256,0.989859,6.0000,,
14398,3685888,256,0.989770,6.0000,,
14399,3686144,256,0.989314,6.0000,,
14400,3686400,256,0.987528,6.0000,0.997359,6.0000
14401,3686656,256,0.989772,6.0000,,
14402,3686912,256,0.989738,6.0000,,
14403,3687168,256,0.989376,6.0000,,
14404,3687424,256,0.990965,6.0000,,
14405,3687680,256,0.990178,6.0000,,
14406,3687936,256,0.989133,6.0000,,
14407,3688192,256,0.989763,6.0000,,
14408,3688448,256,0.989429,6.0000,,
14409,3688704,256,0.992318,6.0000,,
14410,3688960,256,0.985624,6.0000,,
14411,3689216,256,0.979955,6.0000,,
14412,3689472,256,0.988531,6.0000,,
14413,3689728,256,0.986930,6.0000,,
14414,3689984,256,0.991161,6.0000,,
14415,3690240,256,0.986521,6.0000,,
14416,3690496,256,0.992477,6.0000,,
14417,3690752,256,0.990909,6.0000,,
14418,3691008,256,0.984919,6.0000,,
14419,3691264,256,0.987795,6.0000,,
14420,3691520,256,0.987314,6.0000,,
14421,3691776,256,0.989968,6.0000,,
14422,3692032,256,0.990402,6.0000,,
14423,3692288,256,0.991096,6.0000,,
14424,3692544,256,0.989240,6.0000,,
14425,3692800,256,0.987554,6.0000,,
14426,3693056,256,0.992240,6.0000,,
14427,3693312,256,0.983096,6.0000,,
14428,3693568,256,0.988814,6.0000,,
14429,3693824,256,0.989882,6.0000,,
14430,3694080,256,0.991390,6.0000,,
14431,3694336,256,0.987773,6.0000,,
14432,3694592,256,0.986465,6.0000,,
14433,3694848,256,0.990881,6.0000,,
14434,3695104,256,0.990059,6.0000,,
14435,3695360,256,0.985391,6.0000,,
14436,3695616,256,0.988949,6.0000,,
14437,3695872,256,0.988551,6.0000,,
14438,3696128,256,0.989373,6.0000,,
14439,3696384,256,0.986132,6.0000,,
14440,3696640,256,0.990351,6.0000,,
14441,3696896,256,0.985102,6.0000,,
14442,3697152,256,0.989720,6.0000,,
14443,3697408,256,0.982866,6.0000,,
14444,3697664,256,0.991104,6.0000,,
14445,3697920,256,0.981791,6.0000,,
14446,3698176,256,0.988113,6.0000,,
14447,3698432,256,0.984795,6.0000,,
14448,3698688,256,0.990257,6.0000,,
14449,3698944,256,0.991816,6.0000,,
14450,3699200,256,0.991122,6.0000,,
14451,3699456,256,0.991421,6.0000,,
14452,3699712,256,0.987878,6.0000,,
14453,3699968,256,0.987155,6.0000,,
14454,3700224,256,0.989876,6.0000,,
14455,3700480,256,0.987844,6.0000,,
14456,3700736,256,0.987430,6.0000,,
14457,3700992,256,0.984760,6.0000,,
14458,3701248,256,0.990877,6.0000,,
14459,3701504,256,0.991657,6.0000,,
14460,3701760,256,0.992007,6.0000,,
14461,3702016,256,0.988925,6.0000,,
14462,3702272,256,0.989525,6.0000,,
14463,3702528,256,0.988343,6.0000,,
14464,3702784,256,0.990263,6.0000,,
14465,3703040,256,0.988137,6.0000,,
14466,3703296,256,0.988222,6.0000,,
14467,3703552,256,0.988031,6.0000,,
14468,3703808,256,0.985935,6.0000,,
14469,3704064,256,0.987466,6.0000,,
14470,3704320,256,0.985213,6.0000,,
14471,3704576,256,0.985877,6.0000,,
14472,3704832,256,0.989499,6.0000,,
14473,3705088,256,0.983649,6.0000,,
14474,3705344,256,0.991698,6.0000,,
14475,3705600,256,0.991305,6.0000,,
14476,3705856,2